property,opened_date,contracted_date,completed_date,signoffreceived_date,usps_id,closed_date,usps_issue_number,estimated_cost,status,priority,category,type,assignedto,project_origin,project_age,age_bucket,stage_group,is_open,project_key
"Auburn, MS",2023-01-10,,2024-01-08,,,,,,Closed,Urgent,Capital Improvement,Carpet,Brandon Davis,Internal,1198.0,90+,Closed,Closed,"Auburn, MS|2023-01-10"
"Auburn, MS",2023-01-10,,2024-01-08,,,,,,Closed,Urgent,Capital Improvement,Painting,Brandon Davis,Internal,1198.0,90+,Closed,Closed,"Auburn, MS|2023-01-10"
"Auburn, MS",2023-01-10,,2024-01-08,,,,,,Closed,Urgent,Capital Improvement,Misc. Repairs,Brandon Davis,Internal,1198.0,90+,Closed,Closed,"Auburn, MS|2023-01-10"
"Auburn, MS",2023-01-10,,2024-01-08,,,,,,Closed,Urgent,Capital Improvement,Doors,Brandon Davis,Internal,1198.0,90+,Closed,Closed,"Auburn, MS|2023-01-10"
"Auburn, MS",2023-01-10,2023-03-23,2023-04-05,,,2024-01-16,,1590.0,Closed,Urgent,Capital Improvement,Roof Repair,Brandon Davis,Internal,371.0,90+,Closed,Closed,"Auburn, MS|2023-01-10"
"Auburn, MS",2023-01-10,2023-05-24,2023-06-18,2023-06-26,,2023-07-05,,720.0,Closed,Urgent,Capital Improvement,Electrical Repairs,Brandon Davis,Internal,176.0,90+,Closed,Closed,"Auburn, MS|2023-01-10"
"Auburn, MS",2023-01-10,,2024-01-08,,,,,,Closed,Urgent,Capital Improvement,Siding,Brandon Davis,Internal,1198.0,90+,Closed,Closed,"Auburn, MS|2023-01-10"
"Auburn, MS",2023-01-10,,2024-01-08,,,,,,Closed,Urgent,Capital Improvement,Painting,Brandon Davis,Internal,1198.0,90+,Closed,Closed,"Auburn, MS|2023-01-10"
"Auburn, MS",2023-01-10,2023-05-01,2023-06-26,2023-06-27,,2023-08-08,,1550.0,Closed,Urgent,Capital Improvement,Striping,Brandon Davis,Internal,210.0,90+,Closed,Closed,"Auburn, MS|2023-01-10"
"Auburn, MS",2023-01-10,,,,,2024-07-19,,,Closed,Urgent,Capital Improvement,Masonry,Brandon Davis,Internal,556.0,90+,Closed,Closed,"Auburn, MS|2023-01-10"
"Auburn, MS",2023-01-24,2023-05-01,2023-05-09,,,2023-05-22,,770.0,Closed,Urgent,Capital Improvement,Electrical Repairs,Brandon Davis,Internal,118.0,90+,Closed,Closed,"Auburn, MS|2023-01-24"
"Auburn, MS",2023-04-10,2023-03-27,2023-03-31,,,,,240.0,Closed,Normal,Capital Improvement,Misc. Repairs,Brandon Davis,Internal,1108.0,90+,Closed,Closed,"Auburn, MS|2023-04-10"
"Auburn, MS",2023-05-07,,2023-04-30,,,2023-05-09,,1100.0,Closed,Normal,Capital Improvement,Misc. Repairs,Brandon Davis,Internal,2.0,0-30,Closed,Closed,"Auburn, MS|2023-05-07"
"Auburn, MS",2023-06-04,2023-03-27,2023-06-04,,,2023-08-15,,150.0,Closed,Normal,Capital Improvement,Misc. Repairs,Brandon Davis,Internal,72.0,61-90,Closed,Closed,"Auburn, MS|2023-06-04"
"Auburn, MS",2023-06-25,2023-05-10,2023-06-21,2023-06-25,,2023-06-27,,218.96,Closed,Normal,Capital Improvement,Misc. Repairs,Brandon Davis,Internal,2.0,0-30,Closed,Closed,"Auburn, MS|2023-06-25"
"Greenville, NC",2023-09-12,,,,,2024-02-07,,20000.0,Closed,Urgent,Capital Improvement,Doors,Mike Johnson,Internal,148.0,90+,Closed,Closed,"Greenville, NC|2023-09-12"
"Danville, MA",2024-03-01,,,,,2025-01-02,,,Closed,Urgent,Capital Improvement,HVAC Repairs,Mike Johnson,Internal,307.0,90+,Closed,Closed,"Danville, MA|2024-03-01"
"Hamilton, ND",2024-08-21,2024-10-07,2024-11-19,2024-01-21,2440068,2025-01-15,2982127,14500.0,Closed,Urgent,Capital Improvement,HVAC Replacement,Mike Johnson,USPS,147.0,90+,Closed,Closed,"Hamilton, ND|2024-08-21"
"Danville, MA",2024-09-12,,,,,,,300000.0,Assigned,Normal,Capital Improvement,HVAC Replacement,Mike Johnson,Internal,587.0,90+,Not Started,Open,"Danville, MA|2024-09-12"
"Lancaster, GA",2024-09-27,2025-02-18,2025-03-26,,,2025-09-15,,29000.0,Closed,Normal,Capital Improvement,Roof Replacement - Flat,Brandon Davis,Internal,353.0,90+,Closed,Closed,"Lancaster, GA|2024-09-27"
"Danville, MA",2024-11-06,,,,,2025-02-19,,0.0,Closed,Normal,Capital Improvement,HVAC Replacement,Mike Johnson,Internal,105.0,90+,Closed,Closed,"Danville, MA|2024-11-06"
"Greenville, NC",2024-12-02,2024-12-02,2024-12-12,2024-12-12,,2024-12-13,,1150.0,Closed,Normal,Capital Improvement,Glass,Mike Johnson,Internal,11.0,0-30,Closed,Closed,"Greenville, NC|2024-12-02"
"Springfield, NH",2024-12-31,2025-03-14,2025-04-10,,,2025-04-30,,13875.0,Closed,Normal,Capital Improvement,Roof Repair,Mike Johnson,Internal,120.0,90+,Closed,Closed,"Springfield, NH|2024-12-31"
"Hudson, MO",2025-02-06,,,,na,2025-07-10,na,,Closed,Urgent,Capital Improvement,HVAC Replacement,Mike Johnson,USPS,154.0,90+,Closed,Closed,"Hudson, MO|2025-02-06"
"Milton, MO",2025-02-27,2025-04-09,2025-06-12,,,2025-06-24,,67731.0,Closed,Normal,Capital Improvement,Roof Replacement - Flat,Mike Johnson,Internal,117.0,90+,Closed,Closed,"Milton, MO|2025-02-27"
"Norwood, ID",2025-03-01,2025-04-23,2025-07-23,,na,2025-08-06,na,42923.0,Closed,Normal,Capital Improvement,Roof Replacement - Flat,Mike Johnson,USPS,158.0,90+,Closed,Closed,"Norwood, ID|2025-03-01"
"Kingston, PA",2025-06-20,2025-08-10,2025-09-01,2025-09-02,2545818,2025-09-18,3092772,19850.0,Closed,Normal,Capital Improvement,HVAC Replacement,Sarah Williams,USPS,90.0,61-90,Closed,Closed,"Kingston, PA|2025-06-20"
"Franklin, CO",2025-06-26,2025-08-19,2025-08-20,2025-08-24,2548259,2025-09-03,3095316,896.75,Closed,Normal,Capital Improvement,Plumbing,Sarah Williams,USPS,69.0,61-90,Closed,Closed,"Franklin, CO|2025-06-26"
"Canton, NC",2025-07-08,2025-07-28,2025-08-09,2025-08-11,na,2025-10-06,na,34998.0,Closed,Urgent,Capital Improvement,Roof Replacement - Flat,Mike Johnson,USPS,90.0,61-90,Closed,Closed,"Canton, NC|2025-07-08"
"Lexington, VA",2025-07-23,,,,na,,na,115000.0,Assigned,Normal,Capital Improvement,Roof Replacement - Flat,Mike Johnson,USPS,273.0,90+,Not Started,Open,"Lexington, VA|2025-07-23"
"Newport, VA",2025-07-24,,,,na,,na,21000.0,Assigned,Normal,Capital Improvement,Roof Replacement - Shingle,Mike Johnson,USPS,272.0,90+,Not Started,Open,"Newport, VA|2025-07-24"
"Newport, VA",2025-07-24,,,,na,,na,12000.0,Assigned,Urgent,Capital Improvement,HVAC Replacement,Mike Johnson,USPS,272.0,90+,Not Started,Open,"Newport, VA|2025-07-24"
"Salem, NM",2025-07-24,2025-07-29,2025-08-11,2025-08-12,na,2025-10-06,na,17325.0,Closed,Urgent,Capital Improvement,Roof Replacement - Flat,Mike Johnson,USPS,74.0,61-90,Closed,Closed,"Salem, NM|2025-07-24"
"Salem, WI",2025-07-28,2025-07-28,2025-09-30,2025-10-09,2558021,2025-10-19,3105407,18000.0,Closed,Urgent,Capital Improvement,HVAC Replacement,Sarah Williams,USPS,83.0,61-90,Closed,Closed,"Salem, WI|2025-07-28"
"Plymouth, AR",2025-07-30,2025-09-10,,,na,,na,2410.0,Contracted,Normal,Capital Improvement,Lighting,Mike Johnson,USPS,266.0,90+,In Progress,Open,"Plymouth, AR|2025-07-30"
"Florence, NE",2025-08-12,,,,na,,na,52675.0,Assigned,Normal,Capital Improvement,Roof Replacement - Flat,Mike Johnson,USPS,253.0,90+,Not Started,Open,"Florence, NE|2025-08-12"
"Lancaster, IN",2025-08-12,2025-10-14,,,na,,na,33910.0,Contracted,Normal,Capital Improvement,Roof Replacement - Flat,Mike Johnson,USPS,253.0,90+,In Progress,Open,"Lancaster, IN|2025-08-12"
"Columbia, NY",2025-08-12,2025-09-29,,,na,,na,41503.0,Contracted,Normal,Capital Improvement,Roof Replacement - Flat,Mike Johnson,USPS,253.0,90+,In Progress,Open,"Columbia, NY|2025-08-12"
"Burlington, HI",2025-08-12,2025-09-29,,,na,,na,12240.0,Contracted,Normal,Capital Improvement,Roof Replacement - Flat,Mike Johnson,USPS,253.0,90+,In Progress,Open,"Burlington, HI|2025-08-12"
"Auburn, TN",2025-08-13,2025-09-15,2025-09-30,2025-10-01,2564522,2025-10-19,3112074,12576.0,Closed,Normal,Capital Improvement,Roof Replacement - Shingle,Mike Johnson,USPS,67.0,61-90,Closed,Closed,"Auburn, TN|2025-08-13"
"Florence, MO",2025-08-13,2025-08-24,2025-09-07,,na,2025-09-18,na,36493.0,Closed,Normal,Capital Improvement,Roof Replacement - Flat,Mike Johnson,USPS,36.0,31-60,Closed,Closed,"Florence, MO|2025-08-13"
"Hudson, WI",2025-08-13,2025-09-23,,,2564667,,3112226,80000.0,Contracted,Urgent,Capital Improvement,Roof Replacement - Flat,Mike Johnson,USPS,252.0,90+,In Progress,Open,"Hudson, WI|2025-08-13"
"Clinton, CA",2025-08-24,2025-08-31,2025-09-16,,na,2025-10-06,na,4109.0,Closed,Urgent,Capital Improvement,HVAC Replacement,Mike Johnson,USPS,43.0,31-60,Closed,Closed,"Clinton, CA|2025-08-24"
"Clayton, AK",2025-08-24,2025-08-24,2025-09-03,,na,2025-09-18,na,30120.0,Closed,Normal,Capital Improvement,Roof Replacement - Flat,Mike Johnson,USPS,25.0,0-30,Closed,Closed,"Clayton, AK|2025-08-24"
"Dover, PA",2025-08-25,,,,na,,na,2300.0,Assigned,Normal,Capital Improvement,Painting,Mike Johnson,USPS,240.0,90+,Not Started,Open,"Dover, PA|2025-08-25"
"Dover, PA",2025-08-25,,,,na,,na,2900.0,Assigned,Normal,Capital Improvement,Lighting,Mike Johnson,USPS,240.0,90+,Not Started,Open,"Dover, PA|2025-08-25"
"Dover, PA",2025-08-25,,,,na,,na,3200.0,Assigned,Normal,Capital Improvement,Glass,Mike Johnson,USPS,240.0,90+,Not Started,Open,"Dover, PA|2025-08-25"
"Dover, PA",2025-08-25,,,,na,,na,4000.0,Assigned,Normal,Capital Improvement,Roof Replacement - Shingle,Mike Johnson,USPS,240.0,90+,Not Started,Open,"Dover, PA|2025-08-25"
"Dover, PA",2025-08-25,2052-09-22,2025-10-01,,na,,na,3600.0,Closed,Urgent,Capital Improvement,Concrete,Mike Johnson,USPS,240.0,90+,Closed,Closed,"Dover, PA|2025-08-25"
"Springfield, IN",2025-08-26,,,,na,,na,12000.0,Assigned,Urgent,Capital Improvement,HVAC Replacement,Mike Johnson,USPS,239.0,90+,Not Started,Open,"Springfield, IN|2025-08-26"
"Farmington, SC",2025-08-26,,,,na,,na,9000.0,Assigned,Urgent,Capital Improvement,HVAC Replacement,Mike Johnson,USPS,239.0,90+,Not Started,Open,"Farmington, SC|2025-08-26"
"Rockville, NM",2025-08-26,,2025-09-14,,na,2025-09-14,na,0.0,Closed,Urgent,Capital Improvement,Paving (Repair),Mike Johnson,USPS,19.0,0-30,Closed,Closed,"Rockville, NM|2025-08-26"
"Rockville, NM",2025-08-26,2025-08-28,2025-10-02,,na,2025-10-19,na,19523.0,Closed,Urgent,Capital Improvement,Roof Replacement - Flat,Mike Johnson,USPS,54.0,31-60,Closed,Closed,"Rockville, NM|2025-08-26"
"Springfield, IN",2025-08-26,2025-08-28,2025-09-13,,na,2025-09-28,na,19952.0,Closed,Urgent,Capital Improvement,Roof Replacement - Flat,Mike Johnson,USPS,33.0,31-60,Closed,Closed,"Springfield, IN|2025-08-26"
"Marion, RI",2025-08-26,2025-08-28,2025-09-13,,na,,na,23749.15,Contracted,Urgent,Capital Improvement,Roof Replacement - Flat,Mike Johnson,USPS,239.0,90+,In Progress,Open,"Marion, RI|2025-08-26"
"Lancaster, MI",2025-08-28,2025-10-15,,,2570246,,3117916,13157.0,Contracted,Urgent,Capital Improvement,Roof Replacement - Shingle,Mike Johnson,USPS,237.0,90+,In Progress,Open,"Lancaster, MI|2025-08-28"
"Canton, WV",2025-09-02,,,,na,,na,10000.0,Assigned,Urgent,Capital Improvement,Paving (Replacement),Mike Johnson,USPS,232.0,90+,Not Started,Open,"Canton, WV|2025-09-02"
"Salem, TX",2025-09-10,,,,na,,na,10000.0,Assigned,Urgent,Capital Improvement,Building Repairs,Mike Johnson,USPS,224.0,90+,Not Started,Open,"Salem, TX|2025-09-10"
"Oakland, TN",2025-09-10,2025-10-07,,,na,,na,5313.0,Contracted,Urgent,Capital Improvement,HVAC Replacement,Mike Johnson,USPS,224.0,90+,In Progress,Open,"Oakland, TN|2025-09-10"
"Salem, TX",2025-09-10,2025-10-15,,,na,,na,64616.9,Deposit,Urgent,Capital Improvement,Structural,Mike Johnson,USPS,224.0,90+,In Progress,Open,"Salem, TX|2025-09-10"
"Clinton, AK",2025-09-14,2025-10-13,,,na,,na,25000.0,Contracted,Urgent,Capital Improvement,Roof Replacement - Flat,Mike Johnson,USPS,220.0,90+,In Progress,Open,"Clinton, AK|2025-09-14"
"Winchester, PA",2025-09-16,,,,,,,2500.0,Assigned,Normal,Capital Improvement,HVAC Replacement,Jessica Martin,Internal,218.0,90+,Not Started,Open,"Winchester, PA|2025-09-16"
"Danville, VA",2025-09-28,,,,,,,10000.0,Assigned,Normal,Capital Improvement,Roof Replacement - Shingle,Jessica Martin,Internal,206.0,90+,Not Started,Open,"Danville, VA|2025-09-28"
"Salem, PA",2025-09-28,,,,,,,6000.0,Assigned,Normal,Capital Improvement,HVAC Replacement,Jessica Martin,Internal,206.0,90+,Not Started,Open,"Salem, PA|2025-09-28"
"Oakland, PA",2025-09-28,,,,,,,10000.0,Assigned,Normal,Capital Improvement,Paving (Replacement),Jessica Martin,Internal,206.0,90+,Not Started,Open,"Oakland, PA|2025-09-28"
"Jackson, FL",2025-09-28,,,,,,,10000.0,Assigned,Normal,Capital Improvement,Paving (Replacement),Jessica Martin,Internal,206.0,90+,Not Started,Open,"Jackson, FL|2025-09-28"
"Jackson, VT",2025-09-28,,,,,,,10000.0,Assigned,Normal,Capital Improvement,Roof Replacement - Shingle,Jessica Martin,Internal,206.0,90+,Not Started,Open,"Jackson, VT|2025-09-28"
"Lancaster, NH",2025-09-28,,,,,,,7000.0,Assigned,Normal,Capital Improvement,HVAC Replacement,Jessica Martin,Internal,206.0,90+,Not Started,Open,"Lancaster, NH|2025-09-28"
"Edison, DE",2025-09-28,,,,,,,10000.0,Assigned,Normal,Capital Improvement,Roof Replacement - Shingle,Jessica Martin,Internal,206.0,90+,Not Started,Open,"Edison, DE|2025-09-28"
"Lancaster, UT",2025-10-01,2025-10-21,,,na,,na,3540.0,Assigned,Urgent,Capital Improvement,Roof Replacement - Shingle,Mike Johnson,USPS,203.0,90+,Not Started,Open,"Lancaster, UT|2025-10-01"
"Farmington, IL",2025-10-07,2025-10-21,,,,,,4200.0,Contracted,Normal,Capital Improvement,HVAC Replacement,Mike Johnson,Internal,197.0,90+,In Progress,Open,"Farmington, IL|2025-10-07"
"Jackson, NM",2025-10-08,2025-10-08,,,na,,na,6217.0,Contracted,Normal,Capital Improvement,HVAC Replacement,Mike Johnson,USPS,196.0,90+,In Progress,Open,"Jackson, NM|2025-10-08"
"Clayton, AK",2025-10-15,,,,na,,na,20000.0,Assigned,Urgent,Capital Improvement,Electrical Repairs,Brandon Davis,USPS,189.0,90+,Not Started,Open,"Clayton, AK|2025-10-15"
"Clayton, AK",2025-10-15,,,,na,,na,10000.0,Assigned,Urgent,Capital Improvement,Fencing,Jessica Martin,USPS,189.0,90+,Not Started,Open,"Clayton, AK|2025-10-15"
"Clayton, AK",2025-10-15,,,,na,,na,60000.0,Assigned,Urgent,Capital Improvement,Paving (Replacement),Mike Johnson,USPS,189.0,90+,Not Started,Open,"Clayton, AK|2025-10-15"
"Edison, PA",2025-10-16,,,,2584279,,3133318,5000.0,Assigned,Normal,Capital Improvement,Paving (Replacement),Jessica Martin,USPS,188.0,90+,Not Started,Open,"Edison, PA|2025-10-16"
"Norwood, NH",2025-10-21,,,,,,,18000.0,Assigned,Normal,Capital Improvement,Paving (Replacement),Kevin Miller,Internal,183.0,90+,Not Started,Open,"Norwood, NH|2025-10-21"
"Oakland, LA",2025-10-21,2025-10-21,,,na,,na,4200.0,Contracted,Normal,Capital Improvement,HVAC Replacement,Mike Johnson,USPS,183.0,90+,In Progress,Open,"Oakland, LA|2025-10-21"
"Clinton, NC",2025-10-22,2025-10-22,,,na,,na,69824.0,Contracted,Urgent,Capital Improvement,Roof Replacement - Flat,Mike Johnson,USPS,182.0,90+,In Progress,Open,"Clinton, NC|2025-10-22"
"Newport, WY",2025-10-22,2025-10-22,,,na,,na,7104.0,Deposit,Normal,Capital Improvement,Roof Replacement - Shingle,Mike Johnson,USPS,182.0,90+,In Progress,Open,"Newport, WY|2025-10-22"
"Springfield, AK",2025-10-22,2025-10-22,,,na,,na,17216.0,Deposit,Normal,Capital Improvement,Roof Replacement - Shingle,Mike Johnson,USPS,182.0,90+,In Progress,Open,"Springfield, AK|2025-10-22"
"Fairview, WI",2025-10-22,2025-10-22,,,na,,na,16935.0,Deposit,Normal,Capital Improvement,Roof Replacement - Shingle,Mike Johnson,USPS,182.0,90+,In Progress,Open,"Fairview, WI|2025-10-22"
"Danville, NM",2023-01-01,,2024-02-05,,,,,250.0,Closed,Unknown,Repair,Misc. Repairs,Brandon Davis,Internal,1207.0,90+,Closed,Closed,"Danville, NM|2023-01-01"
"Anderson, AR",2023-01-03,2023-10-12,2023-11-09,2023-11-13,2219773,2023-11-28,2750335,8708.0,Closed,Emergency,Repair,HVAC Repairs,Mike Johnson,USPS,329.0,90+,Closed,Closed,"Anderson, AR|2023-01-03"
"Lexington, WV",2023-01-05,2023-01-05,2023-01-05,2023-01-22,,2023-01-24,2751655,,Closed,Emergency,Repair,HVAC Repairs,Brandon Davis,USPS,19.0,0-30,Closed,Closed,"Lexington, WV|2023-01-05"
"Milton, MO",2023-01-08,2023-01-08,2023-01-09,2023-01-10,,2023-01-10,2750411,95.0,Closed,Emergency,Repair,Plumbing,Mike Johnson,USPS,2.0,0-30,Closed,Closed,"Milton, MO|2023-01-08"
"Springfield, WV",2023-01-08,2023-01-08,2023-01-08,2023-01-08,,2023-01-10,2752343,115.0,Closed,Emergency,Repair,Plumbing,Mike Johnson,USPS,2.0,0-30,Closed,Closed,"Springfield, WV|2023-01-08"
"Anderson, PA",2023-01-18,2023-01-18,2023-01-19,2023-01-22,2215655,2023-02-07,2746005,133.75,Closed,Urgent,Repair,Electrical Repairs,Mike Johnson,USPS,20.0,0-30,Closed,Closed,"Anderson, PA|2023-01-18"
"Auburn, FL",2023-01-18,2023-01-19,2023-01-22,2023-01-23,2202955,2023-02-01,2732702,140.0,Closed,Urgent,Repair,HVAC Repairs,Mike Johnson,USPS,14.0,0-30,Closed,Closed,"Auburn, FL|2023-01-18"
"Bloomington, AZ",2023-01-18,2023-01-19,2023-01-19,2023-01-22,2218065,2023-01-24,2748593,200.0,Closed,Urgent,Repair,HVAC Repairs,Sarah Williams,USPS,6.0,0-30,Closed,Closed,"Bloomington, AZ|2023-01-18"
"Bloomington, ME",2023-01-18,2023-04-20,2023-04-28,2023-04-30,2220665,2023-05-04,2751261,450.0,Closed,Urgent,Repair,Ceiling Tiles,Brandon Davis,USPS,106.0,90+,Closed,Closed,"Bloomington, ME|2023-01-18"
"Bloomington, WY",2023-01-18,2023-01-19,2023-02-01,2023-02-07,2221631,2023-02-14,2752185,220.0,Closed,Urgent,Repair,Electrical Repairs,Mike Johnson,USPS,27.0,0-30,Closed,Closed,"Bloomington, WY|2023-01-18"
"Bristol, GA",2023-01-18,2023-01-24,2023-01-28,2023-01-29,2220568,2023-02-07,2751147,250.0,Closed,Urgent,Repair,Paving (Repair),Mike Johnson,USPS,20.0,0-30,Closed,Closed,"Bristol, GA|2023-01-18"
"Burlington, AR",2023-01-18,2023-09-27,2023-12-04,2023-12-04,2216448,,2746969,1800.0,Closed,Urgent,Repair,Siding,Mike Johnson,USPS,1190.0,90+,Closed,Closed,"Burlington, AR|2023-01-18"
"Burlington, AR",2023-01-18,,,2023-01-18,2218921,2023-01-18,2749510,,Closed,Urgent,Repair,Plumbing,Sarah Williams,USPS,0.0,0-30,Closed,Closed,"Burlington, AR|2023-01-18"
"Canton, DE",2023-01-18,2023-01-19,2023-01-22,2023-01-24,2217885,2023-01-24,2748339,322.5,Closed,Urgent,Repair,HVAC Repairs,Mike Johnson,USPS,6.0,0-30,Closed,Closed,"Canton, DE|2023-01-18"
"Centerville, RI",2023-01-18,,,,2217401,2023-01-18,2747846,,Closed,Urgent,Repair,HVAC Repairs,Mike Johnson,USPS,0.0,0-30,Closed,Closed,"Centerville, RI|2023-01-18"
"Clinton, OK",2023-01-18,2023-08-13,2023-08-22,2023-08-27,2223591,2023-08-28,2754200,794.2,Closed,Urgent,Repair,Misc. Repairs,Brandon Davis,USPS,222.0,90+,Closed,Closed,"Clinton, OK|2023-01-18"
"Dayton, NE",2023-01-18,2023-02-13,2023-02-13,2023-02-14,2216872,2023-02-22,2747265,185.0,Closed,Urgent,Repair,Plumbing,Sarah Williams,USPS,35.0,31-60,Closed,Closed,"Dayton, NE|2023-01-18"
"Dover, VT",2023-01-18,2023-01-19,2023-01-26,2023-05-10,2222297,2023-05-18,2752850,,Closed,Urgent,Repair,Roof Repair,Sarah Williams,USPS,120.0,90+,Closed,Closed,"Dover, VT|2023-01-18"
"Edison, WY",2023-01-18,2023-01-26,2023-01-30,2023-02-01,2223733,2023-02-01,2754377,0.0,Closed,Urgent,Repair,Roof Repair,Mike Johnson,USPS,14.0,0-30,Closed,Closed,"Edison, WY|2023-01-18"
"Franklin, DE",2023-01-18,2023-01-26,2023-01-31,2023-01-31,2223555,2023-02-07,2754239,700.0,Closed,Urgent,Repair,Striping,Mike Johnson,USPS,20.0,0-30,Closed,Closed,"Franklin, DE|2023-01-18"
"Franklin, DE",2023-01-18,2023-02-26,2023-04-06,2023-04-09,2223555,2023-04-11,2754188,347.37,Closed,Normal,Repair,Painting,Mike Johnson,USPS,83.0,61-90,Closed,Closed,"Franklin, DE|2023-01-18"
"Norwood, HI",2023-01-18,2023-01-25,2023-02-01,2023-02-12,2217137,2023-04-11,2747598,686.0,Closed,Urgent,Repair,Roof Repair,Sarah Williams,USPS,83.0,61-90,Closed,Closed,"Norwood, HI|2023-01-18"
"Arlington, UT",2023-01-24,2023-01-26,2023-02-06,2023-02-14,2226767,2023-03-06,2757593,,Closed,Urgent,Repair,Roof Repair,Sarah Williams,USPS,41.0,31-60,Closed,Closed,"Arlington, UT|2023-01-24"
"Fairview, ME",2023-01-24,2023-01-26,2023-03-15,,2224676,2023-03-28,2755377,,Closed,Urgent,Repair,Flooring,Brandon Davis,USPS,63.0,61-90,Closed,Closed,"Fairview, ME|2023-01-24"
"Hamilton, AZ",2023-01-24,2023-02-02,2023-02-12,2023-02-21,2228207,2023-02-22,2759005,645.7,Closed,Normal,Repair,Electrical Repairs,Sarah Williams,USPS,29.0,0-30,Closed,Closed,"Hamilton, AZ|2023-01-24"
"Plymouth, CA",2023-01-24,,2024-10-04,2024-10-04,2228233,,2759041,,Closed,Normal,Repair,Misc. Repairs,Mike Johnson,USPS,1184.0,90+,Closed,Closed,"Plymouth, CA|2023-01-24"
"Salem, NM",2023-01-24,2023-02-28,2023-03-08,2023-03-08,2227207,2023-03-14,2758113,125.0,Closed,Urgent,Repair,Gutters,Mike Johnson,USPS,49.0,31-60,Closed,Closed,"Salem, NM|2023-01-24"
"Springfield, TN",2023-01-24,2023-06-15,2023-06-20,2023-06-25,2228377,2023-06-27,2759168,300.0,Closed,Urgent,Repair,Doors,Brandon Davis,USPS,154.0,90+,Closed,Closed,"Springfield, TN|2023-01-24"
"Auburn, FL",2023-01-29,2023-02-26,2023-07-02,2023-07-10,2228709,2023-07-18,2759546,800.0,Closed,Urgent,Repair,Painting,Mike Johnson,USPS,170.0,90+,Closed,Closed,"Auburn, FL|2023-01-29"
"Edison, WY",2023-01-29,2023-01-31,2023-02-13,2023-02-15,2229104,2023-02-15,2760030,145.0,Closed,Urgent,Repair,Plumbing,Mike Johnson,USPS,17.0,0-30,Closed,Closed,"Edison, WY|2023-01-29"
"Edison, WY",2023-01-29,2023-01-31,2023-02-02,2023-02-06,2229137,2023-02-14,2759962,367.48,Closed,Urgent,Repair,Electrical Repairs,Mike Johnson,USPS,16.0,0-30,Closed,Closed,"Edison, WY|2023-01-29"
"Franklin, DE",2023-01-29,2023-03-09,2023-04-06,2023-04-09,2228776,2023-04-11,2759611,173.69,Closed,Urgent,Repair,Plumbing,Mike Johnson,USPS,72.0,61-90,Closed,Closed,"Franklin, DE|2023-01-29"
"Georgetown, NC",2023-01-29,2023-03-01,2023-03-16,2023-05-01,2228966,2023-05-01,2759794,,Closed,Urgent,Repair,Gutters,Sarah Williams,USPS,92.0,90+,Closed,Closed,"Georgetown, NC|2023-01-29"
"Hamilton, ND",2023-01-29,2023-02-02,2023-02-21,2023-02-22,2229782,2023-03-14,2760691,320.0,Closed,Urgent,Repair,Roof Repair,Mike Johnson,USPS,44.0,31-60,Closed,Closed,"Hamilton, ND|2023-01-29"
"Lexington, WV",2023-01-29,2023-01-29,2023-01-30,,2228478,2023-03-29,2759208,,Closed,Urgent,Repair,Plumbing,Brandon Davis,USPS,59.0,31-60,Closed,Closed,"Lexington, WV|2023-01-29"
"Troy, AL",2023-01-29,2023-05-31,2023-06-28,2023-07-16,2226383,2023-07-18,2757170,543.0,Closed,Urgent,Repair,Roof Repair,Brandon Davis,USPS,170.0,90+,Closed,Closed,"Troy, AL|2023-01-29"
"Winchester, GA",2023-01-29,2023-03-21,2023-03-24,2023-04-05,2226793,2023-05-02,2757570,80.0,Closed,Urgent,Repair,Roof Repair,Sarah Williams,USPS,93.0,90+,Closed,Closed,"Winchester, GA|2023-01-29"
"Dayton, NE",2023-01-31,,,,,,,150.0,Closed,Normal,Repair,Snow Removal,Ashley Thompson,Internal,1177.0,90+,Closed,Closed,"Dayton, NE|2023-01-31"
"Georgetown, CT",2023-01-31,2023-06-18,2023-06-22,2023-06-25,2231122,2023-06-27,2762174,6154.0,Closed,Urgent,Repair,Drive Thru,Mike Johnson,USPS,147.0,90+,Closed,Closed,"Georgetown, CT|2023-01-31"
"Auburn, FL",2023-02-02,2023-02-02,2023-02-02,2023-02-16,,2023-02-22,,370.0,Closed,Urgent,Repair,HVAC Repairs,Mike Johnson,Internal,20.0,0-30,Closed,Closed,"Auburn, FL|2023-02-02"
"Auburn, FL",2023-02-05,2023-02-07,2023-02-07,2023-02-20,2232654,2023-03-22,2763667,143.0,Closed,Urgent,Repair,Plumbing,Mike Johnson,USPS,45.0,31-60,Closed,Closed,"Auburn, FL|2023-02-05"
"Auburn, MS",2023-02-05,2023-01-24,2023-03-28,,,2024-01-02,,74.9,Closed,Normal,Repair,Pest Control,Ashley Thompson,Internal,331.0,90+,Closed,Closed,"Auburn, MS|2023-02-05"
"Clinton, OK",2023-02-05,2023-05-25,2023-07-24,2023-07-25,2230380,2023-08-21,2761277,2085.18,Closed,Urgent,Repair,Doors,Brandon Davis,USPS,197.0,90+,Closed,Closed,"Clinton, OK|2023-02-05"
"Georgetown, PA",2023-02-05,2023-02-07,2023-02-07,2023-02-20,2231378,2024-02-07,2762361,147.36,Closed,Urgent,Repair,Electrical Repairs,Mike Johnson,USPS,367.0,90+,Closed,Closed,"Georgetown, PA|2023-02-05"
"Salem, VT",2023-02-05,2023-05-04,2023-06-12,2023-07-10,2232012,2023-08-01,2762980,9500.0,Closed,Urgent,Repair,Flooring,Mike Johnson,USPS,177.0,90+,Closed,Closed,"Salem, VT|2023-02-05"
"Winchester, GA",2023-02-05,2023-02-07,2023-02-08,2023-02-08,2230694,2023-02-14,2761587,238.95,Closed,Urgent,Repair,Plumbing,Sarah Williams,USPS,9.0,0-30,Closed,Closed,"Winchester, GA|2023-02-05"
"Ashland, WA",2023-02-06,,2023-03-07,2023-03-07,2232078,2023-03-07,2763107,0.0,Closed,Urgent,Repair,Doors,Mike Johnson,USPS,29.0,0-30,Closed,Closed,"Ashland, WA|2023-02-06"
"Florence, WA",2023-02-07,,,,,2024-01-02,,238.62,Closed,Normal,Repair,Janitorial,Ashley Thompson,Internal,329.0,90+,Closed,Closed,"Florence, WA|2023-02-07"
"Bloomington, VA",2023-02-09,2023-03-29,2023-06-10,2023-06-11,2233427,2023-06-27,2764484,700.0,Closed,Urgent,Repair,Drive Thru,Mike Johnson,USPS,138.0,90+,Closed,Closed,"Bloomington, VA|2023-02-09"
"Edison, CT",2023-02-09,2024-07-16,2024-08-27,2024-08-27,2233672,2024-09-06,2764725,,Closed,Urgent,Repair,Flooring,Sarah Williams,USPS,575.0,90+,Closed,Closed,"Edison, CT|2023-02-09"
"Edison, CT",2023-02-09,2023-02-09,2023-02-21,2023-02-28,2233642,2023-03-06,2764703,134.51,Closed,Urgent,Repair,Electrical Repairs,Mike Johnson,USPS,25.0,0-30,Closed,Closed,"Edison, CT|2023-02-09"
"Hamilton, WA",2023-02-09,2023-02-14,2023-02-15,2023-02-16,2233635,2023-02-22,2764695,350.0,Closed,Urgent,Repair,Plumbing,Mike Johnson,USPS,13.0,0-30,Closed,Closed,"Hamilton, WA|2023-02-09"
"Lexington, WV",2023-02-09,2023-02-12,2023-02-21,2023-03-27,2233562,2023-03-29,2764636,231.5,Closed,Urgent,Repair,Plumbing,Brandon Davis,USPS,48.0,31-60,Closed,Closed,"Lexington, WV|2023-02-09"
"Burlington, NH",2023-02-12,2023-02-16,2023-03-01,2023-03-01,2234837,2023-03-14,2765942,314.0,Closed,Urgent,Repair,Doors,Mike Johnson,USPS,30.0,0-30,Closed,Closed,"Burlington, NH|2023-02-12"
"Fairview, MD",2023-02-12,2023-03-08,,,2063180,2025-03-02,2581660,,Closed,Urgent,Repair,Flooring,Sarah Williams,USPS,749.0,90+,Closed,Closed,"Fairview, MD|2023-02-12"
"Fairview, NY",2023-02-12,2023-03-14,2023-05-29,2023-05-30,2065949,2023-05-30,2585291,0.0,Closed,Urgent,Repair,Ceiling Tiles,Mike Johnson,USPS,107.0,90+,Closed,Closed,"Fairview, NY|2023-02-12"
"Franklin, AL",2023-02-12,2023-02-13,2023-03-29,2023-04-05,2234039,2023-05-18,2765135,,Closed,Urgent,Repair,Roof Repair,Sarah Williams,USPS,95.0,90+,Closed,Closed,"Franklin, AL|2023-02-12"
"Gainesville, MI",2023-02-12,2023-04-12,2023-03-29,2023-05-03,2235851,2023-05-02,2767020,85.0,Closed,Emergency,Repair,HVAC Repairs,Mike Johnson,USPS,79.0,61-90,Closed,Closed,"Gainesville, MI|2023-02-12"
"Columbia, OR",2023-02-13,,2023-12-26,,,2024-01-02,,100.5,Closed,Normal,Repair,Pest Control,Ashley Thompson,Internal,323.0,90+,Closed,Closed,"Columbia, OR|2023-02-13"
"Arlington, HI",2023-02-14,2023-02-27,2023-03-19,2023-03-26,2233832,2023-03-28,2764915,255.1,Closed,Urgent,Repair,Vandalism,Mike Johnson,USPS,42.0,31-60,Closed,Closed,"Arlington, HI|2023-02-14"
"Canton, NC",2023-02-14,2023-02-26,2023-03-30,2023-05-11,2234975,,2766111,800.0,Closed,Urgent,Repair,Roof Repair,Mike Johnson,USPS,1163.0,90+,Closed,Closed,"Canton, NC|2023-02-14"
"Fairview, NY",2023-02-14,2023-03-14,2023-05-29,2023-05-30,,2023-06-06,2585292,2131.37,Closed,Normal,Repair,Misc. Repairs,Mike Johnson,USPS,112.0,90+,Closed,Closed,"Fairview, NY|2023-02-14"
"Norwood, ID",2023-02-14,2023-02-14,2023-02-15,2023-02-20,2236974,2023-02-22,2768220,610.0,Closed,Urgent,Repair,HVAC Repairs,Mike Johnson,USPS,8.0,0-30,Closed,Closed,"Norwood, ID|2023-02-14"
"Edison, NC",2023-02-16,2023-02-16,2023-04-02,2023-04-02,2234775,2023-04-11,2765842,1050.0,Closed,Urgent,Repair,Painting,Mike Johnson,USPS,54.0,31-60,Closed,Closed,"Edison, NC|2023-02-16"
"Farmington, MT",2023-02-16,2023-03-01,2023-04-24,2023-05-01,2235920,2023-05-16,2767070,450.0,Closed,Urgent,Repair,Roof Repair,Sarah Williams,USPS,89.0,61-90,Closed,Closed,"Farmington, MT|2023-02-16"
"Franklin, SC",2023-02-16,2023-03-22,2023-04-12,2023-04-18,2234607,2023-04-25,2765754,675.0,Closed,Urgent,Repair,Roof Repair,Sarah Williams,USPS,68.0,61-90,Closed,Closed,"Franklin, SC|2023-02-16"
"Hamilton, CT",2023-02-16,2023-08-16,2023-10-15,2023-10-29,2235356,2023-10-31,2766494,2350.0,Closed,Urgent,Repair,Painting,Brandon Davis,USPS,257.0,90+,Closed,Closed,"Hamilton, CT|2023-02-16"
"Hamilton, CT",2023-02-16,2023-06-11,2023-08-03,2023-08-14,2235325,2023-08-14,2766483,171.78,Closed,Urgent,Repair,Doors,Brandon Davis,USPS,179.0,90+,Closed,Closed,"Hamilton, CT|2023-02-16"
"Hamilton, CT",2023-02-16,2023-08-17,2023-10-15,,2235326,2024-02-06,2766484,,Closed,Urgent,Repair,Doors,Brandon Davis,USPS,355.0,90+,Closed,Closed,"Hamilton, CT|2023-02-16"
"Jackson, LA",2023-02-16,2023-05-24,2023-06-25,2023-06-27,2236315,2023-07-05,2767539,300.0,Closed,Urgent,Repair,Roof Repair,Mike Johnson,USPS,139.0,90+,Closed,Closed,"Jackson, LA|2023-02-16"
"Lexington, WI",2023-02-16,2023-10-22,2023-11-01,2023-11-02,2236725,2024-02-22,2768038,,Closed,Urgent,Repair,Gutters,Brandon Davis,USPS,371.0,90+,Closed,Closed,"Lexington, WI|2023-02-16"
"Norwood, HI",2023-02-16,2023-04-04,2023-04-16,2023-04-16,2236000,2024-02-06,2767108,450.0,Closed,Urgent,Repair,Ceiling Tiles,Brandon Davis,USPS,355.0,90+,Closed,Closed,"Norwood, HI|2023-02-16"
"Danville, NM",2023-02-17,2023-03-06,2023-03-06,2023-03-06,2238035,2023-03-06,2769320,,Closed,Urgent,Repair,Doors,Brandon Davis,USPS,17.0,0-30,Closed,Closed,"Danville, NM|2023-02-17"
"Clayton, CO",2023-02-19,,2023-02-20,2023-02-21,2236842,2023-02-21,2768113,,Closed,Urgent,Repair,Electrical Repairs,Brandon Davis,USPS,2.0,0-30,Closed,Closed,"Clayton, CO|2023-02-19"
"Clinton, GA",2023-02-19,,2023-02-21,2023-02-21,2236902,2023-02-21,2768157,,Closed,Urgent,Repair,Flooring,Brandon Davis,USPS,2.0,0-30,Closed,Closed,"Clinton, GA|2023-02-19"
"Fairview, AL",2023-02-19,,,2023-03-09,2237292,2023-03-09,2768571,,Closed,Urgent,Repair,Plumbing,Sarah Williams,USPS,18.0,0-30,Closed,Closed,"Fairview, AL|2023-02-19"
"Norwood, ID",2023-02-19,2023-05-22,2023-06-05,2023-06-07,2236792,2023-07-05,2768218,1200.0,Closed,Urgent,Repair,Paving (Repair),Mike Johnson,USPS,136.0,90+,Closed,Closed,"Norwood, ID|2023-02-19"
"Norwood, ID",2023-02-19,2023-05-15,2023-05-23,,2236973,2024-02-07,2768219,500.0,Closed,Urgent,Repair,Doors,Mike Johnson,USPS,353.0,90+,Closed,Closed,"Norwood, ID|2023-02-19"
"Anderson, MN",2023-02-22,2023-03-19,2023-03-30,2023-04-02,2238576,2023-03-22,2769844,550.0,Closed,Urgent,Repair,Ceiling Tiles,Sarah Williams,USPS,28.0,0-30,Closed,Closed,"Anderson, MN|2023-02-22"
"Anderson, MN",2023-02-22,2023-09-07,2023-09-28,2023-10-05,2238570,2023-10-05,2769893,0.0,Closed,Urgent,Repair,Ceiling Tiles,Sarah Williams,USPS,225.0,90+,Closed,Closed,"Anderson, MN|2023-02-22"
"Auburn, FL",2023-02-23,2023-02-26,2023-03-03,2023-03-14,2239186,2023-03-22,2770543,850.0,Closed,Urgent,Repair,Painting,Mike Johnson,USPS,27.0,0-30,Closed,Closed,"Auburn, FL|2023-02-23"
"Carrollton, OH",2023-02-23,2023-03-08,2023-03-19,2023-03-27,2239434,2023-04-24,2770803,,Closed,Urgent,Repair,Roof Repair,Sarah Williams,USPS,60.0,31-60,Closed,Closed,"Carrollton, OH|2023-02-23"
"Dover, VT",2023-02-23,2023-03-07,2023-03-08,2023-03-13,2239592,2023-03-28,2770973,85.0,Closed,Urgent,Repair,Plumbing,Mike Johnson,USPS,33.0,31-60,Closed,Closed,"Dover, VT|2023-02-23"
"Winchester, NV",2023-02-23,2023-05-18,,,2239942,,2771353,,Closed,Urgent,Repair,Gutters,Brandon Davis,USPS,1154.0,90+,Closed,Closed,"Winchester, NV|2023-02-23"
"Bristol, OH",2023-02-27,2023-03-09,2023-03-20,2023-03-20,2240269,2023-03-22,2771662,250.0,Closed,Urgent,Repair,Structural,Brandon Davis,USPS,23.0,0-30,Closed,Closed,"Bristol, OH|2023-02-27"
"Greenville, IL",2023-02-27,,,,2240939,2023-03-29,2772417,,Closed,Urgent,Repair,Paving (Repair),Brandon Davis,USPS,30.0,0-30,Closed,Closed,"Greenville, IL|2023-02-27"
"Oxford, NH",2023-02-27,2023-03-07,2023-03-12,2023-03-13,2240876,2023-04-25,2772370,119.5,Closed,Urgent,Repair,HVAC Repairs,Mike Johnson,USPS,57.0,31-60,Closed,Closed,"Oxford, NH|2023-02-27"
"Bloomington, MS",2023-03-02,,2023-05-07,2023-06-11,2242193,2023-09-26,2773787,,Closed,Urgent,Repair,Roof Repair,Sarah Williams,USPS,208.0,90+,Closed,Closed,"Bloomington, MS|2023-03-02"
"Franklin, GA",2023-03-02,2023-05-17,2023-05-21,2023-07-26,2241491,2023-07-26,2772979,0.0,Closed,Urgent,Repair,Misc. Repairs,Brandon Davis,USPS,146.0,90+,Closed,Closed,"Franklin, GA|2023-03-02"
"Auburn, FL",2023-03-05,2023-06-08,,2023-06-27,2228752,2023-06-27,2759571,0.0,Closed,Urgent,Repair,Painting,Mike Johnson,USPS,114.0,90+,Closed,Closed,"Auburn, FL|2023-03-05"
"Madison, NE",2023-03-05,2023-03-12,2023-03-15,2023-03-16,2240242,2023-03-22,2771697,219.0,Closed,Urgent,Repair,Plumbing,Brandon Davis,USPS,17.0,0-30,Closed,Closed,"Madison, NE|2023-03-05"
"Dayton, LA",2023-03-06,2023-05-08,2023-05-30,2023-06-19,,2023-08-15,,100.0,Closed,Urgent,Repair,Roof Repair,Brandon Davis,Internal,162.0,90+,Closed,Closed,"Dayton, LA|2023-03-06"
"Albany, NC",2023-03-07,2023-03-28,2023-03-29,2023-04-06,2243725,2023-04-11,2775511,450.0,Closed,Urgent,Repair,Roof Repair,Sarah Williams,USPS,35.0,31-60,Closed,Closed,"Albany, NC|2023-03-07"
"Arlington, ID",2023-03-07,2023-06-26,2023-07-13,2023-07-18,2242346,2023-07-18,2774051,625.5,Closed,Urgent,Repair,Gutters,Sarah Williams,USPS,133.0,90+,Closed,Closed,"Arlington, ID|2023-03-07"
"Auburn, TN",2023-03-07,2023-03-08,2023-03-09,2023-03-12,2243118,2023-03-14,2774726,149.32,Closed,Urgent,Repair,Electrical Repairs,Mike Johnson,USPS,7.0,0-30,Closed,Closed,"Auburn, TN|2023-03-07"
"Clinton, GA",2023-03-07,2023-03-12,2023-03-14,2023-03-16,2243741,2023-03-22,2775361,400.0,Closed,Urgent,Repair,Doors,Brandon Davis,USPS,15.0,0-30,Closed,Closed,"Clinton, GA|2023-03-07"
"Georgetown, IL",2023-03-07,2023-04-02,2023-04-03,2023-04-06,2095967,2023-04-11,2617792,175.0,Closed,Urgent,Repair,Doors,Sarah Williams,USPS,35.0,31-60,Closed,Closed,"Georgetown, IL|2023-03-07"
"Hamilton, WA",2023-03-07,2023-03-15,2023-03-15,2023-03-28,2243851,2023-04-04,2775543,750.0,Closed,Urgent,Repair,Roof Repair,Mike Johnson,USPS,28.0,0-30,Closed,Closed,"Hamilton, WA|2023-03-07"
"Lancaster, OK",2023-03-07,2023-03-13,2023-03-17,2023-03-19,2242722,2023-03-22,2774375,172.0,Closed,Urgent,Repair,Roof Repair,Sarah Williams,USPS,15.0,0-30,Closed,Closed,"Lancaster, OK|2023-03-07"
"Norwood, NJ",2023-03-07,,2023-03-13,2023-03-13,2242842,2023-03-13,2774479,0.0,Closed,Urgent,Repair,Roof Repair,Mike Johnson,USPS,6.0,0-30,Closed,Closed,"Norwood, NJ|2023-03-07"
"Norwood, NJ",2023-03-07,,2023-03-13,2023-03-13,2242833,2023-03-13,2774469,0.0,Closed,Urgent,Repair,Roof Repair,Mike Johnson,USPS,6.0,0-30,Closed,Closed,"Norwood, NJ|2023-03-07"
"Oakland, OR",2023-03-07,2023-06-12,2023-06-13,2023-06-14,2243193,2023-06-19,2774824,50.0,Closed,Urgent,Repair,Gutters,Mike Johnson,USPS,104.0,90+,Closed,Closed,"Oakland, OR|2023-03-07"
"Salem, NM",2023-03-07,2023-11-15,2023-12-07,2023-12-07,2241533,2024-02-13,2773065,,Closed,Urgent,Repair,Roof Repair,Brandon Davis,USPS,343.0,90+,Closed,Closed,"Salem, NM|2023-03-07"
"Springfield, NV",2023-03-07,2023-03-28,2023-03-31,2024-01-16,2242892,2024-02-11,2774533,,Closed,Urgent,Repair,Roof Repair,Sarah Williams,USPS,341.0,90+,Closed,Closed,"Springfield, NV|2023-03-07"
"Anderson, VA",2023-03-09,2023-04-02,2023-04-03,2023-05-23,2244406,,2776118,100.0,Closed,Urgent,Repair,Flooring,Brandon Davis,USPS,1140.0,90+,Closed,Closed,"Anderson, VA|2023-03-09"
"Burlington, MN",2023-03-09,2023-03-12,2023-03-13,2023-03-13,,2023-03-14,,180.0,Closed,Urgent,Repair,Electrical Repairs,Brandon Davis,Internal,5.0,0-30,Closed,Closed,"Burlington, MN|2023-03-09"
"Burlington, NH",2023-03-09,2023-04-17,2023-04-19,2023-04-30,2244328,2023-05-02,2776067,350.0,Closed,Urgent,Repair,Electrical Repairs,Brandon Davis,USPS,54.0,31-60,Closed,Closed,"Burlington, NH|2023-03-09"
"Georgetown, SD",2023-03-09,2023-03-19,2023-12-14,2023-12-17,2244199,2023-12-19,2775997,,Closed,Urgent,Repair,Electrical Repairs,Brandon Davis,USPS,285.0,90+,Closed,Closed,"Georgetown, SD|2023-03-09"
"Hudson, MS",2023-03-09,2023-05-16,2023-05-29,2023-05-30,2244146,2023-05-31,2775866,400.0,Closed,Urgent,Repair,Roof Repair,Brandon Davis,USPS,83.0,61-90,Closed,Closed,"Hudson, MS|2023-03-09"
"Salem, SC",2023-03-09,2023-05-18,2023-06-21,2023-06-27,2244586,2023-08-14,2776411,46900.0,Closed,Urgent,Repair,Roof Repair,Mike Johnson,USPS,158.0,90+,Closed,Closed,"Salem, SC|2023-03-09"
"Anderson, FL",2023-03-12,2023-04-16,2023-04-26,2023-05-02,2244749,2023-05-04,2776525,50.0,Closed,Urgent,Repair,Gutters,Brandon Davis,USPS,53.0,31-60,Closed,Closed,"Anderson, FL|2023-03-12"
"Danville, CO",2023-03-12,2023-03-16,2023-03-23,2023-03-27,2244932,2023-03-28,2776628,257.99,Closed,Urgent,Repair,Doors,Mike Johnson,USPS,16.0,0-30,Closed,Closed,"Danville, CO|2023-03-12"
"Franklin, GA",2023-03-12,2023-04-19,2023-07-25,2023-08-17,2245061,2023-10-17,2776871,6078.91,Closed,Urgent,Repair,Paving (Repair),Mike Johnson,USPS,219.0,90+,Closed,Closed,"Franklin, GA|2023-03-12"
"Fremont, WY",2023-03-12,2023-03-27,2023-03-28,2023-03-28,2244836,2023-03-29,2776611,158.0,Closed,Urgent,Repair,Storm/Flood Cleanup,Brandon Davis,USPS,17.0,0-30,Closed,Closed,"Fremont, WY|2023-03-12"
"Hamilton, PA",2023-03-12,2023-03-06,2023-03-08,,,2023-03-14,,259.8,Closed,Normal,Repair,Landscaping,Sarah Williams,Internal,2.0,0-30,Closed,Closed,"Hamilton, PA|2023-03-12"
"Marion, GA",2023-03-12,2023-04-19,2023-05-03,2023-05-08,2245414,2023-05-16,2777211,60.0,Closed,Urgent,Repair,Structural,Mike Johnson,USPS,65.0,61-90,Closed,Closed,"Marion, GA|2023-03-12"
"Arlington, VT",2023-03-14,2023-09-27,2023-10-12,2023-10-12,2246945,2023-12-06,2778975,,Closed,Urgent,Repair,Electrical Repairs,Brandon Davis,USPS,267.0,90+,Closed,Closed,"Arlington, VT|2023-03-14"
"Arlington, VT",2023-03-14,2023-09-27,2023-10-12,2023-10-12,2246945,2024-02-06,2778946,,Closed,Urgent,Repair,Electrical Repairs,Brandon Davis,USPS,329.0,90+,Closed,Closed,"Arlington, VT|2023-03-14"
"Arlington, VT",2023-03-14,2023-04-19,2023-06-04,2023-08-01,2246945,2023-08-08,2778945,400.0,Closed,Urgent,Repair,Roof Repair,Brandon Davis,USPS,147.0,90+,Closed,Closed,"Arlington, VT|2023-03-14"
"Fairview, MD",2023-03-14,2023-03-14,2023-03-16,2023-03-26,2247130,2023-04-11,2779209,102.55,Closed,Urgent,Repair,Doors,Mike Johnson,USPS,28.0,0-30,Closed,Closed,"Fairview, MD|2023-03-14"
"Franklin, GA",2023-03-14,,,,2245062,2024-07-12,2776872,,Closed,Urgent,Repair,Flooring,Sarah Williams,USPS,486.0,90+,Closed,Closed,"Franklin, GA|2023-03-14"
"Franklin, GA",2023-03-14,2023-04-09,2023-04-13,2024-02-21,2246611,2024-02-25,2778591,,Closed,Urgent,Repair,Roof Repair,Sarah Williams,USPS,348.0,90+,Closed,Closed,"Franklin, GA|2023-03-14"
"Springfield, WV",2023-03-14,2023-03-15,2023-03-22,2023-04-18,2245380,2023-04-20,2777064,,Closed,Urgent,Repair,Roof Repair,Sarah Williams,USPS,37.0,31-60,Closed,Closed,"Springfield, WV|2023-03-14"
"Ashland, NY",2023-03-16,2023-06-20,2023-07-16,2023-07-16,2247192,2023-07-18,2779167,550.0,Closed,Urgent,Repair,Drive Thru,Brandon Davis,USPS,124.0,90+,Closed,Closed,"Ashland, NY|2023-03-16"
"Clinton, SC",2023-03-16,2023-04-19,2023-05-14,2023-05-15,2247321,2023-05-31,2779346,431.6,Closed,Urgent,Repair,Dock Lift,Brandon Davis,USPS,76.0,61-90,Closed,Closed,"Clinton, SC|2023-03-16"
"Hudson, MS",2023-03-16,2023-03-28,2023-03-28,2023-03-28,2245199,2023-04-04,2776997,50.0,Closed,Urgent,Repair,Roof Repair,Sarah Williams,USPS,19.0,0-30,Closed,Closed,"Hudson, MS|2023-03-16"
"Danville, NM",2023-03-20,2023-04-16,2023-05-04,2023-05-07,2248207,,2780331,746.72,Closed,Urgent,Repair,Doors,Mike Johnson,USPS,1129.0,90+,Closed,Closed,"Danville, NM|2023-03-20"
"Dayton, NE",2023-03-20,2023-03-27,2023-03-28,2023-03-29,2247821,2023-04-11,2779847,190.0,Closed,Urgent,Repair,Plumbing,Sarah Williams,USPS,22.0,0-30,Closed,Closed,"Dayton, NE|2023-03-20"
"Springfield, NV",2023-03-20,2023-03-28,2023-03-31,2024-01-16,2248256,2024-02-11,2780323,,Closed,Urgent,Repair,Roof Repair,Sarah Williams,USPS,328.0,90+,Closed,Closed,"Springfield, NV|2023-03-20"
"Georgetown, MO",2023-03-21,2023-04-04,2023-04-06,2023-05-07,2248557,2024-02-26,2780642,,Closed,Urgent,Repair,Ceiling Tiles,Sarah Williams,USPS,342.0,90+,Closed,Closed,"Georgetown, MO|2023-03-21"
"Hamilton, ND",2023-03-21,2023-06-06,2023-06-12,2023-06-15,2248726,2023-07-05,2780805,1594.8,Closed,Urgent,Repair,Roof Repair,Mike Johnson,USPS,106.0,90+,Closed,Closed,"Hamilton, ND|2023-03-21"
"Oxford, NH",2023-03-21,2023-03-26,2023-03-28,2023-04-19,2248948,2023-04-25,2781065,500.0,Closed,Urgent,Repair,Roof Repair,Sarah Williams,USPS,35.0,31-60,Closed,Closed,"Oxford, NH|2023-03-21"
"Troy, ME",2023-03-21,2023-10-17,2023-12-12,2023-12-17,2248777,2024-06-12,2780869,444.55,Closed,Urgent,Repair,Drive Thru,Mike Johnson,USPS,449.0,90+,Closed,Closed,"Troy, ME|2023-03-21"
"Danville, NM",2023-03-22,,2023-04-11,2023-04-25,2249662,2023-04-25,2781826,0.0,Closed,Urgent,Repair,Doors,Mike Johnson,USPS,34.0,31-60,Closed,Closed,"Danville, NM|2023-03-22"
"Lexington, WV",2023-03-22,2023-04-02,2023-04-03,2023-04-03,2249344,2023-04-11,2781467,197.42,Closed,Urgent,Repair,Electrical Repairs,Brandon Davis,USPS,20.0,0-30,Closed,Closed,"Lexington, WV|2023-03-22"
"Georgetown, PA",2023-03-23,2023-04-02,2023-04-10,2023-04-13,2249790,2023-04-18,2781992,292.5,Closed,Urgent,Repair,Plumbing,Brandon Davis,USPS,26.0,0-30,Closed,Closed,"Georgetown, PA|2023-03-23"
"Greenville, DE",2023-03-23,2023-03-27,2023-03-29,2023-05-01,2249907,2023-10-23,2782087,275.0,Closed,Urgent,Repair,Roof Repair,Mike Johnson,USPS,214.0,90+,Closed,Closed,"Greenville, DE|2023-03-23"
"Marion, SC",2023-03-23,2023-03-26,2023-03-27,2023-03-27,2250213,2023-03-28,2782320,110.96,Closed,Urgent,Repair,HVAC Repairs,Mike Johnson,USPS,5.0,0-30,Closed,Closed,"Marion, SC|2023-03-23"
"Mount Vernon, MA",2023-03-23,2023-04-03,2023-04-05,2024-01-14,2245244,2024-01-14,2777069,325.5,Closed,Urgent,Repair,Overhead Doors,Mike Johnson,USPS,297.0,90+,Closed,Closed,"Mount Vernon, MA|2023-03-23"
"Rockville, GA",2023-03-23,2023-07-09,2023-08-21,2023-08-27,2250184,2023-08-29,2782349,550.0,Closed,Urgent,Repair,Roof Repair,Sarah Williams,USPS,159.0,90+,Closed,Closed,"Rockville, GA|2023-03-23"
"Dover, VT",2023-03-26,2023-04-05,2023-04-26,,,2023-05-09,,205.36,Closed,Normal,Repair,HVAC Repairs,Mike Johnson,Internal,44.0,31-60,Closed,Closed,"Dover, VT|2023-03-26"
"Bloomington, ME",2023-03-29,2023-03-29,2023-03-29,,,2024-02-06,,,Closed,Normal,Repair,Roof Repair,Brandon Davis,Internal,314.0,90+,Closed,Closed,"Bloomington, ME|2023-03-29"
"Columbia, DE",2023-03-29,2023-03-30,2023-03-30,2023-04-02,2251806,2023-04-11,2784184,80.0,Closed,Urgent,Repair,Electrical Repairs,Brandon Davis,USPS,13.0,0-30,Closed,Closed,"Columbia, DE|2023-03-29"
"Hamilton, ND",2023-03-29,2023-06-05,2023-07-24,2023-11-21,2251861,2023-12-19,2784257,,Closed,Urgent,Repair,Electrical Repairs,Brandon Davis,USPS,265.0,90+,Closed,Closed,"Hamilton, ND|2023-03-29"
"Oakland, MI",2023-03-29,2023-03-30,2023-04-04,2023-04-30,2251786,,2784235,0.0,Closed,Urgent,Repair,Roof Repair,Mike Johnson,USPS,1120.0,90+,Closed,Closed,"Oakland, MI|2023-03-29"
"Anderson, VA",2023-03-30,2023-05-10,2023-06-01,2023-06-04,2252502,2023-06-06,2784881,1270.0,Closed,Urgent,Repair,Drive Thru,Mike Johnson,USPS,68.0,61-90,Closed,Closed,"Anderson, VA|2023-03-30"
"Bloomington, ME",2023-03-30,2023-03-29,2023-03-29,2023-05-01,2252306,,2784756,,Closed,Urgent,Repair,Roof Repair,Brandon Davis,USPS,1119.0,90+,Closed,Closed,"Bloomington, ME|2023-03-30"
"Clayton, NV",2023-03-30,2023-06-27,2023-10-29,2023-11-13,2251406,2024-02-07,2783731,1450.0,Closed,Urgent,Repair,Gutters,Sarah Williams,USPS,314.0,90+,Closed,Closed,"Clayton, NV|2023-03-30"
"Edison, WY",2023-03-30,2023-04-02,2023-04-26,2023-05-03,2251948,2023-05-09,2784367,300.0,Closed,Urgent,Repair,Roof Repair,Mike Johnson,USPS,40.0,31-60,Closed,Closed,"Edison, WY|2023-03-30"
"Greenville, TX",2023-03-30,2023-04-24,2023-05-29,2023-05-30,2251742,2023-06-06,2784111,150.0,Closed,Urgent,Repair,Structural,Sarah Williams,USPS,68.0,61-90,Closed,Closed,"Greenville, TX|2023-03-30"
"Albany, NJ",2023-04-02,2023-05-24,2023-05-29,2023-06-06,2252954,2023-07-27,2785261,,Closed,Urgent,Repair,Roof Repair,Mike Johnson,USPS,116.0,90+,Closed,Closed,"Albany, NJ|2023-04-02"
"Edison, OH",2023-04-02,2023-04-02,2023-04-10,2023-06-01,2252834,2023-06-13,2785269,460.0,Closed,Urgent,Repair,Roof Repair,Mike Johnson,USPS,72.0,61-90,Closed,Closed,"Edison, OH|2023-04-02"
"Lexington, WV",2023-04-02,2023-04-03,2023-04-04,2023-04-05,2253025,2023-04-18,2785477,118.19,Closed,Urgent,Repair,HVAC Repairs,Mike Johnson,USPS,16.0,0-30,Closed,Closed,"Lexington, WV|2023-04-02"
"Madison, MS",2023-04-02,2023-04-06,2023-04-06,2023-04-06,2253158,,2785560,,Closed,Urgent,Repair,Plumbing,Brandon Davis,USPS,1116.0,90+,Closed,Closed,"Madison, MS|2023-04-02"
"Riverside, AR",2023-04-03,2023-04-09,2023-04-11,2023-06-05,,2023-06-06,,166.0,Closed,Urgent,Repair,Electrical Repairs,Sarah Williams,Internal,64.0,61-90,Closed,Closed,"Riverside, AR|2023-04-03"
"Troy, AR",2023-04-03,2024-03-26,2024-04-22,2024-04-22,,2024-05-01,,,Closed,Urgent,Repair,Drive Thru,Brandon Davis,Internal,394.0,90+,Closed,Closed,"Troy, AR|2023-04-03"
"Arlington, CO",2023-04-04,,,2023-05-03,2179004,2023-05-03,2706981,0.0,Closed,Urgent,Repair,Electrical Repairs,Mike Johnson,USPS,29.0,0-30,Closed,Closed,"Arlington, CO|2023-04-04"
"Cleveland, IL",2023-04-04,2023-04-24,2023-04-30,2023-05-03,2253233,2024-02-07,2785644,400.0,Closed,Urgent,Repair,Roof Repair,Mike Johnson,USPS,309.0,90+,Closed,Closed,"Cleveland, IL|2023-04-04"
"Gainesville, MT",2023-04-04,2023-05-02,2023-05-03,2023-05-07,2253832,2023-05-16,2786297,882.75,Closed,Urgent,Repair,HVAC Repairs,Mike Johnson,USPS,42.0,31-60,Closed,Closed,"Gainesville, MT|2023-04-04"
"Greenville, SD",2023-04-04,2023-04-20,2023-04-27,2023-05-01,2253288,2023-05-04,2785712,350.0,Closed,Urgent,Repair,Roof Repair,Sarah Williams,USPS,30.0,0-30,Closed,Closed,"Greenville, SD|2023-04-04"
"Hamilton, PA",2023-04-04,,2023-04-02,,,2023-04-11,,173.2,Closed,Normal,Repair,Landscaping,Sarah Williams,Internal,7.0,0-30,Closed,Closed,"Hamilton, PA|2023-04-04"
"Jackson, WA",2023-04-04,2023-04-17,2023-04-24,2023-04-25,2253375,2023-12-27,2785803,275.0,Closed,Urgent,Repair,Gutters,Sarah Williams,USPS,267.0,90+,Closed,Closed,"Jackson, WA|2023-04-04"
"Fairview, AL",2023-04-05,2023-04-11,2023-05-08,2023-05-11,2254052,2023-05-31,2786495,120.0,Closed,Urgent,Repair,Plumbing,Sarah Williams,USPS,56.0,31-60,Closed,Closed,"Fairview, AL|2023-04-05"
"Clayton, MS",2023-04-06,,2023-04-18,2023-04-18,2254927,2023-04-18,2787477,,Closed,Urgent,Repair,Roof Repair,Brandon Davis,USPS,12.0,0-30,Closed,Closed,"Clayton, MS|2023-04-06"
"Clayton, MS",2023-04-06,2023-04-11,2023-04-11,2023-04-11,2254963,2023-04-12,2787467,50.0,Closed,Urgent,Repair,Gutters,Brandon Davis,USPS,6.0,0-30,Closed,Closed,"Clayton, MS|2023-04-06"
"Cleveland, KY",2023-04-06,2023-04-12,2023-04-13,2023-04-18,2255059,2023-04-25,2787566,,Closed,Urgent,Repair,Roof Repair,Sarah Williams,USPS,19.0,0-30,Closed,Closed,"Cleveland, KY|2023-04-06"
"Dayton, IA",2023-04-06,2023-10-30,2023-11-19,2023-11-19,2253718,2023-11-26,2786125,95.4,Closed,Urgent,Repair,Drive Thru,Mike Johnson,USPS,234.0,90+,Closed,Closed,"Dayton, IA|2023-04-06"
"Oxford, IA",2023-04-06,2023-04-26,2023-05-18,2023-05-19,2254264,2023-05-31,2786732,175.0,Closed,Urgent,Repair,Roof Repair,Mike Johnson,USPS,55.0,31-60,Closed,Closed,"Oxford, IA|2023-04-06"
"Bristol, NJ",2023-04-09,2023-05-04,2023-05-10,2023-05-23,2255504,2023-05-31,2788081,595.0,Closed,Urgent,Repair,Roof Repair,Mike Johnson,USPS,52.0,31-60,Closed,Closed,"Bristol, NJ|2023-04-09"
"Carrollton, IL",2023-04-09,2023-04-16,2023-04-19,2023-05-01,2255334,2023-06-06,2787842,120.0,Closed,Urgent,Repair,HVAC Repairs,Mike Johnson,USPS,58.0,31-60,Closed,Closed,"Carrollton, IL|2023-04-09"
"Carrollton, IL",2023-04-09,2023-04-16,2023-04-18,2023-04-26,2255308,2023-05-22,2787910,711.18,Closed,Urgent,Repair,Plumbing,Mike Johnson,USPS,43.0,31-60,Closed,Closed,"Carrollton, IL|2023-04-09"
"Fairview, AL",2023-04-09,2023-05-02,2023-05-13,2023-05-22,2254764,2023-05-31,2787278,95.0,Closed,Urgent,Repair,Striping,Sarah Williams,USPS,52.0,31-60,Closed,Closed,"Fairview, AL|2023-04-09"
"Marion, SC",2023-04-09,2023-04-10,2023-04-13,2023-04-14,,2023-04-18,,265.0,Closed,Urgent,Repair,HVAC Repairs,Mike Johnson,Internal,9.0,0-30,Closed,Closed,"Marion, SC|2023-04-09"
"Clinton, VT",2023-04-10,2023-07-27,2024-01-08,2024-01-08,2255296,,2787858,,Closed,Urgent,Repair,Ceiling Tiles,Brandon Davis,USPS,1108.0,90+,Closed,Closed,"Clinton, VT|2023-04-10"
"Clinton, VT",2023-04-10,2023-07-27,2024-01-08,2024-01-08,2255296,,2787856,,Closed,Urgent,Repair,Flooring,Brandon Davis,USPS,1108.0,90+,Closed,Closed,"Clinton, VT|2023-04-10"
"Fairview, MD",2023-04-10,,,2023-11-07,2247130,2023-11-07,2779198,,Closed,Urgent,Repair,Flooring,Sarah Williams,USPS,211.0,90+,Closed,Closed,"Fairview, MD|2023-04-10"
"Riverside, AR",2023-04-10,2023-10-18,2023-11-05,2023-11-05,2256699,2023-11-21,2789366,11541.0,Closed,Emergency,Repair,HVAC Repairs,Mike Johnson,USPS,225.0,90+,Closed,Closed,"Riverside, AR|2023-04-10"
"Auburn, MS",2023-04-11,2023-03-28,2023-04-11,,,2023-04-18,,110.0,Closed,Normal,Repair,Plumbing,Brandon Davis,Internal,7.0,0-30,Closed,Closed,"Auburn, MS|2023-04-11"
"Bloomington, WV",2023-04-12,,,,2177399,2024-02-19,2705221,,Closed,Urgent,Repair,Paving (Repair),Brandon Davis,USPS,313.0,90+,Closed,Closed,"Bloomington, WV|2023-04-12"
"Bloomington, WV",2023-04-12,2023-04-17,2023-05-08,2023-05-08,2177401,2023-05-16,2705223,125.0,Closed,Urgent,Repair,Flooring,Brandon Davis,USPS,34.0,31-60,Closed,Closed,"Bloomington, WV|2023-04-12"
"Centerville, MS",2023-04-12,2023-10-12,2023-11-13,2023-11-13,2256361,2023-11-20,2789040,,Closed,Urgent,Repair,Concrete,Brandon Davis,USPS,222.0,90+,Closed,Closed,"Centerville, MS|2023-04-12"
"Cleveland, ID",2023-04-12,2023-10-02,2023-12-07,2023-12-07,2256681,2024-01-03,2789304,3250.0,Closed,Urgent,Repair,Paving (Repair),Sarah Williams,USPS,266.0,90+,Closed,Closed,"Cleveland, ID|2023-04-12"
"Gainesville, MN",2023-04-12,2023-06-11,2023-06-11,2023-06-27,2255768,2023-07-05,2788362,1200.0,Closed,Urgent,Repair,Paving (Repair),Mike Johnson,USPS,84.0,61-90,Closed,Closed,"Gainesville, MN|2023-04-12"
"Hamilton, AK",2023-04-12,2023-04-19,2023-04-24,2023-04-25,2256292,2023-05-02,2788895,421.81,Closed,Urgent,Repair,Drive Thru,Brandon Davis,USPS,20.0,0-30,Closed,Closed,"Hamilton, AK|2023-04-12"
"Edison, NC",2023-04-13,,,2023-11-20,2257416,2023-11-20,2790229,0.0,Closed,Urgent,Repair,Roof Repair,Mike Johnson,USPS,221.0,90+,Closed,Closed,"Edison, NC|2023-04-13"
"Oxford, LA",2023-04-13,2023-04-27,2023-05-11,2023-05-14,2257078,2023-05-16,2789796,375.0,Closed,Urgent,Repair,Paving (Repair),Sarah Williams,USPS,33.0,31-60,Closed,Closed,"Oxford, LA|2023-04-13"
"Riverside, AR",2023-04-13,2023-06-26,2023-10-08,2023-10-11,2257046,2023-10-17,2789762,517.24,Closed,Urgent,Repair,Electrical Repairs,Sarah Williams,USPS,187.0,90+,Closed,Closed,"Riverside, AR|2023-04-13"
"Norwood, HI",2023-04-16,2023-04-16,2023-04-17,,,2023-05-02,,417.4,Closed,Normal,Repair,Roof Repair,Brandon Davis,Internal,16.0,0-30,Closed,Closed,"Norwood, HI|2023-04-16"
"Ashland, WA",2023-04-17,2023-05-10,2023-05-11,2023-05-30,2257683,2023-06-06,2790477,150.75,Closed,Urgent,Repair,Electrical Repairs,Brandon Davis,USPS,50.0,31-60,Closed,Closed,"Ashland, WA|2023-04-17"
"Clayton, MS",2023-04-17,,2023-12-18,2023-12-18,2258008,2023-12-26,2790805,,Closed,Urgent,Repair,Roof Repair,Brandon Davis,USPS,253.0,90+,Closed,Closed,"Clayton, MS|2023-04-17"
"Dayton, FL",2023-04-17,2023-08-02,2023-11-05,2023-11-05,2257730,2023-11-20,2790535,200.0,Closed,Urgent,Repair,Ceiling Tiles,Brandon Davis,USPS,217.0,90+,Closed,Closed,"Dayton, FL|2023-04-17"
"Hamilton, WA",2023-04-17,2023-06-15,2023-08-08,,,2023-08-21,,11300.0,Closed,Normal,Repair,Roof Repair,Mike Johnson,Internal,126.0,90+,Closed,Closed,"Hamilton, WA|2023-04-17"
"Hamilton, WA",2023-04-17,2023-06-01,2023-07-16,2023-07-18,2257767,2023-07-24,2790620,805.5,Closed,Urgent,Repair,Plumbing,Mike Johnson,USPS,98.0,90+,Closed,Closed,"Hamilton, WA|2023-04-17"
"Plymouth, HI",2023-04-17,2023-04-18,2023-04-21,2023-05-03,2258848,2023-05-04,2791758,400.0,Closed,Urgent,Repair,Roof Repair,Sarah Williams,USPS,17.0,0-30,Closed,Closed,"Plymouth, HI|2023-04-17"
"Troy, ME",2023-04-17,2023-10-17,2023-12-06,2023-12-07,2258260,2024-06-12,2791090,499.95,Closed,Urgent,Repair,Roof Repair,Mike Johnson,USPS,422.0,90+,Closed,Closed,"Troy, ME|2023-04-17"
"Albany, WA",2023-04-19,2023-05-14,2023-05-31,2023-06-13,2258981,2023-08-15,2791878,507.44,Closed,Urgent,Repair,Roof Repair,Sarah Williams,USPS,118.0,90+,Closed,Closed,"Albany, WA|2023-04-19"
"Centerville, HI",2023-04-19,2023-04-27,2023-05-03,2023-05-03,2259368,2023-05-09,2792286,275.0,Closed,Urgent,Repair,Gutters,Sarah Williams,USPS,20.0,0-30,Closed,Closed,"Centerville, HI|2023-04-19"
"Lexington, CO",2023-04-20,2023-04-25,2023-05-03,2023-05-04,2259745,2023-05-22,2792704,92.46,Closed,Urgent,Repair,Doors,Sarah Williams,USPS,32.0,31-60,Closed,Closed,"Lexington, CO|2023-04-20"
"Lexington, WI",2023-04-20,2023-10-16,2023-11-01,,,2024-02-22,,,Closed,Normal,Repair,Roof Repair,Brandon Davis,Internal,308.0,90+,Closed,Closed,"Lexington, WI|2023-04-20"
"Dayton, LA",2023-04-23,2023-04-18,2023-04-20,,,2023-04-25,,322.0,Closed,Normal,Repair,Roof Repair,Brandon Davis,Internal,2.0,0-30,Closed,Closed,"Dayton, LA|2023-04-23"
"Dover, MD",2023-04-23,2023-03-23,2023-04-23,2023-04-23,,2023-04-25,,300.0,Closed,Normal,Repair,Painting,Sarah Williams,Internal,2.0,0-30,Closed,Closed,"Dover, MD|2023-04-23"
"Edison, NC",2023-04-23,,,,,2024-02-08,,,Closed,Normal,Repair,Masonry,Mike Johnson,Internal,291.0,90+,Closed,Closed,"Edison, NC|2023-04-23"
"Gainesville, MI",2023-04-24,2023-04-04,2023-04-18,2023-05-03,,2023-07-10,,5275.0,Closed,Normal,Repair,HVAC Repairs,Mike Johnson,Internal,77.0,61-90,Closed,Closed,"Gainesville, MI|2023-04-24"
"Lexington, TX",2023-04-24,,2023-06-26,,,,,,Closed,Urgent,Repair,Plumbing,Brandon Davis,Internal,1094.0,90+,Closed,Closed,"Lexington, TX|2023-04-24"
"Lexington, TX",2023-04-24,2023-05-07,2023-05-10,,,2023-05-10,,333.0,Closed,Normal,Repair,Doors,Brandon Davis,Internal,16.0,0-30,Closed,Closed,"Lexington, TX|2023-04-24"
"Columbia, MO",2023-04-25,2023-04-26,2023-04-27,2023-05-08,2260467,2023-05-21,2793409,,Closed,Urgent,Repair,Roof Repair,Sarah Williams,USPS,26.0,0-30,Closed,Closed,"Columbia, MO|2023-04-25"
"Oxford, NH",2023-04-25,2023-04-30,2023-05-21,2023-05-22,2260346,2023-05-31,2793307,675.72,Closed,Urgent,Repair,Electrical Repairs,Brandon Davis,USPS,36.0,31-60,Closed,Closed,"Oxford, NH|2023-04-25"
"Clinton, OK",2023-04-26,,2023-04-26,2023-05-07,2261491,2023-04-27,2794444,0.0,Closed,Urgent,Repair,Plumbing,Brandon Davis,USPS,1.0,0-30,Closed,Closed,"Clinton, OK|2023-04-26"
"Florence, MO",2023-04-26,2023-07-03,2023-09-18,2023-09-20,2261603,2023-09-26,2794615,653.25,Closed,Urgent,Repair,Electrical Repairs,Sarah Williams,USPS,153.0,90+,Closed,Closed,"Florence, MO|2023-04-26"
"Florence, MO",2023-04-26,2023-07-03,2023-11-04,2023-11-05,2261603,2023-11-16,2794614,400.0,Closed,Urgent,Repair,Concrete,Sarah Williams,USPS,204.0,90+,Closed,Closed,"Florence, MO|2023-04-26"
"Georgetown, MO",2023-04-26,2023-04-23,2023-05-03,2023-05-04,2260972,2024-02-26,2793875,,Closed,Urgent,Repair,Ceiling Tiles,Sarah Williams,USPS,306.0,90+,Closed,Closed,"Georgetown, MO|2023-04-26"
"Hamilton, ND",2023-04-26,2023-08-08,2023-08-16,2023-08-16,2261082,2023-08-22,2794064,215.0,Closed,Urgent,Repair,Ceiling Tiles,Mike Johnson,USPS,118.0,90+,Closed,Closed,"Hamilton, ND|2023-04-26"
"Lancaster, VA",2023-04-26,,2023-04-26,2023-04-27,2262263,2023-04-27,2795371,0.0,Closed,Urgent,Repair,Misc. Repairs,Brandon Davis,USPS,1.0,0-30,Closed,Closed,"Lancaster, VA|2023-04-26"
"Lancaster, VA",2023-04-26,,2023-04-26,2023-04-27,2262207,2023-04-27,2795259,,Closed,Urgent,Repair,Doors,Brandon Davis,USPS,1.0,0-30,Closed,Closed,"Lancaster, VA|2023-04-26"
"Dover, VT",2023-04-30,2023-08-16,2023-08-21,2023-05-16,,2023-10-15,,,Closed,Normal,Repair,HVAC Repairs,Sarah Williams,Internal,168.0,90+,Closed,Closed,"Dover, VT|2023-04-30"
"Florence, MO",2023-04-30,2024-05-10,2024-06-22,2024-06-25,2261603,2024-07-19,2794580,,Closed,Urgent,Repair,Paving (Repair),Sarah Williams,USPS,446.0,90+,Closed,Closed,"Florence, MO|2023-04-30"
"Georgetown, ME",2023-04-30,,2023-05-03,2023-05-03,2262581,2023-05-03,2795765,,Closed,Urgent,Repair,Electrical Repairs,Brandon Davis,USPS,3.0,0-30,Closed,Closed,"Georgetown, ME|2023-04-30"
"Jackson, ID",2023-04-30,2023-06-21,2023-06-29,2023-07-26,2262614,2023-09-07,2795658,,Closed,Urgent,Repair,Roof Repair,Sarah Williams,USPS,130.0,90+,Closed,Closed,"Jackson, ID|2023-04-30"
"Lancaster, VA",2023-04-30,2023-05-14,2023-05-29,2023-05-30,2262446,2023-06-06,2795526,558.43,Closed,Urgent,Repair,Electrical Repairs,Brandon Davis,USPS,37.0,31-60,Closed,Closed,"Lancaster, VA|2023-04-30"
"Burlington, MN",2023-05-01,2024-03-04,2024-03-11,,,2024-03-11,,,Closed,Normal,Repair,Misc. Repairs,Brandon Davis,Internal,315.0,90+,Closed,Closed,"Burlington, MN|2023-05-01"
"Clinton, GA",2023-05-01,2023-05-01,2023-05-01,,,2023-05-02,,236.26,Closed,Normal,Repair,HVAC Repairs,Brandon Davis,Internal,1.0,0-30,Closed,Closed,"Clinton, GA|2023-05-01"
"Farmington, CA",2023-05-01,,2023-05-02,2023-05-03,,2023-05-03,,400.0,Closed,Urgent,Repair,Masonry,Brandon Davis,Internal,2.0,0-30,Closed,Closed,"Farmington, CA|2023-05-01"
"Farmington, CA",2023-05-01,2023-05-15,2023-05-16,,,2024-02-19,,300.0,Closed,Urgent,Repair,Plumbing,Brandon Davis,Internal,294.0,90+,Closed,Closed,"Farmington, CA|2023-05-01"
"Farmington, CA",2023-05-01,2023-06-01,2023-06-06,2023-06-06,,2023-06-12,,452.0,Closed,Normal,Repair,Ceiling Tiles,Brandon Davis,Internal,42.0,31-60,Closed,Closed,"Farmington, CA|2023-05-01"
"Farmington, CA",2023-05-01,,2023-06-01,2023-06-01,,2023-06-01,,0.0,Closed,Normal,Repair,Roof Repair,Brandon Davis,Internal,31.0,31-60,Closed,Closed,"Farmington, CA|2023-05-01"
"Hamilton, PA",2023-05-01,,2023-04-27,,,2023-05-02,,173.2,Closed,Normal,Repair,Landscaping,Sarah Williams,Internal,1.0,0-30,Closed,Closed,"Hamilton, PA|2023-05-01"
"Bloomington, MI",2023-05-02,2023-06-08,2023-06-08,2023-06-26,2257856,2023-06-27,2796057,1250.0,Closed,Urgent,Repair,Roof Repair,Sarah Williams,USPS,56.0,31-60,Closed,Closed,"Bloomington, MI|2023-05-02"
"Bloomington, MI",2023-05-02,2023-09-20,2023-11-30,2023-12-10,2257856,2023-12-26,2790602,3000.0,Closed,Urgent,Repair,Ceiling Tiles,Sarah Williams,USPS,238.0,90+,Closed,Closed,"Bloomington, MI|2023-05-02"
"Danville, NM",2023-05-02,,,,2264894,2024-02-14,2798133,,Closed,Urgent,Repair,HVAC Repairs,Mike Johnson,USPS,288.0,90+,Closed,Closed,"Danville, NM|2023-05-02"
"Danville, OH",2023-05-02,2023-07-13,2023-09-24,2023-10-03,2263669,2024-01-17,2796891,,Closed,Urgent,Repair,Paving (Repair),Sarah Williams,USPS,260.0,90+,Closed,Closed,"Danville, OH|2023-05-02"
"Farmington, CA",2023-05-02,,2023-05-02,2023-05-03,,2023-05-03,,0.0,Closed,Urgent,Repair,Misc. Repairs,Brandon Davis,Internal,1.0,0-30,Closed,Closed,"Farmington, CA|2023-05-02"
"Madison, NH",2023-05-02,2023-10-04,2023-10-19,2023-10-23,,2024-01-17,,,Closed,Urgent,Repair,Roof Repair,Sarah Williams,Internal,260.0,90+,Closed,Closed,"Madison, NH|2023-05-02"
"Bristol, LA",2023-05-03,2023-06-06,2023-06-26,2023-08-02,2265600,2023-08-15,2798889,530.0,Closed,Urgent,Repair,Electrical Repairs,Brandon Davis,USPS,104.0,90+,Closed,Closed,"Bristol, LA|2023-05-03"
"Danville, NM",2023-05-03,2023-05-03,2023-05-04,2023-05-09,2265058,2024-02-14,2798311,,Closed,Urgent,Repair,HVAC Repairs,Mike Johnson,USPS,287.0,90+,Closed,Closed,"Danville, NM|2023-05-03"
"Danville, NM",2023-05-03,2023-05-03,2023-05-04,2023-05-09,2264894,2024-02-14,2798133,0.0,Closed,Urgent,Repair,HVAC Repairs,Mike Johnson,USPS,287.0,90+,Closed,Closed,"Danville, NM|2023-05-03"
"Dover, AK",2023-05-03,2023-08-09,2023-09-12,2023-09-19,2264796,2023-09-26,2798035,63.86,Closed,Urgent,Repair,Flooring,Sarah Williams,USPS,146.0,90+,Closed,Closed,"Dover, AK|2023-05-03"
"Dover, AK",2023-05-03,2023-08-09,2023-09-12,2023-09-19,2264796,2023-09-26,2798034,191.58,Closed,Urgent,Repair,Misc. Repairs,Sarah Williams,USPS,146.0,90+,Closed,Closed,"Dover, AK|2023-05-03"
"Dover, AK",2023-05-03,2023-08-09,2023-09-12,2023-09-19,2264796,2023-09-26,2798033,260.0,Closed,Urgent,Repair,Ceiling Tiles,Sarah Williams,USPS,146.0,90+,Closed,Closed,"Dover, AK|2023-05-03"
"Dover, AK",2023-05-03,2023-05-17,2023-05-17,2023-08-07,2264796,2023-08-08,2798001,200.0,Closed,Urgent,Repair,Plumbing,Sarah Williams,USPS,97.0,90+,Closed,Closed,"Dover, AK|2023-05-03"
"Fremont, NC",2023-05-03,,,,,,,506.62,Closed,Urgent,Repair,HVAC Repairs,Ashley Thompson,Internal,1085.0,90+,Closed,Closed,"Fremont, NC|2023-05-03"
"Hudson, CA",2023-05-03,2023-09-04,2023-09-21,2023-10-03,2265030,2023-10-10,2798349,599.2,Closed,Urgent,Repair,Doors,Brandon Davis,USPS,160.0,90+,Closed,Closed,"Hudson, CA|2023-05-03"
"Hudson, MI",2023-05-03,,,,,,,,Closed,Normal,Repair,HVAC PM,Ashley Thompson,Internal,1085.0,90+,Closed,Closed,"Hudson, MI|2023-05-03"
"Madison, MD",2023-05-03,2023-05-18,2023-06-06,2023-06-07,2264402,2023-06-12,2797566,300.0,Closed,Urgent,Repair,Gutters,Brandon Davis,USPS,40.0,31-60,Closed,Closed,"Madison, MD|2023-05-03"
"Mount Vernon, NC",2023-05-03,2023-09-19,2023-10-03,2023-10-15,2265234,2023-10-17,2798510,1299.0,Closed,Urgent,Repair,Roof Repair,Brandon Davis,USPS,167.0,90+,Closed,Closed,"Mount Vernon, NC|2023-05-03"
"Bristol, WY",2023-05-05,,,,,,,120.0,Closed,Urgent,Repair,Fencing,Ashley Thompson,Internal,1083.0,90+,Closed,Closed,"Bristol, WY|2023-05-05"
"Danville, AR",2023-05-07,2024-07-12,2024-08-23,,,2024-09-10,,358.89,Closed,Normal,Repair,Drive Thru,Mike Johnson,Internal,492.0,90+,Closed,Closed,"Danville, AR|2023-05-07"
"Danville, CO",2023-05-07,2023-05-16,2023-06-11,2023-08-01,,2023-08-06,,51750.0,Closed,Normal,Repair,Roof Repair,Mike Johnson,Internal,91.0,90+,Closed,Closed,"Danville, CO|2023-05-07"
"Arlington, ID",2023-05-08,2023-05-30,2023-07-11,2023-07-11,2266273,2023-07-18,2799588,423.85,Closed,Urgent,Repair,HVAC Repairs,Mike Johnson,USPS,71.0,61-90,Closed,Closed,"Arlington, ID|2023-05-08"
"Ashland, AZ",2023-05-08,2023-08-02,2023-08-23,2023-08-31,2266070,2023-09-07,2799405,14105.0,Closed,Urgent,Repair,HVAC Repairs,Mike Johnson,USPS,122.0,90+,Closed,Closed,"Ashland, AZ|2023-05-08"
"Ashland, WA",2023-05-08,,,2023-06-29,2268113,2023-07-10,2801511,0.0,Closed,Emergency,Repair,HVAC Repairs,Mike Johnson,USPS,63.0,61-90,Closed,Closed,"Ashland, WA|2023-05-08"
"Auburn, TN",2023-05-08,2023-05-08,2023-05-08,,,2023-05-09,,0.0,Closed,Urgent,Repair,Electrical Repairs,Mike Johnson,Internal,1.0,0-30,Closed,Closed,"Auburn, TN|2023-05-08"
"Auburn, TN",2023-05-08,2023-06-26,2023-06-27,,,2023-07-05,,606.0,Closed,Normal,Repair,Plumbing,Mike Johnson,Internal,58.0,31-60,Closed,Closed,"Auburn, TN|2023-05-08"
"Columbia, CT",2023-05-08,2023-05-09,2023-05-09,2023-05-14,2265825,2023-05-23,2799122,100.0,Closed,Urgent,Repair,Gutters,Sarah Williams,USPS,15.0,0-30,Closed,Closed,"Columbia, CT|2023-05-08"
"Danville, SD",2023-05-08,2023-05-16,2023-05-17,2023-05-21,2265841,2023-05-31,2799163,155.8,Closed,Urgent,Repair,Plumbing,Sarah Williams,USPS,23.0,0-30,Closed,Closed,"Danville, SD|2023-05-08"
"Hudson, MO",2023-05-08,2024-05-09,2023-05-23,2023-12-10,2266306,2023-12-10,2799659,1500.0,Closed,Urgent,Repair,HVAC Repairs,Mike Johnson,USPS,216.0,90+,Closed,Closed,"Hudson, MO|2023-05-08"
"Jackson, ID",2023-05-08,2023-06-12,2023-06-13,2023-06-15,2266562,2023-06-20,2799847,200.0,Closed,Urgent,Repair,Plumbing,Sarah Williams,USPS,43.0,31-60,Closed,Closed,"Jackson, ID|2023-05-08"
"Lexington, WV",2023-05-08,2023-05-09,2023-05-10,2023-06-01,2266432,2024-01-30,2799799,424.35,Closed,Urgent,Repair,HVAC Repairs,Mike Johnson,USPS,267.0,90+,Closed,Closed,"Lexington, WV|2023-05-08"
"Oxford, LA",2023-05-08,2023-06-22,2023-07-06,2023-07-12,2265986,2023-07-18,2799340,3450.0,Closed,Urgent,Repair,Painting,Sarah Williams,USPS,71.0,61-90,Closed,Closed,"Oxford, LA|2023-05-08"
"Troy, IA",2023-05-08,2023-05-09,2023-05-09,2023-05-09,2264199,2023-05-16,2797327,108.19,Closed,Urgent,Repair,Electrical Repairs,Sarah Williams,USPS,8.0,0-30,Closed,Closed,"Troy, IA|2023-05-08"
"Arlington, ID",2023-05-09,2023-05-23,2023-05-24,2023-06-04,2266009,2023-06-06,2799378,100.0,Closed,Urgent,Repair,Concrete,Sarah Williams,USPS,28.0,0-30,Closed,Closed,"Arlington, ID|2023-05-09"
"Bristol, WY",2023-05-09,,,,,,,165.0,Closed,Urgent,Repair,HVAC Repairs,Ashley Thompson,Internal,1079.0,90+,Closed,Closed,"Bristol, WY|2023-05-09"
"Anderson, PA",2023-05-10,2023-05-29,2023-07-15,2023-07-16,2267296,2023-07-18,2800626,130.0,Closed,Urgent,Repair,Concrete,Mike Johnson,USPS,69.0,61-90,Closed,Closed,"Anderson, PA|2023-05-10"
"Bloomington, WY",2023-05-10,2023-05-10,2023-05-11,2023-05-18,2267703,2023-06-06,2801107,222.0,Closed,Urgent,Repair,HVAC Repairs,Mike Johnson,USPS,27.0,0-30,Closed,Closed,"Bloomington, WY|2023-05-10"
"Burlington, AR",2023-05-10,2023-11-23,2023-12-14,2023-12-19,2259252,2024-02-07,2792124,80.0,Closed,Urgent,Repair,Ceiling Tiles,Mike Johnson,USPS,273.0,90+,Closed,Closed,"Burlington, AR|2023-05-10"
"Edison, WY",2023-05-10,2023-05-16,2023-05-17,2023-05-21,2267758,2023-05-31,2801124,80.0,Closed,Urgent,Repair,Doors,Brandon Davis,USPS,21.0,0-30,Closed,Closed,"Edison, WY|2023-05-10"
"Florence, MO",2023-05-10,2024-01-23,2024-02-11,2024-02-14,2267026,2024-02-27,2800457,,Closed,Urgent,Repair,Painting,Sarah Williams,USPS,293.0,90+,Closed,Closed,"Florence, MO|2023-05-10"
"Florence, MO",2023-05-10,2023-11-16,2023-11-20,2023-11-20,2267026,2023-11-29,2800456,,Closed,Urgent,Repair,Doors,Sarah Williams,USPS,203.0,90+,Closed,Closed,"Florence, MO|2023-05-10"
"Lexington, WV",2023-05-10,2023-06-11,2023-08-23,2023-08-23,2267850,2023-09-06,2801240,500.82,Closed,Urgent,Repair,Structural,Brandon Davis,USPS,119.0,90+,Closed,Closed,"Lexington, WV|2023-05-10"
"Newport, WA",2023-05-10,2023-05-14,2023-06-04,2023-06-19,,2023-06-20,,730.99,Closed,Urgent,Repair,Electrical Repairs,Brandon Davis,Internal,41.0,31-60,Closed,Closed,"Newport, WA|2023-05-10"
"Norwood, ID",2023-05-10,2023-05-09,2023-05-10,2023-05-21,2267470,,2800887,,Closed,Urgent,Repair,Roof Repair,Mike Johnson,USPS,1078.0,90+,Closed,Closed,"Norwood, ID|2023-05-10"
"Norwood, ID",2023-05-10,2023-05-10,2023-05-11,2023-05-21,2267470,2023-05-31,2801957,237.5,Closed,Urgent,Repair,HVAC Repairs,Mike Johnson,USPS,21.0,0-30,Closed,Closed,"Norwood, ID|2023-05-10"
"Oxford, LA",2023-05-10,2023-06-07,2023-06-22,2023-06-22,2266743,2023-06-27,2800126,295.0,Closed,Urgent,Repair,Doors,Sarah Williams,USPS,48.0,31-60,Closed,Closed,"Oxford, LA|2023-05-10"
"Rockville, VT",2023-05-10,2023-05-24,2023-05-29,2023-05-30,2268011,2023-07-27,2801378,300.0,Closed,Urgent,Repair,Gutters,Mike Johnson,USPS,78.0,61-90,Closed,Closed,"Rockville, VT|2023-05-10"
"Plymouth, WV",2023-05-12,2023-08-24,2023-10-31,,,2023-12-18,,16450.0,Closed,Urgent,Repair,Roof Repair,Sarah Williams,Internal,220.0,90+,Closed,Closed,"Plymouth, WV|2023-05-12"
"Anderson, VA",2023-05-15,2023-05-18,2023-05-18,2023-05-22,2268791,2023-05-31,2802167,266.43,Closed,Urgent,Repair,Doors,Sarah Williams,USPS,16.0,0-30,Closed,Closed,"Anderson, VA|2023-05-15"
"Danville, NE",2023-05-15,2023-06-25,2023-06-28,2023-06-28,2268446,2023-07-05,2801921,452.0,Closed,Urgent,Repair,Doors,Brandon Davis,USPS,51.0,31-60,Closed,Closed,"Danville, NE|2023-05-15"
"Danville, NM",2023-05-15,2023-06-04,2023-06-26,2023-07-26,2269129,2023-08-01,2802645,255.0,Closed,Urgent,Repair,Electrical Repairs,Brandon Davis,USPS,78.0,61-90,Closed,Closed,"Danville, NM|2023-05-15"
"Georgetown, SD",2023-05-15,2023-06-13,2023-06-20,2023-07-02,2269057,2023-07-11,2802522,398.45,Closed,Urgent,Repair,HVAC Repairs,Mike Johnson,USPS,57.0,31-60,Closed,Closed,"Georgetown, SD|2023-05-15"
"Hamilton, ND",2023-05-15,2023-06-06,2023-06-08,2023-06-08,2269365,2023-06-12,2802894,135.0,Closed,Urgent,Repair,Doors,Brandon Davis,USPS,28.0,0-30,Closed,Closed,"Hamilton, ND|2023-05-15"
"Lexington, WV",2023-05-15,2023-06-05,2023-06-13,2023-06-14,2269103,2023-06-20,2802649,200.0,Closed,Urgent,Repair,Doors,Brandon Davis,USPS,36.0,31-60,Closed,Closed,"Lexington, WV|2023-05-15"
"Mount Vernon, AR",2023-05-15,2023-07-14,2023-08-27,2023-08-28,,2023-09-26,,9200.0,Closed,Urgent,Repair,Paving (Repair),Mike Johnson,Internal,134.0,90+,Closed,Closed,"Mount Vernon, AR|2023-05-15"
"Troy, MD",2023-05-15,,,,,,,,Closed,Urgent,Repair,Roof Replacement - Shingle,Ashley Thompson,Internal,1073.0,90+,Closed,Closed,"Troy, MD|2023-05-15"
"Bristol, IA",2023-05-16,2023-05-17,2023-05-25,2023-05-31,2271004,2023-06-12,2804604,353.02,Closed,Urgent,Repair,Roof Repair,Mike Johnson,USPS,27.0,0-30,Closed,Closed,"Bristol, IA|2023-05-16"
"Clayton, NV",2023-05-16,2023-06-27,2023-10-29,2023-11-13,2270009,2024-02-07,2803522,,Closed,Urgent,Repair,Roof Repair,Sarah Williams,USPS,267.0,90+,Closed,Closed,"Clayton, NV|2023-05-16"
"Danville, NM",2023-05-16,,2023-06-04,2023-09-19,2269676,2023-07-30,2803162,,Closed,Urgent,Repair,Plumbing,Brandon Davis,USPS,75.0,61-90,Closed,Closed,"Danville, NM|2023-05-16"
"Dayton, NE",2023-05-16,2023-05-25,2023-07-12,2023-08-06,2270022,2023-09-26,2803558,832.39,Closed,Urgent,Repair,HVAC Repairs,Brandon Davis,USPS,133.0,90+,Closed,Closed,"Dayton, NE|2023-05-16"
"Fairview, MD",2023-05-16,2023-05-17,2023-06-11,2023-06-21,2270176,2023-06-27,2803638,125.0,Closed,Urgent,Repair,Electrical Repairs,Sarah Williams,USPS,42.0,31-60,Closed,Closed,"Fairview, MD|2023-05-16"
"Mount Vernon, MA",2023-05-16,2023-05-16,2023-06-01,2023-06-07,2270389,2023-06-20,2804013,1120.0,Closed,Urgent,Repair,HVAC Repairs,Mike Johnson,USPS,35.0,31-60,Closed,Closed,"Mount Vernon, MA|2023-05-16"
"Bristol, GA",2023-05-18,2023-05-22,2023-05-25,2023-06-06,,2023-06-12,,120.59,Closed,Normal,Repair,Electrical Repairs,Sarah Williams,Internal,25.0,0-30,Closed,Closed,"Bristol, GA|2023-05-18"
"Ashland, AZ",2023-05-21,2023-06-04,2023-07-31,2023-07-31,2271639,2023-08-01,2805312,172.29,Closed,Urgent,Repair,Plumbing,Brandon Davis,USPS,72.0,61-90,Closed,Closed,"Ashland, AZ|2023-05-21"
"Clinton, SC",2023-05-21,2023-05-25,2023-05-30,2023-05-30,2271344,2023-06-06,2804824,121.43,Closed,Urgent,Repair,Plumbing,Brandon Davis,USPS,16.0,0-30,Closed,Closed,"Clinton, SC|2023-05-21"
"Georgetown, IL",2023-05-21,2023-10-31,2023-11-07,2023-11-12,2272405,2023-11-26,2806133,250.0,Closed,Urgent,Repair,Striping,Sarah Williams,USPS,189.0,90+,Closed,Closed,"Georgetown, IL|2023-05-21"
"Georgetown, IL",2023-05-21,2023-05-22,2023-05-31,2023-06-04,2272402,2023-06-06,2806131,140.0,Closed,Urgent,Repair,Plumbing,Sarah Williams,USPS,16.0,0-30,Closed,Closed,"Georgetown, IL|2023-05-21"
"Riverside, VT",2023-05-22,2023-06-19,2023-06-25,2023-07-23,2272909,2023-06-26,2806600,374.0,Closed,Urgent,Repair,Doors,Brandon Davis,USPS,35.0,31-60,Closed,Closed,"Riverside, VT|2023-05-22"
"Clinton, KY",2023-05-23,2023-11-06,2023-11-16,2023-11-19,2273400,2023-12-20,2807164,,Closed,Urgent,Repair,Paving (Repair),Sarah Williams,USPS,211.0,90+,Closed,Closed,"Clinton, KY|2023-05-23"
"Clinton, KY",2023-05-23,2023-11-06,2023-11-16,2023-11-19,2273400,2023-12-20,3807163,2500.0,Closed,Urgent,Repair,Paving (Repair),Sarah Williams,USPS,211.0,90+,Closed,Closed,"Clinton, KY|2023-05-23"
"Georgetown, ME",2023-05-23,2023-05-24,2023-05-25,2023-05-25,2273142,2023-05-31,2806897,490.56,Closed,Urgent,Repair,HVAC Repairs,Mike Johnson,USPS,8.0,0-30,Closed,Closed,"Georgetown, ME|2023-05-23"
"Georgetown, NJ",2023-05-23,2023-05-24,2023-05-30,2023-05-31,2272407,2023-06-06,2806136,91.64,Closed,Urgent,Repair,Electrical Repairs,Brandon Davis,USPS,14.0,0-30,Closed,Closed,"Georgetown, NJ|2023-05-23"
"Hudson, MO",2023-05-23,,,,,2023-12-10,,0.0,Closed,Urgent,Repair,HVAC Repairs,Mike Johnson,Internal,201.0,90+,Closed,Closed,"Hudson, MO|2023-05-23"
"Rockville, NY",2023-05-23,2023-12-07,2023-12-07,2023-12-10,2273115,2023-12-12,2806816,50.0,Closed,Urgent,Repair,Roof Repair,Sarah Williams,USPS,203.0,90+,Closed,Closed,"Rockville, NY|2023-05-23"
"Winchester, MI",2023-05-23,2023-08-17,2023-08-31,2023-09-12,2273125,2023-09-13,2806873,900.0,Closed,Urgent,Repair,Roof Repair,Sarah Williams,USPS,113.0,90+,Closed,Closed,"Winchester, MI|2023-05-23"
"Florence, MT",2023-05-25,2024-04-12,,,2273740,2024-06-18,2807523,6600.0,Closed,Urgent,Repair,Roof Repair,Sarah Williams,USPS,390.0,90+,Closed,Closed,"Florence, MT|2023-05-25"
"Hamilton, PA",2023-05-25,,2023-05-19,,,2023-05-31,,173.2,Closed,Normal,Repair,Landscaping,Sarah Williams,Internal,6.0,0-30,Closed,Closed,"Hamilton, PA|2023-05-25"
"Arlington, IN",2023-05-29,2023-06-07,2023-06-08,2023-06-21,2273786,2023-06-27,2807565,250.0,Closed,Urgent,Repair,Roof Repair,Sarah Williams,USPS,29.0,0-30,Closed,Closed,"Arlington, IN|2023-05-29"
"Ashland, NY",2023-05-29,2023-07-24,2023-08-09,2023-08-10,2275074,2023-08-14,2808914,300.0,Closed,Urgent,Repair,Ceiling Tiles,Brandon Davis,USPS,77.0,61-90,Closed,Closed,"Ashland, NY|2023-05-29"
"Fairview, AL",2023-05-29,2023-08-16,2023-09-10,2023-09-20,2273561,2023-10-03,2807396,200.0,Closed,Normal,Repair,Painting,Sarah Williams,USPS,127.0,90+,Closed,Closed,"Fairview, AL|2023-05-29"
"Farmington, KS",2023-05-29,2023-05-31,2023-06-14,2023-06-21,2274422,2024-01-03,2808264,,Closed,Urgent,Repair,Roof Repair,Sarah Williams,USPS,219.0,90+,Closed,Closed,"Farmington, KS|2023-05-29"
"Lexington, WV",2023-05-29,2023-05-22,2023-05-31,2023-06-01,,2023-12-12,,164.58,Closed,Normal,Repair,HVAC Repairs,Mike Johnson,Internal,197.0,90+,Closed,Closed,"Lexington, WV|2023-05-29"
"Auburn, MS",2023-05-30,2023-06-05,2023-06-06,2023-06-26,,2023-06-27,,90.0,Closed,Normal,Repair,Electrical Repairs,Brandon Davis,Internal,28.0,0-30,Closed,Closed,"Auburn, MS|2023-05-30"
"Gainesville, MT",2023-05-30,2023-07-13,2023-07-25,2023-07-26,2275820,2023-08-01,2809749,5125.0,Closed,Emergency,Repair,HVAC Repairs,Mike Johnson,USPS,63.0,61-90,Closed,Closed,"Gainesville, MT|2023-05-30"
"Lexington, TX",2023-05-30,2023-08-29,2023-09-06,2023-09-12,,2023-09-19,,472.33,Closed,Normal,Repair,HVAC Repairs,Mike Johnson,Internal,112.0,90+,Closed,Closed,"Lexington, TX|2023-05-30"
"Lexington, TX",2023-05-30,2023-09-06,2023-09-11,2023-09-14,,2023-09-19,,989.0,Closed,Normal,Repair,HVAC PM,Mike Johnson,Internal,112.0,90+,Closed,Closed,"Lexington, TX|2023-05-30"
"Ashland, NY",2023-05-31,2023-06-26,2023-07-20,2023-07-30,2275579,2023-08-01,2809440,500.0,Closed,Urgent,Repair,Painting,Sarah Williams,USPS,62.0,61-90,Closed,Closed,"Ashland, NY|2023-05-31"
"Dayton, IA",2023-05-31,,,,,,,737.31,Closed,Urgent,Repair,Ceiling Tiles,Ashley Thompson,Internal,1057.0,90+,Closed,Closed,"Dayton, IA|2023-05-31"
"Madison, CA",2023-05-31,2023-06-28,2023-07-12,2023-07-26,2275311,2023-08-01,2809172,3625.78,Closed,Urgent,Repair,Doors,Sarah Williams,USPS,62.0,61-90,Closed,Closed,"Madison, CA|2023-05-31"
"Ashland, IN",2023-06-01,2023-06-12,2023-06-21,2023-06-26,2275646,2023-07-05,2809559,208.9,Closed,Urgent,Repair,Doors,Mike Johnson,USPS,34.0,31-60,Closed,Closed,"Ashland, IN|2023-06-01"
"Ashland, IN",2023-06-01,,2023-06-21,2023-08-07,2275646,2023-10-25,2809575,455.45,Closed,Urgent,Repair,HVAC Repairs,Mike Johnson,USPS,146.0,90+,Closed,Closed,"Ashland, IN|2023-06-01"
"Ashland, IN",2023-06-01,2023-08-03,2023-08-16,2023-08-20,2275646,2023-08-22,2809576,1274.68,Closed,Urgent,Repair,Electrical Repairs,Brandon Davis,USPS,82.0,61-90,Closed,Closed,"Ashland, IN|2023-06-01"
"Ashland, NV",2023-06-01,,2023-06-04,2023-06-11,2276197,2023-06-11,2810042,0.0,Closed,Normal,Repair,Misc. Repairs,Brandon Davis,USPS,10.0,0-30,Closed,Closed,"Ashland, NV|2023-06-01"
"Carrollton, OH",2023-06-01,2023-06-08,2024-03-20,,,2024-04-12,,135.31,Closed,Normal,Repair,HVAC PM,Ashley Thompson,Internal,316.0,90+,Closed,Closed,"Carrollton, OH|2023-06-01"
"Centerville, MS",2023-06-01,2023-06-11,2023-07-10,2023-07-11,2276435,2023-07-18,2810351,1592.0,Closed,Urgent,Repair,HVAC Repairs,Mike Johnson,USPS,47.0,31-60,Closed,Closed,"Centerville, MS|2023-06-01"
"Danville, CO",2023-06-01,2023-03-02,2023-03-06,,,2023-06-06,,350.0,Closed,Normal,Repair,HVAC Repairs,Mike Johnson,Internal,5.0,0-30,Closed,Closed,"Danville, CO|2023-06-01"
"Franklin, WA",2023-06-01,2023-08-29,2023-09-26,,,2024-01-17,,241.92,Closed,Normal,Repair,HVAC PM,Ashley Thompson,Internal,230.0,90+,Closed,Closed,"Franklin, WA|2023-06-01"
"Jackson, FL",2023-06-01,2023-05-30,2023-06-05,2023-06-06,2810196,2023-06-20,2276189,180.0,Closed,Urgent,Repair,HVAC Repairs,Sarah Williams,USPS,19.0,0-30,Closed,Closed,"Jackson, FL|2023-06-01"
"Lancaster, ID",2023-06-01,2023-05-25,2023-05-29,2023-06-01,2275464,2023-06-19,2809369,205.5,Closed,Urgent,Repair,HVAC Repairs,Sarah Williams,USPS,18.0,0-30,Closed,Closed,"Lancaster, ID|2023-06-01"
"Norwood, ID",2023-06-01,2024-04-03,,,,,,1500.0,Closed,Normal,Repair,HVAC PM,Ashley Thompson,Internal,1056.0,90+,Closed,Closed,"Norwood, ID|2023-06-01"
"Hamilton, CT",2023-06-03,,,,,2024-05-07,,,Closed,Urgent,Repair,Plumbing,Ashley Thompson,Internal,339.0,90+,Closed,Closed,"Hamilton, CT|2023-06-03"
"Ashland, AZ",2023-06-04,2023-10-22,2023-10-26,2023-10-29,2277022,2024-01-17,2810957,,Closed,Urgent,Repair,Doors,Brandon Davis,USPS,227.0,90+,Closed,Closed,"Ashland, AZ|2023-06-04"
"Ashland, AZ",2023-06-04,2024-04-19,2024-05-13,2024-05-14,2277023,2024-05-22,2810958,,Closed,Urgent,Repair,Roof Repair,Brandon Davis,USPS,353.0,90+,Closed,Closed,"Ashland, AZ|2023-06-04"
"Auburn, FL",2023-06-04,2023-06-04,2023-07-10,2023-07-10,,2023-07-18,,1650.0,Closed,Normal,Repair,Siding,Mike Johnson,Internal,44.0,31-60,Closed,Closed,"Auburn, FL|2023-06-04"
"Clayton, MS",2023-06-04,,2023-12-18,,,2023-12-26,,,Closed,Normal,Repair,Roof Repair,Brandon Davis,Internal,205.0,90+,Closed,Closed,"Clayton, MS|2023-06-04"
"Danville, OH",2023-06-04,2023-06-12,2023-06-12,2023-06-13,2277169,2023-06-19,2811178,80.0,Closed,Urgent,Repair,Doors,Sarah Williams,USPS,15.0,0-30,Closed,Closed,"Danville, OH|2023-06-04"
"Franklin, HI",2023-06-04,2023-06-27,2023-08-07,2023-08-09,2276969,2023-08-14,2810972,120.0,Closed,Urgent,Repair,Roof Repair,Brandon Davis,USPS,71.0,61-90,Closed,Closed,"Franklin, HI|2023-06-04"
"Georgetown, NC",2023-06-04,2023-06-25,2023-07-02,2023-07-16,2277060,2023-07-24,2811021,625.0,Closed,Urgent,Repair,Roof Repair,Brandon Davis,USPS,50.0,31-60,Closed,Closed,"Georgetown, NC|2023-06-04"
"Hudson, MO",2023-06-04,2023-06-05,2023-06-08,2023-06-11,2276691,2023-06-12,2810541,157.6,Closed,Urgent,Repair,Plumbing,Mike Johnson,USPS,8.0,0-30,Closed,Closed,"Hudson, MO|2023-06-04"
"Oxford, IA",2023-06-04,2023-06-05,2023-06-19,2023-06-25,2277655,2023-08-01,2811649,225.0,Closed,Urgent,Repair,Roof Repair,Mike Johnson,USPS,58.0,31-60,Closed,Closed,"Oxford, IA|2023-06-04"
"Oxford, NH",2023-06-04,2023-06-04,2023-06-06,2023-06-11,,2023-06-12,,222.13,Closed,Urgent,Repair,HVAC Repairs,Mike Johnson,Internal,8.0,0-30,Closed,Closed,"Oxford, NH|2023-06-04"
"Salem, SC",2023-06-04,2023-10-17,2024-03-05,2024-03-04,2276114,2024-05-08,2809993,,Closed,Urgent,Repair,Roof Repair,Brandon Davis,USPS,339.0,90+,Closed,Closed,"Salem, SC|2023-06-04"
"Ashland, AZ",2023-06-05,2023-06-18,2023-06-19,2023-06-25,2277026,2023-07-18,2810960,303.39,Closed,Urgent,Repair,Roof Repair,Brandon Davis,USPS,43.0,31-60,Closed,Closed,"Ashland, AZ|2023-06-05"
"Auburn, MS",2023-06-05,2023-06-05,2023-06-08,,,2023-06-08,,,Closed,Normal,Repair,HVAC Repairs,Brandon Davis,Internal,3.0,0-30,Closed,Closed,"Auburn, MS|2023-06-05"
"Auburn, TN",2023-06-05,2023-06-11,2023-06-20,,,2023-07-05,,100.0,Closed,Low,Repair,Plumbing,Mike Johnson,Internal,30.0,0-30,Closed,Closed,"Auburn, TN|2023-06-05"
"Clinton, GA",2023-06-06,2023-07-26,2023-07-31,2023-08-01,2277327,2023-08-08,2811294,450.0,Closed,Urgent,Repair,HVAC Repairs,Brandon Davis,USPS,63.0,61-90,Closed,Closed,"Clinton, GA|2023-06-06"
"Fairview, AL",2023-06-06,2023-06-27,2023-07-06,2023-07-18,2278065,2023-07-24,2812075,150.0,Closed,Urgent,Repair,Paving (Repair),Sarah Williams,USPS,48.0,31-60,Closed,Closed,"Fairview, AL|2023-06-06"
"Arlington, CO",2023-06-08,2023-08-27,2023-09-26,2023-09-26,2276891,2023-09-26,2810798,0.0,Closed,Urgent,Repair,HVAC Repairs,Brandon Davis,USPS,110.0,90+,Closed,Closed,"Arlington, CO|2023-06-08"
"Bristol, LA",2023-06-08,2023-07-02,2023-07-06,2023-07-11,2279348,2023-10-03,2813459,737.6,Closed,Urgent,Repair,HVAC Repairs,Mike Johnson,USPS,117.0,90+,Closed,Closed,"Bristol, LA|2023-06-08"
"Clinton, SC",2023-06-08,,,,,2024-02-08,,,Closed,Normal,Repair,HVAC PM,Ashley Thompson,Internal,245.0,90+,Closed,Closed,"Clinton, SC|2023-06-08"
"Clinton, VA",2023-06-08,2023-07-10,2023-07-13,2023-07-16,2279573,2023-08-21,2813690,10838.0,Closed,Urgent,Repair,HVAC Repairs,Mike Johnson,USPS,74.0,61-90,Closed,Closed,"Clinton, VA|2023-06-08"
"Columbia, OR",2023-06-08,2023-06-12,2023-06-20,2023-06-27,2278790,2023-07-05,2812891,34.0,Closed,Normal,Repair,Gutters,Sarah Williams,USPS,27.0,0-30,Closed,Closed,"Columbia, OR|2023-06-08"
"Danville, NM",2023-06-08,2023-06-18,2023-06-18,,2278187,2023-08-15,2812244,236.45,Closed,Urgent,Repair,Doors,Brandon Davis,USPS,68.0,61-90,Closed,Closed,"Danville, NM|2023-06-08"
"Dover, VT",2023-06-08,2024-03-13,2024-03-26,,,2024-04-03,,1170.0,Closed,Normal,Repair,HVAC PM,Ashley Thompson,Internal,300.0,90+,Closed,Closed,"Dover, VT|2023-06-08"
"Florence, MT",2023-06-08,2024-05-23,2024-06-06,,,2024-06-27,,970.0,Closed,Normal,Repair,HVAC PM,Ashley Thompson,Internal,385.0,90+,Closed,Closed,"Florence, MT|2023-06-08"
"Georgetown, PA",2023-06-08,2023-06-08,2023-06-11,2023-06-15,2278847,2023-06-20,2812845,154.0,Closed,Urgent,Repair,HVAC Repairs,Mike Johnson,USPS,12.0,0-30,Closed,Closed,"Georgetown, PA|2023-06-08"
"Lexington, WV",2023-06-08,,,,,2024-02-07,,,Closed,Normal,Repair,HVAC PM,Mike Johnson,Internal,244.0,90+,Closed,Closed,"Lexington, WV|2023-06-08"
"Oakland, MI",2023-06-08,2023-06-08,2023-06-08,2023-06-20,2278453,2023-07-11,2812445,755.22,Closed,Urgent,Repair,HVAC Repairs,Mike Johnson,USPS,33.0,31-60,Closed,Closed,"Oakland, MI|2023-06-08"
"Oakland, NC",2023-06-08,,,,,,,,Closed,Normal,Repair,HVAC PM,Ashley Thompson,Internal,1049.0,90+,Closed,Closed,"Oakland, NC|2023-06-08"
"Troy, IA",2023-06-08,2024-03-13,2024-03-14,,,2024-03-29,,320.0,Closed,Normal,Repair,HVAC PM,Ashley Thompson,Internal,295.0,90+,Closed,Closed,"Troy, IA|2023-06-08"
"Troy, IA",2023-06-08,2023-06-08,2023-06-08,2023-06-11,2278386,2024-02-07,2812442,490.0,Closed,Urgent,Repair,HVAC Repairs,Mike Johnson,USPS,244.0,90+,Closed,Closed,"Troy, IA|2023-06-08"
"Ashland, WA",2023-06-10,2023-10-10,2023-10-12,2023-11-09,,2023-11-20,,317.5,Closed,Normal,Repair,HVAC PM,Mike Johnson,Internal,163.0,90+,Closed,Closed,"Ashland, WA|2023-06-10"
"Fairview, ME",2023-06-10,,,,,,,,Closed,Normal,Repair,HVAC PM,Ashley Thompson,Internal,1047.0,90+,Closed,Closed,"Fairview, ME|2023-06-10"
"Hamilton, OH",2023-06-10,2023-12-14,2023-12-14,,,2023-12-18,,123.83,Closed,Normal,Repair,HVAC PM,Ashley Thompson,Internal,191.0,90+,Closed,Closed,"Hamilton, OH|2023-06-10"
"Arlington, MN",2023-06-11,2023-06-12,2023-06-14,2023-06-19,2280146,2023-06-20,2814304,135.0,Closed,Urgent,Repair,Plumbing,Brandon Davis,USPS,9.0,0-30,Closed,Closed,"Arlington, MN|2023-06-11"
"Dayton, MA",2023-06-11,2023-06-14,2023-06-21,2023-06-26,2279575,2023-06-27,2813711,250.0,Closed,Urgent,Repair,Ceiling Tiles,Brandon Davis,USPS,16.0,0-30,Closed,Closed,"Dayton, MA|2023-06-11"
"Florence, KY",2023-06-11,2023-06-14,2023-06-15,2023-06-25,2280092,2023-07-05,2814251,1079.0,Closed,Urgent,Repair,HVAC Repairs,Mike Johnson,USPS,24.0,0-30,Closed,Closed,"Florence, KY|2023-06-11"
"Georgetown, ME",2023-06-11,2023-06-18,2023-06-26,2023-07-09,2279856,2023-08-01,2813992,738.5,Closed,Urgent,Repair,HVAC Repairs,Mike Johnson,USPS,51.0,31-60,Closed,Closed,"Georgetown, ME|2023-06-11"
"Lexington, WV",2023-06-11,2023-07-12,2023-08-02,2023-08-14,2279616,2023-08-15,2813719,125.0,Closed,Urgent,Repair,Flooring,Sarah Williams,USPS,65.0,61-90,Closed,Closed,"Lexington, WV|2023-06-11"
"Riverside, TX",2023-06-11,2023-06-15,2023-06-26,2023-07-09,2279609,2023-07-11,2813722,95.0,Closed,Urgent,Repair,HVAC Repairs,Mike Johnson,USPS,30.0,0-30,Closed,Closed,"Riverside, TX|2023-06-11"
"Hamilton, PA",2023-06-12,,2023-06-08,,,2023-06-12,,173.2,Closed,Normal,Repair,Landscaping,Sarah Williams,Internal,0.0,0-30,Closed,Closed,"Hamilton, PA|2023-06-12"
"Salem, VT",2023-06-12,2025-02-25,2025-03-01,2025-03-05,,2025-03-12,,400.0,Closed,Normal,Repair,Flooring,Kevin Miller,Internal,639.0,90+,Closed,Closed,"Salem, VT|2023-06-12"
"Bristol, WY",2023-06-13,,,,,,,370.0,Closed,Urgent,Repair,Electrical Repairs,Ashley Thompson,Internal,1044.0,90+,Closed,Closed,"Bristol, WY|2023-06-13"
"Anderson, MS",2023-06-14,2023-08-17,2023-12-24,2023-12-27,2280817,2024-01-03,2815069,,Closed,Urgent,Repair,Roof Repair,Sarah Williams,USPS,203.0,90+,Closed,Closed,"Anderson, MS|2023-06-14"
"Ashland, WA",2023-06-14,2023-06-20,2023-06-26,2023-06-29,,2023-07-10,,1034.0,Closed,Normal,Repair,Plumbing,Mike Johnson,Internal,26.0,0-30,Closed,Closed,"Ashland, WA|2023-06-14"
"Clinton, GA",2023-06-14,2023-06-21,,2023-08-16,2280939,2023-08-21,2815190,350.0,Closed,Urgent,Repair,Roof Repair,Sarah Williams,USPS,68.0,61-90,Closed,Closed,"Clinton, GA|2023-06-14"
"Danville, CO",2023-06-14,,,,,2023-07-31,,0.0,Closed,Urgent,Repair,Roof Repair,Mike Johnson,Internal,47.0,31-60,Closed,Closed,"Danville, CO|2023-06-14"
"Greenville, IL",2023-06-14,2023-08-27,2023-10-31,2023-11-02,2281026,2024-01-14,2815280,48381.0,Closed,Emergency,Repair,HVAC Repairs,Mike Johnson,USPS,214.0,90+,Closed,Closed,"Greenville, IL|2023-06-14"
"Marion, GA",2023-06-14,,2023-07-30,,,2023-08-22,,,Closed,Normal,Repair,HVAC PM,Sarah Williams,Internal,69.0,61-90,Closed,Closed,"Marion, GA|2023-06-14"
"Oxford, NH",2023-06-14,2023-06-14,2023-06-14,2023-06-19,2280499,2023-06-20,2814607,119.0,Closed,Urgent,Repair,HVAC PM,Mike Johnson,USPS,6.0,0-30,Closed,Closed,"Oxford, NH|2023-06-14"
"Bristol, FL",2023-06-15,2023-08-31,2023-11-03,2023-11-06,2281428,2023-11-07,2815750,1400.0,Closed,Urgent,Repair,Drive Thru,Mike Johnson,USPS,145.0,90+,Closed,Closed,"Bristol, FL|2023-06-15"
"Burlington, MN",2023-06-15,2023-06-21,2023-06-21,2023-06-21,2281602,2023-06-27,2815808,229.09,Closed,Urgent,Repair,Plumbing,Brandon Davis,USPS,12.0,0-30,Closed,Closed,"Burlington, MN|2023-06-15"
"Carrollton, MS",2023-06-15,,,2023-07-05,2281476,2023-07-05,2815764,,Closed,Urgent,Repair,Roof Repair,Sarah Williams,USPS,20.0,0-30,Closed,Closed,"Carrollton, MS|2023-06-15"
"Franklin, HI",2023-06-15,2023-08-14,2023-09-13,2023-09-13,2281451,2023-09-19,2815680,2907.1,Closed,Urgent,Repair,Drive Thru,Mike Johnson,USPS,96.0,90+,Closed,Closed,"Franklin, HI|2023-06-15"
"Franklin, HI",2023-06-15,2023-06-15,2023-06-15,2023-06-16,,2023-07-05,,1000.0,Closed,Normal,Repair,Drive Thru,Mike Johnson,Internal,20.0,0-30,Closed,Closed,"Franklin, HI|2023-06-15"
"Manchester, MA",2023-06-15,2023-06-21,,2023-07-26,2281415,2023-08-17,2815658,,Closed,Urgent,Repair,Roof Repair,Sarah Williams,USPS,63.0,61-90,Closed,Closed,"Manchester, MA|2023-06-15"
"Oakland, NC",2023-06-15,,2023-07-17,2023-07-18,2281055,2024-02-06,2815297,,Closed,Urgent,Repair,Concrete,Brandon Davis,USPS,236.0,90+,Closed,Closed,"Oakland, NC|2023-06-15"
"Oakland, NC",2023-06-15,,2023-07-16,2023-07-18,2281084,2023-07-18,2815313,,Closed,Urgent,Repair,Concrete,Brandon Davis,USPS,33.0,31-60,Closed,Closed,"Oakland, NC|2023-06-15"
"Oakland, OR",2023-06-15,2023-07-10,2023-07-11,,,2024-02-07,,370.0,Closed,Normal,Repair,Painting,Mike Johnson,Internal,237.0,90+,Closed,Closed,"Oakland, OR|2023-06-15"
"Springfield, AR",2023-06-15,2023-06-20,2023-06-20,2023-06-20,2281255,2023-06-27,2815499,250.0,Closed,Urgent,Repair,Doors,Brandon Davis,USPS,12.0,0-30,Closed,Closed,"Springfield, AR|2023-06-15"
"Albany, NJ",2023-06-18,2023-07-30,2023-08-02,2023-09-13,2281371,2023-09-19,2815575,500.0,Closed,Urgent,Repair,Roof Repair,Brandon Davis,USPS,93.0,90+,Closed,Closed,"Albany, NJ|2023-06-18"
"Albany, NJ",2023-06-18,2023-06-18,2023-06-20,2023-07-27,2282102,2023-08-08,2816456,483.1,Closed,Urgent,Repair,Plumbing,Mike Johnson,USPS,51.0,31-60,Closed,Closed,"Albany, NJ|2023-06-18"
"Bloomington, MS",2023-06-18,2023-06-18,2023-06-19,2023-06-21,2282039,2023-06-27,2816350,135.0,Closed,Urgent,Repair,HVAC Repairs,Sarah Williams,USPS,9.0,0-30,Closed,Closed,"Bloomington, MS|2023-06-18"
"Bristol, OH",2023-06-18,2023-07-24,2023-07-31,2023-08-03,2282268,2023-08-22,2816602,4956.18,Closed,Urgent,Repair,HVAC Repairs,Sarah Williams,USPS,65.0,61-90,Closed,Closed,"Bristol, OH|2023-06-18"
"Fairview, MD",2023-06-18,,2023-06-18,2023-06-25,2282118,,2816363,,Closed,Urgent,Repair,Plumbing,Brandon Davis,USPS,1039.0,90+,Closed,Closed,"Fairview, MD|2023-06-18"
"Riverside, VT",2023-06-18,2023-08-10,2023-09-05,2023-10-02,2282107,2023-10-10,2816430,450.0,Closed,Normal,Repair,Vandalism,Brandon Davis,USPS,114.0,90+,Closed,Closed,"Riverside, VT|2023-06-18"
"Centerville, RI",2023-06-19,2023-07-13,2023-07-17,,,2024-03-27,,282.5,Closed,Normal,Repair,HVAC PM,Ashley Thompson,Internal,282.0,90+,Closed,Closed,"Centerville, RI|2023-06-19"
"Columbia, MO",2023-06-19,2023-06-19,2023-08-23,,,2024-02-08,,680.0,Closed,Urgent,Repair,HVAC PM,Ashley Thompson,Internal,234.0,90+,Closed,Closed,"Columbia, MO|2023-06-19"
"Danville, CO",2023-06-19,2023-06-26,2024-06-15,,,2024-06-21,,300.0,Closed,Normal,Repair,HVAC PM,Ashley Thompson,Internal,368.0,90+,Closed,Closed,"Danville, CO|2023-06-19"
"Danville, NM",2023-06-19,,2023-07-23,2023-09-19,2282779,2023-08-14,2817150,,Closed,Urgent,Repair,Plumbing,Brandon Davis,USPS,56.0,31-60,Closed,Closed,"Danville, NM|2023-06-19"
"Winchester, GA",2023-06-19,2024-04-16,2024-04-30,,,,,1560.0,Closed,Urgent,Repair,HVAC PM,Ashley Thompson,Internal,1038.0,90+,Closed,Closed,"Winchester, GA|2023-06-19"
"Ashland, IN",2023-06-20,2023-07-18,2023-08-06,2023-08-07,2283508,2023-08-14,2817921,5790.0,Closed,Urgent,Repair,HVAC Repairs,Mike Johnson,USPS,55.0,31-60,Closed,Closed,"Ashland, IN|2023-06-20"
"Clayton, NC",2023-06-20,,2023-06-20,2023-06-21,2283604,2023-08-17,2817887,,Closed,Urgent,Repair,HVAC Repairs,Sarah Williams,USPS,58.0,31-60,Closed,Closed,"Clayton, NC|2023-06-20"
"Cleveland, ID",2023-06-20,2023-06-22,2023-07-06,2023-07-06,2283574,2023-08-31,2817827,,Closed,Normal,Repair,HVAC Repairs,Sarah Williams,USPS,72.0,61-90,Closed,Closed,"Cleveland, ID|2023-06-20"
"Fairview, MD",2023-06-20,,2023-06-21,2023-06-22,2283449,2023-08-22,2817823,145.09,Closed,Urgent,Repair,HVAC Repairs,Brandon Davis,USPS,63.0,61-90,Closed,Closed,"Fairview, MD|2023-06-20"
"Gainesville, AK",2023-06-20,2023-07-23,2023-07-31,2023-08-01,2283493,2023-08-08,2817864,3018.0,Closed,Urgent,Repair,HVAC Repairs,Sarah Williams,USPS,49.0,31-60,Closed,Closed,"Gainesville, AK|2023-06-20"
"Gainesville, HI",2023-06-20,,2023-06-21,2023-06-29,2283998,,2818394,0.0,Closed,Urgent,Repair,HVAC Repairs,Brandon Davis,USPS,1037.0,90+,Closed,Closed,"Gainesville, HI|2023-06-20"
"Gainesville, NH",2023-06-20,2023-07-20,2023-07-23,2023-07-27,,2023-08-01,,466.97,Closed,Urgent,Repair,Pest Control,Sarah Williams,Internal,42.0,31-60,Closed,Closed,"Gainesville, NH|2023-06-20"
"Georgetown, SD",2023-06-20,,,,,2024-01-21,,398.45,Closed,Normal,Repair,Roof Repair,Mike Johnson,Internal,215.0,90+,Closed,Closed,"Georgetown, SD|2023-06-20"
"Madison, MS",2023-06-20,2023-06-25,2023-06-26,2023-06-27,2283268,2023-07-18,2817634,759.0,Closed,Urgent,Repair,HVAC Repairs,Brandon Davis,USPS,28.0,0-30,Closed,Closed,"Madison, MS|2023-06-20"
"Madison, MS",2023-06-20,2023-07-23,2023-08-08,2023-08-09,2283268,2023-08-14,2817635,690.0,Closed,Urgent,Repair,Electrical Repairs,Brandon Davis,USPS,55.0,31-60,Closed,Closed,"Madison, MS|2023-06-20"
"Springfield, PA",2023-06-20,2023-09-12,2023-09-14,,,2023-10-10,,243.04,Closed,Urgent,Repair,Siding,Mike Johnson,Internal,112.0,90+,Closed,Closed,"Springfield, PA|2023-06-20"
"Ashland, AZ",2023-06-22,2023-06-22,2023-07-02,2023-07-03,2284179,2024-03-05,2818578,,Closed,Urgent,Repair,Electrical Repairs,Brandon Davis,USPS,257.0,90+,Closed,Closed,"Ashland, AZ|2023-06-22"
"Clayton, OH",2023-06-22,2023-06-22,2023-06-26,2023-06-26,2284820,2023-06-26,2819232,0.0,Closed,Urgent,Repair,Plumbing,Brandon Davis,USPS,4.0,0-30,Closed,Closed,"Clayton, OH|2023-06-22"
"Florence, IL",2023-06-22,2023-06-21,2023-06-29,2023-07-30,2284226,2023-07-30,2818652,,Closed,Urgent,Repair,Roof Repair,Sarah Williams,USPS,38.0,31-60,Closed,Closed,"Florence, IL|2023-06-22"
"Florence, IL",2023-06-22,2024-05-16,2024-06-21,2024-07-19,2284226,2024-08-20,2818653,800.0,Closed,Urgent,Repair,Paving (Repair),Sarah Williams,USPS,425.0,90+,Closed,Closed,"Florence, IL|2023-06-22"
"Georgetown, NJ",2023-06-22,2023-06-22,2023-06-26,2023-06-27,2285127,2023-07-11,2819589,70.0,Closed,Urgent,Repair,HVAC Repairs,Sarah Williams,USPS,19.0,0-30,Closed,Closed,"Georgetown, NJ|2023-06-22"
"Hudson, MI",2023-06-22,,2023-06-19,2023-06-25,2283996,2023-07-11,2818281,524.29,Closed,Urgent,Repair,HVAC Repairs,Sarah Williams,USPS,19.0,0-30,Closed,Closed,"Hudson, MI|2023-06-22"
"Lexington, WI",2023-06-22,2023-10-16,2023-11-01,2024-05-17,2283983,2024-05-22,2818363,,Closed,Urgent,Repair,Roof Repair,Brandon Davis,USPS,335.0,90+,Closed,Closed,"Lexington, WI|2023-06-22"
"Lexington, WV",2023-06-22,,2023-06-27,2023-09-19,2284476,2023-08-16,2818895,,Closed,Urgent,Repair,Doors,Brandon Davis,USPS,55.0,31-60,Closed,Closed,"Lexington, WV|2023-06-22"
"Riverside, VT",2023-06-22,,2023-10-09,2023-12-19,2284608,2024-03-12,2819093,,Closed,Urgent,Repair,Roof Repair,Sarah Williams,USPS,264.0,90+,Closed,Closed,"Riverside, VT|2023-06-22"
"Dayton, NE",2023-06-25,,,,,2024-01-17,,285.0,Closed,Urgent,Repair,Landscaping,Ashley Thompson,Internal,206.0,90+,Closed,Closed,"Dayton, NE|2023-06-25"
"Edison, CT",2023-06-25,2023-06-26,2023-06-26,2023-06-27,2284834,2023-07-18,2819261,118.0,Closed,Urgent,Repair,Plumbing,Sarah Williams,USPS,23.0,0-30,Closed,Closed,"Edison, CT|2023-06-25"
"Georgetown, SD",2023-06-25,2023-07-20,2023-07-23,2023-07-30,2285354,2023-08-01,2819812,237.25,Closed,Urgent,Repair,Roof Repair,Brandon Davis,USPS,37.0,31-60,Closed,Closed,"Georgetown, SD|2023-06-25"
"Georgetown, SD",2023-06-25,,,,,2024-01-21,,,Closed,Normal,Repair,HVAC Repairs,Mike Johnson,Internal,210.0,90+,Closed,Closed,"Georgetown, SD|2023-06-25"
"Ashland, AZ",2023-06-26,2023-06-26,2023-07-02,2023-07-03,2285960,2024-02-27,2820478,,Closed,Urgent,Repair,Electrical Repairs,Brandon Davis,USPS,246.0,90+,Closed,Closed,"Ashland, AZ|2023-06-26"
"Clayton, OH",2023-06-26,2023-09-27,2023-10-05,2023-10-05,2286121,2023-10-17,2820709,3000.0,Closed,Urgent,Repair,Paving (Repair),Brandon Davis,USPS,113.0,90+,Closed,Closed,"Clayton, OH|2023-06-26"
"Franklin, DE",2023-06-26,2023-06-26,2023-06-27,2023-06-28,2285912,2023-07-05,2820405,304.12,Closed,Urgent,Repair,HVAC Repairs,Mike Johnson,USPS,9.0,0-30,Closed,Closed,"Franklin, DE|2023-06-26"
"Greenville, IL",2023-06-26,2024-04-05,2024-04-06,2024-04-17,2285767,2024-05-01,2820319,,Closed,Urgent,Repair,Paving (Repair),Sarah Williams,USPS,310.0,90+,Closed,Closed,"Greenville, IL|2023-06-26"
"Hamilton, ND",2023-06-26,2023-07-20,2023-07-25,2023-07-27,2285857,2023-10-03,2820384,8247.18,Closed,Urgent,Repair,HVAC Repairs,Mike Johnson,USPS,99.0,90+,Closed,Closed,"Hamilton, ND|2023-06-26"
"Clinton, MO",2023-06-27,2023-06-27,2023-07-05,,,2023-07-10,,91.81,Closed,Normal,Repair,HVAC Repairs,Sarah Williams,Internal,13.0,0-30,Closed,Closed,"Clinton, MO|2023-06-27"
"Jackson, ID",2023-06-27,,,,,2024-02-06,,,Closed,Urgent,Repair,Concrete,Brandon Davis,Internal,224.0,90+,Closed,Closed,"Jackson, ID|2023-06-27"
"Clinton, GA",2023-06-28,2023-12-10,2023-12-27,2023-12-27,2287062,2024-01-17,2821624,,Closed,Urgent,Repair,Electrical Repairs,Brandon Davis,USPS,203.0,90+,Closed,Closed,"Clinton, GA|2023-06-28"
"Florence, MT",2023-06-28,2023-07-18,2023-07-31,2023-08-08,2286603,2023-08-14,2821141,250.0,Closed,Urgent,Repair,Gutters,Brandon Davis,USPS,47.0,31-60,Closed,Closed,"Florence, MT|2023-06-28"
"Jackson, ID",2023-06-28,2023-06-29,2023-08-13,,2286702,2024-02-06,2821244,,Closed,Urgent,Repair,Concrete,Brandon Davis,USPS,223.0,90+,Closed,Closed,"Jackson, ID|2023-06-28"
"Newport, AL",2023-06-28,2023-12-12,2024-05-08,2024-05-09,2287301,2024-05-22,2821951,,Closed,Urgent,Repair,Pest Control,Sarah Williams,USPS,329.0,90+,Closed,Closed,"Newport, AL|2023-06-28"
"Bloomington, MS",2023-07-02,,,2023-12-21,2287580,2023-12-21,2822160,,Closed,Urgent,Repair,Roof Repair,Sarah Williams,USPS,172.0,90+,Closed,Closed,"Bloomington, MS|2023-07-02"
"Danville, NM",2023-07-02,2023-07-02,2023-07-02,2023-07-02,,2023-09-19,,200.0,Closed,Urgent,Repair,HVAC Repairs,Mike Johnson,Internal,79.0,61-90,Closed,Closed,"Danville, NM|2023-07-02"
"Florence, IL",2023-07-02,,2023-07-03,2023-07-18,2288475,2023-07-24,2823139,97.0,Closed,Urgent,Repair,Plumbing,Sarah Williams,USPS,22.0,0-30,Closed,Closed,"Florence, IL|2023-07-02"
"Florence, IL",2023-07-02,2023-07-05,2023-07-19,2023-07-18,2288475,2023-08-29,2823138,2662.0,Closed,Urgent,Repair,HVAC Repairs,Sarah Williams,USPS,58.0,31-60,Closed,Closed,"Florence, IL|2023-07-02"
"Manchester, GA",2023-07-02,2023-07-05,2023-07-09,2023-07-06,2288281,2023-12-12,2822905,,Closed,Urgent,Repair,Doors,Ashley Thompson,USPS,163.0,90+,Closed,Closed,"Manchester, GA|2023-07-02"
"Oxford, LA",2023-07-02,2023-07-06,2023-07-13,2023-07-19,2288239,2023-09-07,2822934,,Closed,Urgent,Repair,Roof Repair,Sarah Williams,USPS,67.0,61-90,Closed,Closed,"Oxford, LA|2023-07-02"
"Winchester, GA",2023-07-02,2023-07-02,2023-07-05,2023-07-06,2287652,2023-07-18,2822211,368.2,Closed,Urgent,Repair,HVAC Repairs,Sarah Williams,USPS,16.0,0-30,Closed,Closed,"Winchester, GA|2023-07-02"
"Ashland, WA",2023-07-03,2023-06-09,2023-06-10,2023-07-10,,2023-07-18,,649.0,Closed,Urgent,Repair,HVAC Repairs,Mike Johnson,Internal,15.0,0-30,Closed,Closed,"Ashland, WA|2023-07-03"
"Ashland, WA",2023-07-03,2023-07-12,2023-07-16,2023-07-20,,2023-07-24,,85.0,Closed,Urgent,Repair,Pest Control,Sarah Williams,Internal,21.0,0-30,Closed,Closed,"Ashland, WA|2023-07-03"
"Florence, MT",2023-07-03,2023-07-03,2023-07-04,2023-07-23,2288779,2023-08-28,2823497,383.1,Closed,Urgent,Repair,HVAC Repairs,Sarah Williams,USPS,56.0,31-60,Closed,Closed,"Florence, MT|2023-07-03"
"Hamilton, PA",2023-07-03,,2023-06-29,,,2023-07-05,,173.2,Closed,Normal,Repair,Landscaping,Sarah Williams,Internal,2.0,0-30,Closed,Closed,"Hamilton, PA|2023-07-03"
"Lancaster, ID",2023-07-03,,,,,,,144.0,Closed,Urgent,Repair,HVAC PM,Ashley Thompson,Internal,1024.0,90+,Closed,Closed,"Lancaster, ID|2023-07-03"
"Mount Vernon, AZ",2023-07-03,,,,,,,0.0,Assigned,Urgent,Repair,Siding,Jessica Martin,Internal,1024.0,90+,Not Started,Open,"Mount Vernon, AZ|2023-07-03"
"Kingston, UT",2023-07-06,2024-01-16,2024-01-25,2024-01-28,2288493,2024-01-30,2823171,1834.84,Closed,Urgent,Repair,HVAC Repairs,Mike Johnson,USPS,208.0,90+,Closed,Closed,"Kingston, UT|2023-07-06"
"Lancaster, NH",2023-07-06,,,2023-08-24,2290530,2023-08-27,2825318,,Closed,Urgent,Repair,Roof Repair,Sarah Williams,USPS,52.0,31-60,Closed,Closed,"Lancaster, NH|2023-07-06"
"Hamilton, CT",2023-07-09,2023-07-03,2023-07-03,2023-07-09,2289080,2023-07-18,2823764,183.0,Closed,Urgent,Repair,HVAC Repairs,Sarah Williams,USPS,9.0,0-30,Closed,Closed,"Hamilton, CT|2023-07-09"
"Newport, ME",2023-07-09,2023-11-30,2024-01-04,2024-01-08,2288207,2024-01-17,2822914,,Closed,Normal,Repair,Gutters,Sarah Williams,USPS,192.0,90+,Closed,Closed,"Newport, ME|2023-07-09"
"Newport, ME",2023-07-09,2023-11-30,2023-12-21,2023-12-28,2288295,2024-01-17,2822950,,Closed,Normal,Repair,Misc. Repairs,Sarah Williams,USPS,192.0,90+,Closed,Closed,"Newport, ME|2023-07-09"
"Newport, ME",2023-07-09,2023-11-30,2023-12-08,2023-12-27,2288280,2024-01-17,2822904,,Closed,Normal,Repair,Striping,Sarah Williams,USPS,192.0,90+,Closed,Closed,"Newport, ME|2023-07-09"
"Newport, ME",2023-07-09,2024-03-01,2024-03-07,2024-03-08,2288246,2024-04-12,2822940,,Closed,Normal,Repair,Electrical Repairs,Sarah Williams,USPS,278.0,90+,Closed,Closed,"Newport, ME|2023-07-09"
"Ashland, NY",2023-07-11,2023-07-13,2023-08-25,,,2024-02-20,,,Closed,Normal,Repair,HVAC PM,Ashley Thompson,Internal,224.0,90+,Closed,Closed,"Ashland, NY|2023-07-11"
"Bloomington, WV",2023-07-11,2023-08-23,2023-08-28,,,2023-09-19,,148.5,Closed,Normal,Repair,HVAC PM,Ashley Thompson,Internal,70.0,61-90,Closed,Closed,"Bloomington, WV|2023-07-11"
"Florence, MT",2023-07-11,2023-07-16,2023-07-19,2023-07-23,2291085,2023-08-28,2825904,329.7,Closed,Urgent,Repair,HVAC Repairs,Sarah Williams,USPS,48.0,31-60,Closed,Closed,"Florence, MT|2023-07-11"
"Oxford, WV",2023-07-11,2023-08-22,2023-08-23,2023-08-27,,2023-08-28,,337.17,Closed,Normal,Repair,HVAC PM,Mike Johnson,Internal,48.0,31-60,Closed,Closed,"Oxford, WV|2023-07-11"
"Mount Vernon, MA",2023-07-12,,2023-06-28,,,2023-07-16,,305.0,Closed,Normal,Repair,HVAC Repairs,Mike Johnson,Internal,4.0,0-30,Closed,Closed,"Mount Vernon, MA|2023-07-12"
"Anderson, AR",2023-07-13,2023-07-18,2023-07-19,2023-07-30,2291854,2023-08-29,2826647,690.0,Closed,Urgent,Repair,HVAC Repairs,Mike Johnson,USPS,47.0,31-60,Closed,Closed,"Anderson, AR|2023-07-13"
"Arlington, VT",2023-07-13,2023-07-17,2023-07-19,2023-07-20,2291485,2023-09-26,2826342,45.0,Closed,Urgent,Repair,Plumbing,Brandon Davis,USPS,75.0,61-90,Closed,Closed,"Arlington, VT|2023-07-13"
"Bloomington, AZ",2023-07-13,2023-07-18,2023-07-19,2023-07-24,2291769,2023-07-24,2826616,137.16,Closed,Urgent,Repair,Electrical Repairs,Brandon Davis,USPS,11.0,0-30,Closed,Closed,"Bloomington, AZ|2023-07-13"
"Bloomington, WY",2023-07-13,2023-07-13,2023-07-14,2023-07-17,2290749,2023-07-24,2825569,153.0,Closed,Urgent,Repair,HVAC Repairs,Mike Johnson,USPS,11.0,0-30,Closed,Closed,"Bloomington, WY|2023-07-13"
"Burlington, NH",2023-07-13,2023-07-23,2023-08-10,2023-08-13,2291378,2023-08-28,2826203,200.0,Closed,Urgent,Repair,Plumbing,Sarah Williams,USPS,46.0,31-60,Closed,Closed,"Burlington, NH|2023-07-13"
"Danville, NE",2023-07-13,2023-07-13,2023-07-16,2023-07-23,2290382,2023-09-19,2825107,306.5,Closed,Urgent,Repair,HVAC Repairs,Mike Johnson,USPS,68.0,61-90,Closed,Closed,"Danville, NE|2023-07-13"
"Danville, NE",2023-07-13,2023-08-02,2023-08-07,2023-08-14,2291273,2023-08-21,2826086,160.0,Closed,Urgent,Repair,Doors,Brandon Davis,USPS,39.0,31-60,Closed,Closed,"Danville, NE|2023-07-13"
"Oakland, NC",2023-07-13,2023-07-31,2023-09-19,2023-09-19,2291958,2024-02-06,2826810,,Closed,Urgent,Repair,Concrete,Brandon Davis,USPS,208.0,90+,Closed,Closed,"Oakland, NC|2023-07-13"
"Oakland, NC",2023-07-13,2023-07-31,2023-08-31,2023-08-31,2291959,2023-09-26,2826812,600.0,Closed,Urgent,Repair,Painting,Brandon Davis,USPS,75.0,61-90,Closed,Closed,"Oakland, NC|2023-07-13"
"Salem, WI",2023-07-13,2023-08-27,2023-09-11,2023-09-19,2291069,2023-11-01,2825982,600.0,Closed,Urgent,Repair,Roof Repair,Sarah Williams,USPS,111.0,90+,Closed,Closed,"Salem, WI|2023-07-13"
"Ashland, AZ",2023-07-16,2023-10-22,2023-10-26,2023-10-29,,2024-02-13,,,Closed,Normal,Repair,Ceiling Tiles,Brandon Davis,Internal,212.0,90+,Closed,Closed,"Ashland, AZ|2023-07-16"
"Lancaster, WY",2023-07-16,2023-11-05,2023-11-12,2023-11-15,2294240,2023-11-21,2829198,,Closed,Urgent,Repair,Masonry,Brandon Davis,USPS,128.0,90+,Closed,Closed,"Lancaster, WY|2023-07-16"
"Anderson, VA",2023-07-17,2023-07-17,2023-08-17,2023-08-20,2293983,2023-09-19,2828957,1503.1,Closed,Urgent,Repair,HVAC Repairs,Sarah Williams,USPS,64.0,61-90,Closed,Closed,"Anderson, VA|2023-07-17"
"Clinton, GA",2023-07-17,2023-12-03,2023-12-10,2023-12-11,2293441,2024-02-06,2828374,,Closed,Urgent,Repair,Electrical Repairs,Brandon Davis,USPS,204.0,90+,Closed,Closed,"Clinton, GA|2023-07-17"
"Danville, MA",2023-07-17,2024-02-14,2024-02-15,2024-02-22,2293618,2024-03-05,2828517,500.0,Closed,Urgent,Repair,Roof Repair,Sarah Williams,USPS,232.0,90+,Closed,Closed,"Danville, MA|2023-07-17"
"Danville, MA",2023-07-17,2023-11-05,2023-11-30,2023-12-03,2293596,2024-01-02,2828496,2814.0,Closed,Urgent,Repair,HVAC Repairs,Mike Johnson,USPS,169.0,90+,Closed,Closed,"Danville, MA|2023-07-17"
"Salem, WI",2023-07-17,2023-10-09,2023-10-22,2023-11-05,2293440,2023-11-07,2828369,150.0,Closed,Urgent,Repair,Doors,Brandon Davis,USPS,113.0,90+,Closed,Closed,"Salem, WI|2023-07-17"
"Auburn, MS",2023-07-18,,2023-07-18,,,2023-07-18,,0.0,Closed,Normal,Repair,Electrical Repairs,Brandon Davis,Internal,0.0,0-30,Closed,Closed,"Auburn, MS|2023-07-18"
"Edison, CT",2023-07-18,,,,,2023-11-07,,,Closed,Urgent,Repair,HVAC Repairs,Brandon Davis,Internal,112.0,90+,Closed,Closed,"Edison, CT|2023-07-18"
"Oxford, NH",2023-07-19,,2024-04-03,2024-04-10,2295811,2024-04-22,2830846,,Closed,Urgent,Repair,Doors,Sarah Williams,USPS,278.0,90+,Closed,Closed,"Oxford, NH|2023-07-19"
"Ashland, NV",2023-07-20,,,2023-07-24,2294483,2023-07-24,2829406,,Closed,Urgent,Repair,Roof Repair,Sarah Williams,USPS,4.0,0-30,Closed,Closed,"Ashland, NV|2023-07-20"
"Auburn, FL",2023-07-20,,,2023-11-15,2295653,2023-11-15,2830732,0.0,Closed,Urgent,Repair,Structural,Mike Johnson,USPS,118.0,90+,Closed,Closed,"Auburn, FL|2023-07-20"
"Canton, DE",2023-07-20,2023-08-02,2023-08-02,2023-08-02,2294095,2023-08-08,2828995,270.0,Closed,Urgent,Repair,Plumbing,Brandon Davis,USPS,19.0,0-30,Closed,Closed,"Canton, DE|2023-07-20"
"Danville, MA",2023-07-20,2023-08-16,2023-12-14,2023-12-17,2294919,2024-02-28,2829887,,Closed,Urgent,Repair,Plumbing,Sarah Williams,USPS,223.0,90+,Closed,Closed,"Danville, MA|2023-07-20"
"Manchester, GA",2023-07-20,2023-07-30,2023-08-01,2023-08-01,2295343,2023-08-01,2830439,0.0,Closed,Urgent,Repair,Plumbing,Brandon Davis,USPS,12.0,0-30,Closed,Closed,"Manchester, GA|2023-07-20"
"Manchester, GA",2023-07-20,2023-07-30,2023-08-01,2023-08-01,2295403,,2830460,,Closed,Urgent,Repair,Ceiling Tiles,Brandon Davis,USPS,1007.0,90+,Closed,Closed,"Manchester, GA|2023-07-20"
"Milton, MO",2023-07-20,2023-08-02,2023-09-04,,,2023-09-26,,400.0,Closed,Normal,Repair,HVAC Repairs,Mike Johnson,Internal,68.0,61-90,Closed,Closed,"Milton, MO|2023-07-20"
"Mount Vernon, AZ",2023-07-20,,,,2294519,2023-08-14,2829443,0.0,Closed,Urgent,Repair,Drive Thru,Mike Johnson,USPS,25.0,0-30,Closed,Closed,"Mount Vernon, AZ|2023-07-20"
"Springfield, TN",2023-07-20,2023-10-03,2023-10-15,2023-10-15,2295665,2023-10-23,2830809,375.0,Closed,Urgent,Repair,Concrete,Brandon Davis,USPS,95.0,90+,Closed,Closed,"Springfield, TN|2023-07-20"
"Auburn, MS",2023-07-23,2023-06-22,2023-09-12,,,2023-09-19,,1942.0,Closed,Normal,Repair,Misc. Repairs,Brandon Davis,Internal,58.0,31-60,Closed,Closed,"Auburn, MS|2023-07-23"
"Madison, MS",2023-07-23,2023-07-24,2023-10-01,2023-10-03,2296145,2023-10-10,2831241,300.0,Closed,Urgent,Repair,Roof Repair,Sarah Williams,USPS,79.0,61-90,Closed,Closed,"Madison, MS|2023-07-23"
"Springfield, WV",2023-07-23,2023-12-18,2024-02-26,2024-02-27,2295206,2024-04-03,2830236,2000.0,Closed,Urgent,Repair,Ceiling Tiles,Sarah Williams,USPS,255.0,90+,Closed,Closed,"Springfield, WV|2023-07-23"
"Burlington, AL",2023-07-24,2024-07-18,2024-09-16,2024-09-16,2270031,2024-10-23,2803507,,Closed,Urgent,Repair,Paving (Repair),Brandon Davis,USPS,457.0,90+,Closed,Closed,"Burlington, AL|2023-07-24"
"Carrollton, NJ",2023-07-24,,,2023-08-27,2296832,2023-08-27,2831930,,Closed,Urgent,Repair,Roof Repair,Sarah Williams,USPS,34.0,31-60,Closed,Closed,"Carrollton, NJ|2023-07-24"
"Dover, AK",2023-07-24,2023-08-09,2023-08-16,2023-08-17,2296511,2023-08-22,2831949,394.98,Closed,Urgent,Repair,Doors,Brandon Davis,USPS,29.0,0-30,Closed,Closed,"Dover, AK|2023-07-24"
"Georgetown, PA",2023-07-24,2023-07-27,2023-08-03,2023-08-08,2296532,2023-08-14,2831621,3152.0,Closed,Urgent,Repair,HVAC Repairs,Mike Johnson,USPS,21.0,0-30,Closed,Closed,"Georgetown, PA|2023-07-24"
"Hamilton, PA",2023-07-24,,2023-07-23,,,2023-08-01,,173.2,Closed,Normal,Repair,Landscaping,Sarah Williams,Internal,8.0,0-30,Closed,Closed,"Hamilton, PA|2023-07-24"
"Marion, GA",2023-07-24,2023-07-25,2023-07-30,2023-07-31,2296922,2023-08-15,2832035,170.0,Closed,Urgent,Repair,HVAC Repairs,Mike Johnson,USPS,22.0,0-30,Closed,Closed,"Marion, GA|2023-07-24"
"Riverside, VT",2023-07-24,2023-07-27,2023-07-27,2023-07-25,2297338,2023-08-01,2832510,350.0,Closed,Emergency,Repair,Roof Repair,Sarah Williams,USPS,8.0,0-30,Closed,Closed,"Riverside, VT|2023-07-24"
"Arlington, MN",2023-07-25,2023-08-20,2023-08-31,2023-08-31,2297609,2023-10-17,2832850,400.0,Closed,Urgent,Repair,Paving (Repair),Sarah Williams,USPS,84.0,61-90,Closed,Closed,"Arlington, MN|2023-07-25"
"Auburn, TN",2023-07-25,2023-11-15,2024-04-13,2024-04-17,,2024-05-22,,22800.0,Closed,Urgent,Repair,Paving (Repair),Mike Johnson,Internal,302.0,90+,Closed,Closed,"Auburn, TN|2023-07-25"
"Bloomington, WI",2023-07-25,2024-01-08,2024-01-16,2024-01-18,2297143,2024-01-24,2832264,500.0,Closed,Urgent,Repair,Roof Repair,Sarah Williams,USPS,183.0,90+,Closed,Closed,"Bloomington, WI|2023-07-25"
"Cleveland, NV",2023-07-25,,,,,,,180.0,Closed,Urgent,Repair,Roof Repair,Ashley Thompson,Internal,1002.0,90+,Closed,Closed,"Cleveland, NV|2023-07-25"
"Burlington, AR",2023-07-27,2023-10-19,2023-10-23,2023-10-26,2298427,2023-12-12,2833632,200.0,Closed,Urgent,Repair,Roof Repair,Mike Johnson,USPS,138.0,90+,Closed,Closed,"Burlington, AR|2023-07-27"
"Rockville, MS",2023-07-27,2023-09-10,2023-09-11,2023-09-12,2298225,2024-02-07,2833319,485.0,Closed,Urgent,Repair,Roof Repair,Mike Johnson,USPS,195.0,90+,Closed,Closed,"Rockville, MS|2023-07-27"
"Albany, CA",2023-07-30,2023-08-01,2023-08-03,2023-08-03,2297388,2023-08-08,2832553,250.6,Closed,Urgent,Repair,Doors,Brandon Davis,USPS,9.0,0-30,Closed,Closed,"Albany, CA|2023-07-30"
"Auburn, TN",2023-07-31,2023-08-20,2023-08-31,2023-09-10,2299122,2023-09-13,2834346,2766.6,Closed,Normal,Repair,Electrical Repairs,Mike Johnson,USPS,44.0,31-60,Closed,Closed,"Auburn, TN|2023-07-31"
"Auburn, TN",2023-07-31,,2023-08-23,2023-09-10,2299122,2024-02-12,2834348,600.0,Closed,Normal,Repair,Doors,Mike Johnson,USPS,196.0,90+,Closed,Closed,"Auburn, TN|2023-07-31"
"Auburn, TN",2023-07-31,,2024-02-19,2024-02-19,2299122,2024-02-19,2834409,0.0,Closed,Normal,Repair,Plumbing,Mike Johnson,USPS,203.0,90+,Closed,Closed,"Auburn, TN|2023-07-31"
"Clinton, SC",2023-07-31,2023-12-10,2023-12-11,2023-12-11,2298669,2024-01-17,2833851,,Closed,Urgent,Repair,Electrical Repairs,Brandon Davis,USPS,170.0,90+,Closed,Closed,"Clinton, SC|2023-07-31"
"Clinton, SC",2023-07-31,2024-03-21,2024-04-15,2024-04-22,2298667,2024-05-10,2833850,,Closed,Urgent,Repair,Paving (Repair),Brandon Davis,USPS,284.0,90+,Closed,Closed,"Clinton, SC|2023-07-31"
"Clinton, SC",2023-07-31,2024-05-17,2024-06-03,2024-06-03,2298670,2024-06-13,2833852,,Closed,Urgent,Repair,Concrete,Brandon Davis,USPS,318.0,90+,Closed,Closed,"Clinton, SC|2023-07-31"
"Clinton, SC",2023-07-31,,2023-12-13,2023-12-13,2298671,2023-12-13,2833855,,Closed,Urgent,Repair,HVAC Repairs,Brandon Davis,USPS,135.0,90+,Closed,Closed,"Clinton, SC|2023-07-31"
"Florence, MO",2023-07-31,2023-11-21,2023-11-21,2023-11-23,2298974,2023-12-06,2834122,,Closed,Urgent,Repair,Doors,Sarah Williams,USPS,128.0,90+,Closed,Closed,"Florence, MO|2023-07-31"
"Florence, MO",2023-07-31,2024-01-11,2024-01-14,,2298974,2024-02-27,2834045,,Closed,Urgent,Repair,Painting,Sarah Williams,USPS,211.0,90+,Closed,Closed,"Florence, MO|2023-07-31"
"Winchester, IN",2023-07-31,2023-08-02,2023-08-10,2023-08-10,2298797,2023-08-15,2833975,187.25,Closed,Urgent,Repair,Plumbing,Brandon Davis,USPS,15.0,0-30,Closed,Closed,"Winchester, IN|2023-07-31"
"Winchester, IN",2023-07-31,2024-06-10,2024-07-18,2024-07-18,2298794,2024-10-03,2833972,,Closed,Urgent,Repair,Paving (Repair),Brandon Davis,USPS,430.0,90+,Closed,Closed,"Winchester, IN|2023-07-31"
"Arlington, IN",2023-08-01,2023-08-06,2023-08-07,,,2024-01-10,,,Closed,Normal,Repair,Roof Repair,Mike Johnson,Internal,162.0,90+,Closed,Closed,"Arlington, IN|2023-08-01"
"Canton, WY",2023-08-01,2023-08-01,2023-08-06,,,2023-08-09,,0.0,Closed,Normal,Repair,Roof Repair,Mike Johnson,Internal,8.0,0-30,Closed,Closed,"Canton, WY|2023-08-01"
"Canton, WY",2023-08-01,2023-10-23,2023-12-17,2023-12-24,2299561,2024-01-30,2834813,1257.89,Closed,Urgent,Repair,Doors,Mike Johnson,USPS,182.0,90+,Closed,Closed,"Canton, WY|2023-08-01"
"Dover, MD",2023-08-01,2023-08-06,2023-08-07,,,2024-01-09,,,Closed,Normal,Repair,Roof Repair,Mike Johnson,Internal,161.0,90+,Closed,Closed,"Dover, MD|2023-08-01"
"Troy, NM",2023-08-01,2023-06-17,2023-06-20,2023-11-02,,2023-11-07,,419.09,Closed,Urgent,Repair,HVAC Repairs,Mike Johnson,Internal,98.0,90+,Closed,Closed,"Troy, NM|2023-08-01"
"Dayton, NE",2023-08-02,2023-08-22,2023-10-31,2023-10-31,,2023-11-07,,240.0,Closed,Normal,Repair,HVAC PM,Ashley Thompson,Internal,97.0,90+,Closed,Closed,"Dayton, NE|2023-08-02"
"Dover, AK",2023-08-02,2023-08-27,2023-10-17,2023-10-17,2299751,2023-11-07,2834991,150.0,Closed,Urgent,Repair,HVAC Repairs,Brandon Davis,USPS,97.0,90+,Closed,Closed,"Dover, AK|2023-08-02"
"Hamilton, OH",2023-08-02,2023-09-17,2023-10-01,2023-10-30,2299920,2023-10-31,2835219,250.0,Closed,Urgent,Repair,Roof Repair,Brandon Davis,USPS,90.0,61-90,Closed,Closed,"Hamilton, OH|2023-08-02"
"Manchester, KY",2023-08-02,2023-08-23,2023-09-10,2024-01-18,2299651,2024-08-02,2834864,,Closed,Urgent,Repair,Roof Repair,Sarah Williams,USPS,366.0,90+,Closed,Closed,"Manchester, KY|2023-08-02"
"Bristol, NJ",2023-08-03,2024-02-20,2024-02-26,2024-02-27,2300330,2024-03-14,2835627,417.16,Closed,Urgent,Repair,Ceiling Tiles,Mike Johnson,USPS,224.0,90+,Closed,Closed,"Bristol, NJ|2023-08-03"
"Bristol, NJ",2023-08-03,2023-08-28,2023-09-17,2023-09-27,2300330,2024-02-07,2835626,,Closed,Urgent,Repair,Roof Repair,Mike Johnson,USPS,188.0,90+,Closed,Closed,"Bristol, NJ|2023-08-03"
"Gainesville, VT",2023-08-03,,,2024-06-19,2301843,2024-06-19,2837309,,Closed,Emergency,Repair,Misc. Repairs,Brandon Davis,USPS,321.0,90+,Closed,Closed,"Gainesville, VT|2023-08-03"
"Gainesville, VT",2023-08-03,,2025-01-09,,,2025-01-09,,,Closed,Urgent,Repair,Building Repairs,Brandon Davis,Internal,525.0,90+,Closed,Closed,"Gainesville, VT|2023-08-03"
"Hamilton, WA",2023-08-03,2024-08-07,,2025-02-13,1976634,2025-02-20,2475489,,Closed,Urgent,Repair,Flooring,Mike Johnson,USPS,567.0,90+,Closed,Closed,"Hamilton, WA|2023-08-03"
"Hamilton, WA",2023-08-03,2024-12-02,2025-04-11,,,2025-05-04,,0.0,Closed,Normal,Repair,Flooring,Mike Johnson,Internal,640.0,90+,Closed,Closed,"Hamilton, WA|2023-08-03"
"Hamilton, WA",2023-08-03,2024-08-07,2024-11-24,2024-11-27,,2024-12-17,,13800.0,Closed,Normal,Repair,Asbestos Abatement,Mike Johnson,Internal,502.0,90+,Closed,Closed,"Hamilton, WA|2023-08-03"
"Hudson, MO",2023-08-03,2023-08-30,2023-09-04,,2300916,2023-09-19,2836222,450.0,Closed,Urgent,Repair,Paving (Repair),Mike Johnson,USPS,47.0,31-60,Closed,Closed,"Hudson, MO|2023-08-03"
"Hudson, MO",2023-08-03,2023-08-22,2023-08-30,,2300816,2023-09-19,2836221,420.0,Closed,Urgent,Repair,Concrete,Mike Johnson,USPS,47.0,31-60,Closed,Closed,"Hudson, MO|2023-08-03"
"Hudson, MO",2023-08-03,2023-08-22,2023-08-26,,2300916,2023-09-19,2836219,150.0,Closed,Urgent,Repair,Doors,Mike Johnson,USPS,47.0,31-60,Closed,Closed,"Hudson, MO|2023-08-03"
"Hudson, MO",2023-08-03,2023-08-22,2023-08-30,,2300916,2023-09-19,2836217,350.0,Closed,Urgent,Repair,Misc. Repairs,Mike Johnson,USPS,47.0,31-60,Closed,Closed,"Hudson, MO|2023-08-03"
"Plymouth, HI",2023-08-03,2023-08-06,2023-08-15,2024-01-02,2300428,2024-03-05,2835668,,Closed,Urgent,Repair,Roof Repair,Sarah Williams,USPS,215.0,90+,Closed,Closed,"Plymouth, HI|2023-08-03"
"Springfield, NC",2023-08-03,2024-01-21,2024-01-24,2024-01-29,2300806,2024-03-12,2836135,,Closed,Urgent,Repair,Roof Repair,Sarah Williams,USPS,222.0,90+,Closed,Closed,"Springfield, NC|2023-08-03"
"Hamilton, ND",2023-08-07,2023-08-08,2023-08-14,2023-08-28,,2023-10-03,,884.04,Closed,Normal,Repair,HVAC Repairs,Mike Johnson,Internal,57.0,31-60,Closed,Closed,"Hamilton, ND|2023-08-07"
"Lexington, WV",2023-08-07,2023-08-08,2023-08-08,2023-08-08,2301970,2023-11-20,2837479,89.46,Closed,Urgent,Repair,HVAC Repairs,Mike Johnson,USPS,105.0,90+,Closed,Closed,"Lexington, WV|2023-08-07"
"Manchester, NM",2023-08-08,2023-10-19,2023-11-13,2023-11-13,2302018,2023-12-06,2837430,,Closed,Normal,Repair,Paving (Repair),Brandon Davis,USPS,120.0,90+,Closed,Closed,"Manchester, NM|2023-08-08"
"Oxford, WV",2023-08-08,2023-10-19,2023-11-27,2023-11-28,2211569,2024-01-30,2741869,1500.0,Closed,Urgent,Repair,Asbestos Abatement,Mike Johnson,USPS,175.0,90+,Closed,Closed,"Oxford, WV|2023-08-08"
"Troy, AR",2023-08-08,2023-10-25,2023-12-18,2023-12-18,2301913,2023-12-19,2837323,2769.62,Closed,Urgent,Repair,Drive Thru,Mike Johnson,USPS,133.0,90+,Closed,Closed,"Troy, AR|2023-08-08"
"Dayton, NE",2023-08-09,2023-08-09,2023-08-10,2023-08-10,2302850,2023-09-05,2835318,412.0,Closed,Emergency,Repair,HVAC Repairs,Brandon Davis,USPS,27.0,0-30,Closed,Closed,"Dayton, NE|2023-08-09"
"Troy, NM",2023-08-09,2023-08-09,2023-08-10,2023-11-02,,2023-11-02,,,Closed,Normal,Repair,HVAC Repairs,Mike Johnson,Internal,85.0,61-90,Closed,Closed,"Troy, NM|2023-08-09"
"Ashland, IN",2023-08-13,2023-08-09,2023-08-09,2023-08-13,2302260,2023-08-22,2837694,240.0,Closed,Urgent,Repair,Ceiling Tiles,Mike Johnson,USPS,9.0,0-30,Closed,Closed,"Ashland, IN|2023-08-13"
"Auburn, TN",2023-08-13,2023-12-06,2023-12-11,2023-12-11,2302551,,2837970,128.0,Closed,Normal,Repair,Plumbing,Mike Johnson,USPS,983.0,90+,Closed,Closed,"Auburn, TN|2023-08-13"
"Bloomington, MS",2023-08-13,2023-08-27,2023-10-19,2023-10-19,,2023-10-19,,,Closed,Normal,Repair,HVAC PM,Ashley Thompson,Internal,67.0,61-90,Closed,Closed,"Bloomington, MS|2023-08-13"
"Burlington, NH",2023-08-13,2024-01-09,2024-01-10,2024-01-11,2302815,2024-02-14,2838255,,Closed,Normal,Repair,Plumbing,Sarah Williams,USPS,185.0,90+,Closed,Closed,"Burlington, NH|2023-08-13"
"Canton, IN",2023-08-13,2023-08-22,2023-11-03,2023-11-21,2303784,2023-11-29,2839227,,Closed,Normal,Repair,Plumbing,Sarah Williams,USPS,108.0,90+,Closed,Closed,"Canton, IN|2023-08-13"
"Danville, NE",2023-08-13,,2024-01-09,2024-01-09,2303611,2024-02-06,2839090,,Closed,Normal,Repair,HVAC Repairs,Brandon Davis,USPS,177.0,90+,Closed,Closed,"Danville, NE|2023-08-13"
"Danville, NM",2023-08-13,2023-08-14,2023-08-17,2023-09-04,2302876,2023-09-05,2838338,20.0,Closed,Normal,Repair,HVAC Repairs,Mike Johnson,USPS,23.0,0-30,Closed,Closed,"Danville, NM|2023-08-13"
"Edison, NC",2023-08-13,2024-02-20,2024-03-01,2024-03-04,2302393,2024-03-26,2837850,750.0,Closed,Normal,Repair,Masonry,Mike Johnson,USPS,226.0,90+,Closed,Closed,"Edison, NC|2023-08-13"
"Edison, NC",2023-08-13,2023-08-14,2023-08-14,2023-08-23,2302393,2023-08-29,2837849,179.0,Closed,Normal,Repair,HVAC Repairs,Mike Johnson,USPS,16.0,0-30,Closed,Closed,"Edison, NC|2023-08-13"
"Fairview, WV",2023-08-13,2023-08-21,2023-09-06,2023-09-07,2304466,2023-09-26,2839994,600.0,Closed,Normal,Repair,Paving (Repair),Brandon Davis,USPS,44.0,31-60,Closed,Closed,"Fairview, WV|2023-08-13"
"Farmington, NM",2023-08-13,,,2024-03-11,2302223,2024-03-11,2837642,,Closed,Normal,Repair,Paving (Repair),Brandon Davis,USPS,211.0,90+,Closed,Closed,"Farmington, NM|2023-08-13"
"Farmington, NM",2023-08-13,2024-06-19,2024-07-13,2024-07-15,2302256,2024-07-19,2837691,1300.0,Closed,Normal,Repair,Striping,Ashley Thompson,USPS,341.0,90+,Closed,Closed,"Farmington, NM|2023-08-13"
"Florence, IL",2023-08-13,2024-02-20,2024-05-03,2024-05-13,2304184,2024-06-19,2839751,,Closed,Normal,Repair,Misc. Repairs,Brandon Davis,USPS,311.0,90+,Closed,Closed,"Florence, IL|2023-08-13"
"Greenville, SD",2023-08-13,2023-08-15,2023-08-15,2023-08-27,2303972,2024-02-14,2839474,,Closed,Normal,Repair,Roof Repair,Sarah Williams,USPS,185.0,90+,Closed,Closed,"Greenville, SD|2023-08-13"
"Lancaster, OK",2023-08-13,2023-08-22,2023-08-24,2023-08-24,2303993,2023-10-23,2839464,138.1,Closed,Normal,Repair,HVAC Repairs,Brandon Davis,USPS,71.0,61-90,Closed,Closed,"Lancaster, OK|2023-08-13"
"Newport, ME",2023-08-13,2023-08-27,2023-09-06,2023-09-07,2278740,2023-09-19,2812822,1044.02,Closed,Normal,Repair,HVAC Repairs,Mike Johnson,USPS,37.0,31-60,Closed,Closed,"Newport, ME|2023-08-13"
"Oxford, NH",2023-08-13,,,2024-04-10,2302209,2024-04-10,2837723,,Closed,Normal,Repair,Doors,Sarah Williams,USPS,241.0,90+,Closed,Closed,"Oxford, NH|2023-08-13"
"Rockville, VT",2023-08-13,2023-08-16,2023-08-27,2023-08-27,2304395,2023-08-29,2839878,160.0,Closed,Normal,Repair,Gutters,Brandon Davis,USPS,16.0,0-30,Closed,Closed,"Rockville, VT|2023-08-13"
"Anderson, PA",2023-08-14,2024-02-09,2024-03-21,2024-03-21,,2024-03-21,,,Closed,Urgent,Repair,Gutters,Brandon Davis,Internal,220.0,90+,Closed,Closed,"Anderson, PA|2023-08-14"
"Auburn, MS",2023-08-14,2023-08-14,,,,2023-08-22,,457.07,Closed,Normal,Repair,Painting,Brandon Davis,Internal,8.0,0-30,Closed,Closed,"Auburn, MS|2023-08-14"
"Dayton, IA",2023-08-14,2023-10-10,2023-11-02,2023-11-19,2304658,2023-11-28,2840195,600.0,Closed,Urgent,Repair,Roof Repair,Sarah Williams,USPS,106.0,90+,Closed,Closed,"Dayton, IA|2023-08-14"
"Clayton, NM",2023-08-15,,,,,,,,Closed,Urgent,Repair,HVAC PM,Ashley Thompson,Internal,981.0,90+,Closed,Closed,"Clayton, NM|2023-08-15"
"Columbia, MO",2023-08-16,2024-03-07,2024-04-29,2024-05-08,2305341,2024-06-11,2840867,,Closed,Normal,Repair,Building Repairs,Sarah Williams,USPS,300.0,90+,Closed,Closed,"Columbia, MO|2023-08-16"
"Franklin, DE",2023-08-16,2023-08-21,2023-09-21,2023-09-21,2304616,2023-10-03,2840177,300.0,Closed,Normal,Repair,Doors,Mike Johnson,USPS,48.0,31-60,Closed,Closed,"Franklin, DE|2023-08-16"
"Ashland, PA",2023-08-17,2023-08-29,2023-09-10,2023-09-14,2306256,2023-09-19,2841844,130.0,Closed,Normal,Repair,Flooring,Brandon Davis,USPS,33.0,31-60,Closed,Closed,"Ashland, PA|2023-08-17"
"Ashland, WA",2023-08-17,2023-10-24,2023-10-24,2023-11-10,,2024-01-17,,634.0,Closed,Urgent,Repair,HVAC Repairs,Mike Johnson,Internal,153.0,90+,Closed,Closed,"Ashland, WA|2023-08-17"
"Auburn, FL",2023-08-17,2023-08-22,,2024-01-14,2306014,2024-01-14,2841582,,Closed,Urgent,Repair,HVAC Repairs,Mike Johnson,USPS,150.0,90+,Closed,Closed,"Auburn, FL|2023-08-17"
"Auburn, MS",2023-08-17,2023-08-17,2023-08-17,,,2023-08-22,,88.85,Closed,Normal,Repair,Misc. Repairs,Brandon Davis,Internal,5.0,0-30,Closed,Closed,"Auburn, MS|2023-08-17"
"Auburn, MS",2023-08-17,2023-08-21,2023-08-21,2023-08-28,,2023-08-28,,259.0,Closed,Normal,Repair,HVAC Repairs,Brandon Davis,Internal,11.0,0-30,Closed,Closed,"Auburn, MS|2023-08-17"
"Burlington, MN",2023-08-17,2024-02-25,2024-03-11,2024-03-11,2305862,2024-03-29,2841447,,Closed,Normal,Repair,Doors,Brandon Davis,USPS,225.0,90+,Closed,Closed,"Burlington, MN|2023-08-17"
"Florence, IL",2023-08-17,2024-05-16,2024-07-10,2024-07-19,2306045,2024-08-08,2841652,300.0,Closed,Normal,Repair,Striping,Sarah Williams,USPS,357.0,90+,Closed,Closed,"Florence, IL|2023-08-17"
"Madison, NY",2023-08-17,2023-08-23,2023-09-05,2023-10-15,2304964,2023-10-31,2840589,450.0,Closed,Urgent,Repair,Roof Repair,Sarah Williams,USPS,75.0,61-90,Closed,Closed,"Madison, NY|2023-08-17"
"Burlington, AL",2023-08-20,2023-08-21,2023-08-22,2023-09-04,2306405,2023-09-05,2842114,65.07,Closed,Normal,Repair,Plumbing,Brandon Davis,USPS,16.0,0-30,Closed,Closed,"Burlington, AL|2023-08-20"
"Danville, NM",2023-08-20,2023-08-21,2023-09-04,2023-09-04,,2023-09-05,,645.0,Closed,Normal,Repair,HVAC Repairs,Mike Johnson,Internal,16.0,0-30,Closed,Closed,"Danville, NM|2023-08-20"
"Dayton, MA",2023-08-20,2024-02-08,2024-02-12,2024-02-14,2306608,2024-03-05,2842258,,Closed,Normal,Repair,Doors,Sarah Williams,USPS,198.0,90+,Closed,Closed,"Dayton, MA|2023-08-20"
"Dayton, MA",2023-08-20,2023-08-24,2023-08-28,2023-08-31,2306608,2023-09-04,2842248,,Closed,Normal,Repair,Electrical Repairs,Sarah Williams,USPS,15.0,0-30,Closed,Closed,"Dayton, MA|2023-08-20"
"Dayton, MA",2023-08-20,2024-02-08,2024-02-12,2024-02-14,2306608,2024-03-05,2842245,,Closed,Normal,Repair,Doors,Sarah Williams,USPS,198.0,90+,Closed,Closed,"Dayton, MA|2023-08-20"
"Dayton, MA",2023-08-20,2023-12-17,2024-01-05,2024-01-15,2306561,2024-02-27,2842234,360.0,Closed,Urgent,Repair,Concrete,Sarah Williams,USPS,191.0,90+,Closed,Closed,"Dayton, MA|2023-08-20"
"Dayton, MA",2023-08-20,2024-05-21,2024-07-08,2024-07-08,2306561,2024-07-19,2842206,2000.0,Closed,Urgent,Repair,Paving (Repair),Sarah Williams,USPS,334.0,90+,Closed,Closed,"Dayton, MA|2023-08-20"
"Dayton, MA",2023-08-20,2023-12-17,2024-01-05,2024-01-15,2306561,2024-02-27,2842201,180.21,Closed,Normal,Repair,Concrete,Sarah Williams,USPS,191.0,90+,Closed,Closed,"Dayton, MA|2023-08-20"
"Kingston, AZ",2023-08-20,2023-09-14,2023-10-12,,,2024-02-06,,,Closed,Normal,Repair,Ceiling Tiles,Brandon Davis,Internal,170.0,90+,Closed,Closed,"Kingston, AZ|2023-08-20"
"Lexington, WV",2023-08-20,2023-12-20,2023-12-26,2023-12-26,2306904,2024-01-17,2842639,,Closed,Normal,Repair,Doors,Brandon Davis,USPS,150.0,90+,Closed,Closed,"Lexington, WV|2023-08-20"
"Anderson, VA",2023-08-21,2023-08-22,2023-08-24,2023-09-10,2307329,2023-09-19,2843092,90.02,Closed,Normal,Repair,Plumbing,Sarah Williams,USPS,29.0,0-30,Closed,Closed,"Anderson, VA|2023-08-21"
"Ashland, ND",2023-08-21,2023-10-04,2023-10-12,2023-10-15,2307762,2023-10-17,2843463,175.0,Closed,Urgent,Repair,Roof Repair,Sarah Williams,USPS,57.0,31-60,Closed,Closed,"Ashland, ND|2023-08-21"
"Dover, VT",2023-08-21,2023-10-12,2024-03-21,2024-03-25,2307594,2024-04-03,2843310,400.0,Closed,Normal,Repair,Misc. Repairs,Sarah Williams,USPS,226.0,90+,Closed,Closed,"Dover, VT|2023-08-21"
"Dover, VT",2023-08-21,2024-04-11,2024-05-10,2024-05-14,2307594,2024-07-09,2843295,6000.0,Closed,Normal,Repair,HVAC Repairs,Sarah Williams,USPS,323.0,90+,Closed,Closed,"Dover, VT|2023-08-21"
"Jackson, FL",2023-08-21,2023-08-21,2023-08-21,2023-08-22,,2023-08-28,,256.58,Closed,Urgent,Repair,Doors,Brandon Davis,Internal,7.0,0-30,Closed,Closed,"Jackson, FL|2023-08-21"
"Jackson, FL",2023-08-21,2024-02-07,2024-03-05,2024-03-05,1962175,2024-03-15,2459583,190.0,Closed,Urgent,Repair,Flooring,Mike Johnson,USPS,207.0,90+,Closed,Closed,"Jackson, FL|2023-08-21"
"Anderson, MN",2023-08-22,,,,,2024-07-30,,250.0,Closed,Normal,Repair,HVAC PM,Ashley Thompson,Internal,343.0,90+,Closed,Closed,"Anderson, MN|2023-08-22"
"Arlington, ID",2023-08-22,2023-09-17,2023-10-23,2023-12-11,,2024-01-17,,180.0,Closed,Normal,Repair,HVAC Repairs,Mike Johnson,Internal,148.0,90+,Closed,Closed,"Arlington, ID|2023-08-22"
"Arlington, VT",2023-08-22,2023-08-30,2023-09-05,2023-09-27,,2024-10-17,,220.0,Closed,Normal,Repair,HVAC PM,Ashley Thompson,Internal,422.0,90+,Closed,Closed,"Arlington, VT|2023-08-22"
"Auburn, HI",2023-08-22,2023-12-27,2024-01-08,,,,,300.0,Closed,Normal,Repair,HVAC Repairs,Ashley Thompson,Internal,974.0,90+,Closed,Closed,"Auburn, HI|2023-08-22"
"Bloomington, WY",2023-08-22,2024-05-13,,,,,,170.0,Closed,Normal,Repair,HVAC PM,Ashley Thompson,Internal,974.0,90+,Closed,Closed,"Bloomington, WY|2023-08-22"
"Columbia, DE",2023-08-22,2023-12-20,2023-12-20,,,,,557.4,Closed,Normal,Repair,HVAC PM,Ashley Thompson,Internal,974.0,90+,Closed,Closed,"Columbia, DE|2023-08-22"
"Danville, NM",2023-08-22,2023-08-22,2023-12-27,,,2024-01-16,,330.0,Closed,Normal,Repair,HVAC Repairs,Ashley Thompson,Internal,147.0,90+,Closed,Closed,"Danville, NM|2023-08-22"
"Dover, NH",2023-08-22,,,,,,,,Closed,Normal,Repair,HVAC PM,Ashley Thompson,Internal,974.0,90+,Closed,Closed,"Dover, NH|2023-08-22"
"Edison, NC",2023-08-22,,,,,2024-01-16,,,Closed,Normal,Repair,HVAC Repairs,Ashley Thompson,Internal,147.0,90+,Closed,Closed,"Edison, NC|2023-08-22"
"Georgetown, IL",2023-08-22,2024-04-01,2024-04-05,,,2024-05-01,,250.0,Closed,Normal,Repair,HVAC PM,Ashley Thompson,Internal,253.0,90+,Closed,Closed,"Georgetown, IL|2023-08-22"
"Hamilton, PA",2023-08-22,,2023-08-15,,,2023-08-22,,173.2,Closed,Normal,Repair,Landscaping,Sarah Williams,Internal,0.0,0-30,Closed,Closed,"Hamilton, PA|2023-08-22"
"Madison, NH",2023-08-22,2023-08-24,,,,,,200.0,Closed,Normal,Repair,HVAC PM,Ashley Thompson,Internal,974.0,90+,Closed,Closed,"Madison, NH|2023-08-22"
"Manchester, GA",2023-08-22,2023-08-22,,,,2024-01-17,,80.0,Closed,Normal,Repair,HVAC PM,Ashley Thompson,Internal,148.0,90+,Closed,Closed,"Manchester, GA|2023-08-22"
"Milton, TN",2023-08-22,2033-08-28,2024-12-31,,,2025-01-15,,323.0,Closed,Normal,Repair,HVAC PM,Ashley Thompson,Internal,512.0,90+,Closed,Closed,"Milton, TN|2023-08-22"
"Oxford, LA",2023-08-22,2023-08-22,2033-08-23,2023-09-20,,2023-09-26,,584.0,Closed,Normal,Repair,HVAC Repairs,Mike Johnson,Internal,35.0,31-60,Closed,Closed,"Oxford, LA|2023-08-22"
"Salem, WI",2023-08-22,2024-04-10,2024-04-29,,n/a/,2025-01-02,,240.0,Closed,Normal,Repair,HVAC PM,Ashley Thompson,USPS,499.0,90+,Closed,Closed,"Salem, WI|2023-08-22"
"Auburn, MS",2023-08-23,2023-08-23,2023-08-24,2023-08-28,,2024-02-13,,,Closed,Normal,Repair,Carpet,Brandon Davis,Internal,174.0,90+,Closed,Closed,"Auburn, MS|2023-08-23"
"Auburn, SC",2023-08-23,2024-01-21,2024-02-06,2024-02-14,,2024-02-14,,,Closed,Normal,Repair,Roof Repair,Brandon Davis,Internal,175.0,90+,Closed,Closed,"Auburn, SC|2023-08-23"
"Bristol, GA",2023-08-23,2023-08-29,2024-05-08,,,2024-08-02,,275.0,Closed,Normal,Repair,HVAC PM,Brandon Davis,Internal,345.0,90+,Closed,Closed,"Bristol, GA|2023-08-23"
"Canton, DE",2023-08-23,,2024-01-10,2024-01-10,2308472,2024-02-06,2844178,,Closed,Urgent,Repair,HVAC Repairs,Brandon Davis,USPS,167.0,90+,Closed,Closed,"Canton, DE|2023-08-23"
"Carrollton, IL",2023-08-23,,,,,2024-01-16,,,Closed,Normal,Repair,HVAC PM,Ashley Thompson,Internal,146.0,90+,Closed,Closed,"Carrollton, IL|2023-08-23"
"Clayton, ME",2023-08-23,2024-02-04,2024-02-11,2024-03-14,2307895,2024-03-14,2843606,,Closed,Urgent,Repair,Roof Repair,Brandon Davis,USPS,204.0,90+,Closed,Closed,"Clayton, ME|2023-08-23"
"Franklin, LA",2023-08-23,2023-08-23,2023-08-27,2023-08-27,2308892,2023-11-07,2844604,500.0,Closed,Urgent,Repair,HVAC Repairs,Brandon Davis,USPS,76.0,61-90,Closed,Closed,"Franklin, LA|2023-08-23"
"Madison, CA",2023-08-23,2023-08-27,,,2308516,2023-12-26,2844256,,Closed,Urgent,Repair,Plumbing,Ashley Thompson,USPS,125.0,90+,Closed,Closed,"Madison, CA|2023-08-23"
"Fairview, AL",2023-08-24,2023-08-24,2023-10-18,2023-10-23,,2023-11-07,,170.0,Closed,Normal,Repair,HVAC PM,Brandon Davis,Internal,75.0,61-90,Closed,Closed,"Fairview, AL|2023-08-24"
"Hamilton, WA",2023-08-24,2023-09-10,2023-12-06,,,2024-01-17,,194.0,Closed,Normal,Repair,HVAC PM,Brandon Davis,Internal,146.0,90+,Closed,Closed,"Hamilton, WA|2023-08-24"
"Albany, ME",2023-08-27,2024-02-13,2024-04-08,2024-04-11,2308885,2024-04-22,2844683,443.7,Closed,Urgent,Repair,Roof Repair,Brandon Davis,USPS,239.0,90+,Closed,Closed,"Albany, ME|2023-08-27"
"Auburn, TN",2023-08-27,2033-09-28,2023-10-02,2023-10-03,2309530,2023-10-10,2845419,986.0,Closed,Urgent,Repair,HVAC Repairs,Mike Johnson,USPS,44.0,31-60,Closed,Closed,"Auburn, TN|2023-08-27"
"Columbia, MO",2023-08-27,2024-04-09,2024-04-16,2024-05-22,2309409,2024-06-14,2845261,,Closed,Urgent,Repair,HVAC Repairs,Sarah Williams,USPS,292.0,90+,Closed,Closed,"Columbia, MO|2023-08-27"
"Columbia, MO",2023-08-27,2024-05-22,2024-05-31,2024-06-07,2309562,2024-08-08,2845476,6918.0,Closed,Urgent,Repair,HVAC Repairs,Sarah Williams,USPS,347.0,90+,Closed,Closed,"Columbia, MO|2023-08-27"
"Columbia, MO",2023-08-27,2024-03-07,2024-04-29,2024-05-07,2309023,2024-06-11,2844797,,Closed,Urgent,Repair,Masonry,Sarah Williams,USPS,289.0,90+,Closed,Closed,"Columbia, MO|2023-08-27"
"Columbia, OR",2023-08-27,2024-02-22,2024-02-26,2024-02-26,2309246,2024-03-15,2845089,750.0,Closed,Urgent,Repair,Masonry,Sarah Williams,USPS,201.0,90+,Closed,Closed,"Columbia, OR|2023-08-27"
"Milton, CA",2023-08-27,2023-09-20,2023-11-27,2023-11-28,2309272,2024-01-17,2845077,,Closed,Urgent,Repair,Building Repairs,Sarah Williams,USPS,143.0,90+,Closed,Closed,"Milton, CA|2023-08-27"
"Plymouth, SD",2023-08-27,2024-03-06,2024-05-03,2024-05-09,2308926,2024-05-22,2844648,,Closed,Urgent,Repair,Masonry,Brandon Davis,USPS,269.0,90+,Closed,Closed,"Plymouth, SD|2023-08-27"
"Bristol, WI",2023-08-28,2023-08-28,2023-11-13,2023-11-13,,2023-11-26,,,Closed,Normal,Repair,HVAC PM,Brandon Davis,Internal,90.0,61-90,Closed,Closed,"Bristol, WI|2023-08-28"
"Clinton, VT",2023-08-28,2023-08-28,2023-08-31,2023-09-04,2310690,2023-12-12,2846591,164.0,Closed,Urgent,Repair,HVAC Repairs,Brandon Davis,USPS,106.0,90+,Closed,Closed,"Clinton, VT|2023-08-28"
"Danville, NM",2023-08-28,2023-08-28,2023-09-18,,,2023-09-26,,150.0,Closed,Unknown,Repair,Plumbing,Sarah Williams,Internal,29.0,0-30,Closed,Closed,"Danville, NM|2023-08-28"
"Gainesville, VT",2023-08-28,2024-12-12,2025-08-18,,2309953,,2845848,,Completed,Urgent,Repair,Roof Repair,Brandon Davis,USPS,968.0,90+,Completed Not Paid,Open,"Gainesville, VT|2023-08-28"
"Hudson, MS",2023-08-28,2024-05-29,2024-06-26,2024-07-09,2309977,2024-07-09,2845819,,Closed,Urgent,Repair,Drive Thru,Brandon Davis,USPS,316.0,90+,Closed,Closed,"Hudson, MS|2023-08-28"
"Oakland, OR",2023-08-28,2023-08-28,,,,2024-01-23,,151.5,Closed,Normal,Repair,HVAC PM,Ashley Thompson,Internal,148.0,90+,Closed,Closed,"Oakland, OR|2023-08-28"
"Oakland, GA",2023-08-29,2023-09-07,2023-12-19,,,,,151.5,Closed,Normal,Repair,HVAC PM,Ashley Thompson,Internal,967.0,90+,Closed,Closed,"Oakland, GA|2023-08-29"
"Anderson, AR",2023-08-30,,2023-09-04,2023-09-04,2311437,2023-09-04,2847391,0.0,Closed,Urgent,Repair,HVAC Repairs,Mike Johnson,USPS,5.0,0-30,Closed,Closed,"Anderson, AR|2023-08-30"
"Georgetown, NJ",2023-08-30,2024-05-23,2024-08-05,2024-08-06,2310999,2024-08-21,2846864,,Closed,Urgent,Repair,Paving (Repair),Brandon Davis,USPS,357.0,90+,Closed,Closed,"Georgetown, NJ|2023-08-30"
"Fairview, MD",2023-09-04,2023-09-04,2023-09-10,2023-09-12,,2023-09-26,,120.0,Closed,Normal,Repair,HVAC Repairs,Brandon Davis,Internal,22.0,0-30,Closed,Closed,"Fairview, MD|2023-09-04"
"Oxford, LA",2023-09-04,2024-02-05,2024-02-06,2024-02-21,2312511,2024-03-04,2848387,300.0,Closed,Urgent,Repair,Doors,Sarah Williams,USPS,182.0,90+,Closed,Closed,"Oxford, LA|2023-09-04"
"Hamilton, PA",2023-09-05,,2023-09-01,,,2023-09-19,,173.2,Closed,Normal,Repair,Landscaping,Sarah Williams,Internal,14.0,0-30,Closed,Closed,"Hamilton, PA|2023-09-05"
"Oxford, WV",2023-09-05,2023-09-04,2023-09-05,,,2023-11-07,,40.0,Closed,Normal,Repair,Asbestos Abatement,Mike Johnson,Internal,63.0,61-90,Closed,Closed,"Oxford, WV|2023-09-05"
"Clayton, MI",2023-09-06,,,,2138432,2023-12-04,2663722,0.0,Closed,Urgent,Repair,Flooring,Mike Johnson,USPS,89.0,61-90,Closed,Closed,"Clayton, MI|2023-09-06"
"Cleveland, OR",2023-09-06,2024-04-03,2024-04-26,2024-04-26,1980238,2024-05-10,2479491,250.0,Closed,Urgent,Repair,Flooring,Sarah Williams,USPS,247.0,90+,Closed,Closed,"Cleveland, OR|2023-09-06"
"Columbia, DE",2023-09-06,,,2023-11-05,2143731,2023-11-15,2669287,0.0,Closed,Urgent,Repair,Flooring,Mike Johnson,USPS,70.0,61-90,Closed,Closed,"Columbia, DE|2023-09-06"
"Columbia, MO",2023-09-06,2023-09-07,2023-09-11,2023-10-02,2313195,2023-11-09,2849289,,Closed,Urgent,Repair,Roof Repair,Sarah Williams,USPS,64.0,61-90,Closed,Closed,"Columbia, MO|2023-09-06"
"Fairview, AL",2023-09-06,2024-02-28,2024-05-18,2024-05-22,2022462,2024-07-19,2531813,2040.0,Closed,Urgent,Repair,Flooring,Sarah Williams,USPS,317.0,90+,Closed,Closed,"Fairview, AL|2023-09-06"
"Gainesville, HI",2023-09-06,2023-09-26,2023-10-16,2023-10-23,2312489,2023-10-31,2848520,,Closed,Urgent,Repair,Electrical Repairs,Sarah Williams,USPS,55.0,31-60,Closed,Closed,"Gainesville, HI|2023-09-06"
"Gainesville, HI",2023-09-06,2024-01-25,2024-07-28,2024-07-19,2203952,2024-08-08,2733794,6336.73,Closed,Urgent,Repair,Flooring,Mike Johnson,USPS,337.0,90+,Closed,Closed,"Gainesville, HI|2023-09-06"
"Georgetown, SD",2023-09-06,2023-12-21,2024-01-11,2024-01-14,2127348,2024-01-24,2652022,2415.0,Closed,Urgent,Repair,Flooring,Mike Johnson,USPS,140.0,90+,Closed,Closed,"Georgetown, SD|2023-09-06"
"Hudson, MO",2023-09-06,2023-09-06,2023-09-06,2023-09-06,2313237,2023-10-03,2849342,70.0,Closed,Emergency,Repair,HVAC Repairs,Mike Johnson,USPS,27.0,0-30,Closed,Closed,"Hudson, MO|2023-09-06"
"Ashland, AZ",2023-09-07,2024-05-13,2024-05-14,,,2024-06-12,,350.0,Closed,Normal,Repair,HVAC PM,Mike Johnson,Internal,279.0,90+,Closed,Closed,"Ashland, AZ|2023-09-07"
"Auburn, FL",2023-09-07,2023-09-12,2023-09-19,2023-10-18,2316233,2023-10-23,2852504,414.25,Closed,Normal,Repair,HVAC Repairs,Mike Johnson,USPS,46.0,31-60,Closed,Closed,"Auburn, FL|2023-09-07"
"Carrollton, DE",2023-09-07,2023-10-19,2023-10-22,2023-10-26,,2024-03-05,,400.0,Closed,Normal,Repair,Roof Repair,Sarah Williams,Internal,180.0,90+,Closed,Closed,"Carrollton, DE|2023-09-07"
"Albany, WI",2023-09-10,2024-03-07,2024-03-12,2024-03-14,2313524,2024-03-25,2849658,700.0,Closed,Urgent,Repair,Roof Repair,Sarah Williams,USPS,197.0,90+,Closed,Closed,"Albany, WI|2023-09-10"
"Anderson, PA",2023-09-10,2024-02-07,2024-03-20,2024-03-21,2314043,2024-03-29,2850202,,Closed,Urgent,Repair,Gutters,Brandon Davis,USPS,201.0,90+,Closed,Closed,"Anderson, PA|2023-09-10"
"Centerville, MS",2023-09-10,2023-09-11,2023-09-11,2023-09-12,2314979,2023-09-26,2851177,663.4,Closed,Emergency,Repair,Roof Repair,Mike Johnson,USPS,16.0,0-30,Closed,Closed,"Centerville, MS|2023-09-10"
"Clayton, CO",2023-09-10,2023-09-12,2024-02-26,,,2024-03-05,,90.0,Closed,Normal,Repair,HVAC PM,Brandon Davis,Internal,177.0,90+,Closed,Closed,"Clayton, CO|2023-09-10"
"Cleveland, ID",2023-09-10,2023-10-09,2023-10-10,2023-10-15,2313899,2023-11-30,2850063,,Closed,Urgent,Repair,HVAC Repairs,Sarah Williams,USPS,81.0,61-90,Closed,Closed,"Cleveland, ID|2023-09-10"
"Fairview, AL",2023-09-10,2023-10-01,2023-10-03,2023-11-29,2312913,2023-12-10,2848965,432.82,Closed,Urgent,Repair,HVAC Repairs,Mike Johnson,USPS,91.0,90+,Closed,Closed,"Fairview, AL|2023-09-10"
"Fairview, SD",2023-09-10,2023-10-17,2024-01-14,2024-01-15,2313267,2024-01-17,2849368,,Closed,Urgent,Repair,Gutters,Brandon Davis,USPS,129.0,90+,Closed,Closed,"Fairview, SD|2023-09-10"
"Gainesville, HI",2023-09-10,2023-09-12,2023-10-17,2023-10-18,,,,181.0,Closed,Normal,Repair,HVAC PM,Ashley Thompson,Internal,955.0,90+,Closed,Closed,"Gainesville, HI|2023-09-10"
"Gainesville, HI",2023-09-10,2023-09-26,2023-10-16,2023-10-23,2313043,2023-10-31,2849127,100.0,Closed,Urgent,Repair,Gutters,Sarah Williams,USPS,51.0,31-60,Closed,Closed,"Gainesville, HI|2023-09-10"
"Georgetown, NJ",2023-09-10,2023-09-12,2023-09-17,2023-09-26,2313609,2023-09-26,2849785,91.64,Closed,Urgent,Repair,Electrical Repairs,Brandon Davis,USPS,16.0,0-30,Closed,Closed,"Georgetown, NJ|2023-09-10"
"Hamilton, CT",2023-09-10,2023-12-11,,,,,,92.5,Closed,Normal,Repair,HVAC PM,Ashley Thompson,Internal,955.0,90+,Closed,Closed,"Hamilton, CT|2023-09-10"
"Lexington, TX",2023-09-10,2023-09-06,2023-09-06,2023-09-12,2313794,2023-09-17,2849885,,Closed,Urgent,Repair,HVAC Repairs,Mike Johnson,USPS,7.0,0-30,Closed,Closed,"Lexington, TX|2023-09-10"
"Milton, TN",2023-09-10,2023-09-10,2023-09-13,2023-10-12,2313619,2023-10-17,2849796,313.0,Closed,Urgent,Repair,Roof Repair,Brandon Davis,USPS,37.0,31-60,Closed,Closed,"Milton, TN|2023-09-10"
"Oxford, NH",2023-09-10,2023-09-12,2023-09-20,2023-11-21,2313487,2023-12-13,2849627,500.0,Closed,Urgent,Repair,Roof Repair,Sarah Williams,USPS,94.0,90+,Closed,Closed,"Oxford, NH|2023-09-10"
"Oxford, NH",2023-09-10,2023-09-12,2023-11-16,2023-11-21,2313487,2023-12-13,2849561,,Closed,Urgent,Repair,Ceiling Tiles,Sarah Williams,USPS,94.0,90+,Closed,Closed,"Oxford, NH|2023-09-10"
"Columbia, HI",2023-09-11,2023-09-11,2023-09-14,2023-09-26,2314992,2024-01-04,2851148,,Closed,Emergency,Repair,Roof Repair,Sarah Williams,USPS,115.0,90+,Closed,Closed,"Columbia, HI|2023-09-11"
"Auburn, MS",2023-09-12,2023-09-12,2023-09-12,2023-09-14,,2023-09-19,,135.0,Closed,Normal,Repair,Landscaping,Brandon Davis,Internal,7.0,0-30,Closed,Closed,"Auburn, MS|2023-09-12"
"Burlington, NH",2023-09-12,2023-09-10,2023-09-11,2023-10-22,2314267,2024-02-14,2850460,,Closed,Urgent,Repair,Plumbing,Sarah Williams,USPS,155.0,90+,Closed,Closed,"Burlington, NH|2023-09-12"
"Canton, IN",2023-09-12,2023-09-25,2023-10-15,2023-10-18,2314770,2023-11-07,2850980,1367.0,Closed,Urgent,Repair,Electrical Repairs,Brandon Davis,USPS,56.0,31-60,Closed,Closed,"Canton, IN|2023-09-12"
"Carrollton, IL",2023-09-12,,2023-09-19,2023-09-21,2314748,2024-02-06,2850998,,Closed,Urgent,Repair,Electrical Repairs,Brandon Davis,USPS,147.0,90+,Closed,Closed,"Carrollton, IL|2023-09-12"
"Clayton, PA",2023-09-12,,2023-09-26,2023-10-22,2314919,2023-12-17,2851057,,Closed,Urgent,Repair,Roof Repair,Sarah Williams,USPS,96.0,90+,Closed,Closed,"Clayton, PA|2023-09-12"
"Clayton, PA",2023-09-12,2023-12-04,2023-12-14,2023-12-17,2314919,2023-12-19,2851059,,Closed,Urgent,Repair,Ceiling Tiles,Sarah Williams,USPS,98.0,90+,Closed,Closed,"Clayton, PA|2023-09-12"
"Columbia, AR",2023-09-12,2023-11-19,2023-12-18,2024-01-08,2315405,2024-01-17,2851566,390.0,Closed,Urgent,Repair,Roof Repair,Sarah Williams,USPS,127.0,90+,Closed,Closed,"Columbia, AR|2023-09-12"
"Gainesville, NJ",2023-09-12,2023-09-19,2023-09-21,2023-10-08,2314932,2024-01-17,2851054,,Closed,Urgent,Repair,Roof Repair,Sarah Williams,USPS,127.0,90+,Closed,Closed,"Gainesville, NJ|2023-09-12"
"Gainesville, NJ",2023-09-12,2023-10-16,2023-12-28,2024-01-03,2314932,2024-01-17,2851055,,Closed,Urgent,Repair,Ceiling Tiles,Sarah Williams,USPS,127.0,90+,Closed,Closed,"Gainesville, NJ|2023-09-12"
"Oakland, MN",2023-09-12,2023-09-20,2023-09-20,2023-10-08,2315224,2023-11-07,2851403,100.0,Closed,Urgent,Repair,Roof Repair,Sarah Williams,USPS,56.0,31-60,Closed,Closed,"Oakland, MN|2023-09-12"
"Clayton, NC",2023-09-13,2023-09-17,,,,2024-02-11,,120.0,Closed,Normal,Repair,HVAC PM,Ashley Thompson,Internal,151.0,90+,Closed,Closed,"Clayton, NC|2023-09-13"
"Clinton, ME",2023-09-13,2023-11-20,2024-01-25,2024-01-29,2317118,2024-02-07,2853439,10550.0,Closed,Urgent,Repair,Drive Thru,Mike Johnson,USPS,147.0,90+,Closed,Closed,"Clinton, ME|2023-09-13"
"Gainesville, AK",2023-09-13,2023-09-17,,,,2024-02-11,,,Closed,Normal,Repair,HVAC PM,Brandon Davis,Internal,151.0,90+,Closed,Closed,"Gainesville, AK|2023-09-13"
"Anderson, VA",2023-09-14,2023-08-22,2023-08-24,,,2023-09-14,,,Closed,Normal,Repair,HVAC PM,Sarah Williams,Internal,0.0,0-30,Closed,Closed,"Anderson, VA|2023-09-14"
"Auburn, MS",2023-09-14,2023-09-17,2023-09-21,2023-09-24,,2023-09-26,,705.3,Closed,Normal,Repair,Electrical Repairs,Brandon Davis,Internal,12.0,0-30,Closed,Closed,"Auburn, MS|2023-09-14"
"Columbia, HI",2023-09-14,2023-11-19,2023-12-03,2023-12-05,2316311,2023-12-06,2852566,,Closed,Urgent,Repair,Roof Repair,Sarah Williams,USPS,83.0,61-90,Closed,Closed,"Columbia, HI|2023-09-14"
"Dayton, IA",2023-09-14,,,,,,,451.82,Closed,Urgent,Repair,Roof Repair,Ashley Thompson,Internal,951.0,90+,Closed,Closed,"Dayton, IA|2023-09-14"
"Canton, DE",2023-09-16,2023-09-17,2023-12-06,2023-12-06,2316894,2024-02-06,2853210,,Closed,Urgent,Repair,Electrical Repairs,Brandon Davis,USPS,143.0,90+,Closed,Closed,"Canton, DE|2023-09-16"
"Milton, MO",2023-09-16,2023-11-01,2023-11-07,2023-11-07,2316066,2023-11-27,2852297,,Closed,Urgent,Repair,Electrical Repairs,Brandon Davis,USPS,72.0,61-90,Closed,Closed,"Milton, MO|2023-09-16"
"Clinton, SC",2023-09-17,2023-09-18,2023-09-21,2023-10-15,2315456,2023-10-31,2851633,703.0,Closed,Urgent,Repair,Roof Repair,Brandon Davis,USPS,44.0,31-60,Closed,Closed,"Clinton, SC|2023-09-17"
"Kingston, OH",2023-09-17,2024-02-27,2024-03-18,2024-03-27,2315785,2024-04-22,2852000,,Closed,Urgent,Repair,Roof Repair,Sarah Williams,USPS,218.0,90+,Closed,Closed,"Kingston, OH|2023-09-17"
"Albany, NJ",2023-09-18,2023-09-19,2023-09-30,2023-11-06,,2024-02-06,,,Closed,Normal,Repair,Roof Repair,Brandon Davis,Internal,141.0,90+,Closed,Closed,"Albany, NJ|2023-09-18"
"Albany, NJ",2023-09-19,2023-09-19,2023-09-20,2023-11-06,2318706,2023-11-21,2855199,,Closed,Urgent,Repair,Roof Repair,Brandon Davis,USPS,63.0,61-90,Closed,Closed,"Albany, NJ|2023-09-19"
"Anderson, VA",2023-09-19,,2023-10-29,2023-10-29,2318584,2023-10-29,2855133,0.0,Closed,Emergency,Repair,Storm/Flood Cleanup,Mike Johnson,USPS,40.0,31-60,Closed,Closed,"Anderson, VA|2023-09-19"
"Ashland, WA",2023-09-20,2023-09-21,2023-10-03,2023-10-03,,2023-10-10,,250.0,Closed,Normal,Repair,Plumbing,Brandon Davis,Internal,20.0,0-30,Closed,Closed,"Ashland, WA|2023-09-20"
"Auburn, NH",2023-09-20,2023-10-11,2023-10-12,2023-10-19,,2023-10-23,,800.0,Closed,Urgent,Repair,Roof Repair,Mike Johnson,Internal,33.0,31-60,Closed,Closed,"Auburn, NH|2023-09-20"
"Bristol, OH",2023-09-20,2023-09-20,2023-09-21,2023-09-26,2318081,2023-10-10,2854548,168.54,Closed,Urgent,Repair,HVAC Repairs,Sarah Williams,USPS,20.0,0-30,Closed,Closed,"Bristol, OH|2023-09-20"
"Clinton, GA",2023-09-20,2023-09-19,2023-09-20,2023-09-21,,2023-09-26,,236.36,Closed,Normal,Repair,HVAC Repairs,Brandon Davis,Internal,6.0,0-30,Closed,Closed,"Clinton, GA|2023-09-20"
"Danville, NM",2023-09-20,2023-09-21,2023-09-21,2023-12-03,2318652,2023-12-03,2855122,0.0,Closed,Urgent,Repair,HVAC Repairs,Mike Johnson,USPS,74.0,61-90,Closed,Closed,"Danville, NM|2023-09-20"
"Edison, NC",2023-09-20,2023-09-20,2023-09-21,,2318352,2023-12-10,2854851,117.0,Closed,Urgent,Repair,HVAC Repairs,Mike Johnson,USPS,81.0,61-90,Closed,Closed,"Edison, NC|2023-09-20"
"Fairview, MD",2023-09-20,2023-09-21,2023-09-25,2023-10-03,2318350,2023-10-10,2854872,65.0,Closed,Urgent,Repair,HVAC Repairs,Brandon Davis,USPS,20.0,0-30,Closed,Closed,"Fairview, MD|2023-09-20"
"Georgetown, CT",2023-09-20,2023-09-20,2023-09-20,2023-09-21,2319502,2023-11-07,2856084,150.0,Closed,Emergency,Repair,Doors,Mike Johnson,USPS,48.0,31-60,Closed,Closed,"Georgetown, CT|2023-09-20"
"Greenville, AR",2023-09-20,2023-09-21,2023-10-04,2023-10-24,2318359,2023-10-24,2854848,,Closed,Urgent,Repair,Roof Repair,Sarah Williams,USPS,34.0,31-60,Closed,Closed,"Greenville, AR|2023-09-20"
"Hamilton, ND",2023-09-20,2023-11-07,2023-11-08,2023-11-09,2317542,2023-11-21,2853903,,Closed,Urgent,Repair,Doors,Brandon Davis,USPS,62.0,61-90,Closed,Closed,"Hamilton, ND|2023-09-20"
"Hamilton, ND",2023-09-20,2023-10-29,2023-11-05,2023-11-05,2317542,2023-11-05,2853902,,Closed,Urgent,Repair,Doors,Brandon Davis,USPS,46.0,31-60,Closed,Closed,"Hamilton, ND|2023-09-20"
"Lexington, WV",2023-09-20,,,2023-10-18,2318633,2023-10-18,2855151,0.0,Closed,Urgent,Repair,Paving (Repair),Mike Johnson,USPS,28.0,0-30,Closed,Closed,"Lexington, WV|2023-09-20"
"Lexington, WV",2023-09-20,,,2023-10-18,2317747,2023-10-18,2854162,0.0,Closed,Urgent,Repair,Paving (Repair),Mike Johnson,USPS,28.0,0-30,Closed,Closed,"Lexington, WV|2023-09-20"
"Lexington, WV",2023-09-20,,2024-01-08,2024-01-08,2318614,2024-02-06,2855058,,Closed,Urgent,Repair,Doors,Brandon Davis,USPS,139.0,90+,Closed,Closed,"Lexington, WV|2023-09-20"
"Riverside, MA",2023-09-20,2023-09-24,2023-09-25,2023-09-26,2317223,2023-10-03,2853605,95.0,Closed,Urgent,Repair,Plumbing,Sarah Williams,USPS,13.0,0-30,Closed,Closed,"Riverside, MA|2023-09-20"
"Franklin, LA",2023-09-24,2023-09-24,2023-09-25,2023-09-27,2319473,2023-10-23,2856046,689.34,Closed,Urgent,Repair,HVAC Repairs,Brandon Davis,USPS,29.0,0-30,Closed,Closed,"Franklin, LA|2023-09-24"
"Bloomington, MS",2023-09-25,2024-01-16,2024-03-04,2024-03-08,2319536,2024-03-26,2856099,4150.0,Closed,Urgent,Repair,Flooring,Mike Johnson,USPS,183.0,90+,Closed,Closed,"Bloomington, MS|2023-09-25"
"Ashland, AZ",2023-09-26,2023-10-22,2023-10-26,2023-10-29,2321404,2024-02-06,2858157,,Closed,Urgent,Repair,Doors,Brandon Davis,USPS,133.0,90+,Closed,Closed,"Ashland, AZ|2023-09-26"
"Canton, GA",2023-09-26,2024-01-22,2024-01-23,2024-01-24,2321402,2024-01-29,2858153,,Closed,Urgent,Repair,Roof Repair,Sarah Williams,USPS,125.0,90+,Closed,Closed,"Canton, GA|2023-09-26"
"Clinton, GA",2023-09-26,2023-11-02,2023-12-21,2024-01-07,2320842,2024-02-20,2857555,,Closed,Urgent,Repair,Roof Repair,Sarah Williams,USPS,147.0,90+,Closed,Closed,"Clinton, GA|2023-09-26"
"Columbia, MS",2023-09-26,2024-03-20,2024-03-28,2024-04-22,2320267,2024-07-11,2856908,,Closed,Urgent,Repair,Roof Repair,Brandon Davis,USPS,289.0,90+,Closed,Closed,"Columbia, MS|2023-09-26"
"Dover, NY",2023-09-26,2023-10-23,2024-01-17,2024-01-18,2320756,2024-01-31,2857404,,Closed,Urgent,Repair,Roof Repair,Sarah Williams,USPS,127.0,90+,Closed,Closed,"Dover, NY|2023-09-26"
"Kingston, UT",2023-09-26,2023-10-10,2023-10-11,2023-10-30,2320909,2023-10-31,2857609,189.44,Closed,Urgent,Repair,Plumbing,Brandon Davis,USPS,35.0,31-60,Closed,Closed,"Kingston, UT|2023-09-26"
"Kingston, UT",2023-09-26,2023-10-10,2023-10-11,2023-10-30,2320909,2024-02-06,2857567,,Closed,Urgent,Repair,Plumbing,Brandon Davis,USPS,133.0,90+,Closed,Closed,"Kingston, UT|2023-09-26"
"Milton, ND",2023-09-26,2023-11-28,2023-12-06,2023-12-06,2319292,2023-12-11,2855841,,Closed,Urgent,Repair,Storm/Flood Cleanup,Brandon Davis,USPS,76.0,61-90,Closed,Closed,"Milton, ND|2023-09-26"
"Norwood, ID",2023-09-26,2023-09-27,2023-09-28,2023-09-28,2320771,2023-10-10,2857456,95.0,Closed,Urgent,Repair,HVAC Repairs,Mike Johnson,USPS,14.0,0-30,Closed,Closed,"Norwood, ID|2023-09-26"
"Florence, MO",2023-09-27,2023-10-29,2023-11-06,2023-11-08,,2023-11-26,,550.0,Closed,Unknown,Repair,Doors,Sarah Williams,Internal,60.0,31-60,Closed,Closed,"Florence, MO|2023-09-27"
"Jackson, FL",2023-09-27,2023-09-27,2023-12-12,,,2024-01-02,,82.0,Closed,Normal,Repair,HVAC PM,Ashley Thompson,Internal,97.0,90+,Closed,Closed,"Jackson, FL|2023-09-27"
"Manchester, MA",2023-09-27,2024-01-28,2024-04-12,2024-05-16,2321928,2024-05-22,2858677,7500.0,Closed,Normal,Repair,Drive Thru,Sarah Williams,USPS,238.0,90+,Closed,Closed,"Manchester, MA|2023-09-27"
"Salem, WI",2023-09-27,2023-10-31,2023-11-10,2023-11-13,2321698,2023-12-12,2858368,1200.0,Closed,Urgent,Repair,Landscaping,Mike Johnson,USPS,76.0,61-90,Closed,Closed,"Salem, WI|2023-09-27"
"Burlington, AL",2023-09-28,2023-11-27,2023-12-12,2023-12-12,2321823,2023-12-19,2858556,,Closed,Urgent,Repair,Doors,Brandon Davis,USPS,82.0,61-90,Closed,Closed,"Burlington, AL|2023-09-28"
"Florence, IL",2023-09-28,2023-10-03,2023-10-09,2023-10-12,2321581,2023-10-17,2858278,147.06,Closed,Urgent,Repair,Electrical Repairs,Brandon Davis,USPS,19.0,0-30,Closed,Closed,"Florence, IL|2023-09-28"
"Newport, WA",2023-09-28,2023-10-22,2024-03-25,2024-05-29,,2024-08-02,,,Closed,Normal,Repair,Building Repairs,Brandon Davis,Internal,309.0,90+,Closed,Closed,"Newport, WA|2023-09-28"
"Florence, KY",2023-09-30,,2023-09-08,,,2023-10-31,,,Closed,Urgent,Repair,Drive Thru,Sarah Williams,Internal,31.0,31-60,Closed,Closed,"Florence, KY|2023-09-30"
"Florence, OK",2023-10-01,2023-10-09,2023-10-12,2023-10-17,,2023-10-23,,168.51,Closed,Urgent,Repair,HVAC Repairs,Mike Johnson,Internal,22.0,0-30,Closed,Closed,"Florence, OK|2023-10-01"
"Hamilton, PA",2023-10-01,,2023-09-29,,,2023-10-10,,173.2,Closed,Normal,Repair,Landscaping,Sarah Williams,Internal,9.0,0-30,Closed,Closed,"Hamilton, PA|2023-10-01"
"Bristol, LA",2023-10-02,2023-09-21,2023-10-01,,,2023-10-31,,20500.0,Closed,Urgent,Repair,Asbestos Abatement,Mike Johnson,Internal,29.0,0-30,Closed,Closed,"Bristol, LA|2023-10-02"
"Albany, NJ",2023-10-03,2023-10-24,2023-10-26,2023-11-06,2323247,2023-12-19,2860058,,Closed,Urgent,Repair,HVAC Repairs,Brandon Davis,USPS,77.0,61-90,Closed,Closed,"Albany, NJ|2023-10-03"
"Cleveland, RI",2023-10-03,2024-04-11,2024-04-24,2024-04-26,2322310,2024-05-22,2859060,,Closed,Urgent,Repair,Roof Replacement - Shingle,Sarah Williams,USPS,232.0,90+,Closed,Closed,"Cleveland, RI|2023-10-03"
"Clinton, SC",2023-10-03,2023-10-12,2023-10-12,2023-10-12,2323744,2023-10-17,2860550,121.37,Closed,Urgent,Repair,Plumbing,Brandon Davis,USPS,14.0,0-30,Closed,Closed,"Clinton, SC|2023-10-03"
"Danville, AR",2023-10-03,2024-07-12,2024-10-19,2024-10-21,2322684,2024-11-22,2859424,417.11,Closed,Urgent,Repair,Structural,Mike Johnson,USPS,416.0,90+,Closed,Closed,"Danville, AR|2023-10-03"
"Danville, AR",2023-10-03,,2024-02-12,2024-02-12,2322733,2024-02-12,2859451,0.0,Closed,Urgent,Repair,Roof Repair,Mike Johnson,USPS,132.0,90+,Closed,Closed,"Danville, AR|2023-10-03"
"Dayton, PA",2023-10-03,,2023-11-02,2024-01-14,2324207,2024-03-26,2860994,,Closed,Urgent,Repair,Roof Repair,Sarah Williams,USPS,175.0,90+,Closed,Closed,"Dayton, PA|2023-10-03"
"Farmington, NM",2023-10-03,2023-10-23,2023-11-22,2023-11-27,2323817,2023-11-27,2860527,,Closed,Urgent,Repair,Painting,Brandon Davis,USPS,55.0,31-60,Closed,Closed,"Farmington, NM|2023-10-03"
"Georgetown, NJ",2023-10-03,2023-10-05,2023-10-05,2023-10-15,2323771,2023-10-23,2860499,70.0,Closed,Urgent,Repair,HVAC Repairs,Sarah Williams,USPS,20.0,0-30,Closed,Closed,"Georgetown, NJ|2023-10-03"
"Lancaster, ID",2023-10-03,2023-10-19,2023-10-22,2023-11-05,2324130,2023-11-26,2860972,,Closed,Urgent,Repair,Doors,Sarah Williams,USPS,54.0,31-60,Closed,Closed,"Lancaster, ID|2023-10-03"
"Lancaster, WY",2023-10-03,,2023-10-08,2023-10-22,2322314,2024-01-31,2859020,,Closed,Urgent,Repair,Roof Repair,Sarah Williams,USPS,120.0,90+,Closed,Closed,"Lancaster, WY|2023-10-03"
"Milton, MO",2023-10-03,2023-11-01,2023-11-01,2023-11-01,2323062,2023-11-07,2859812,194.0,Closed,Urgent,Repair,Plumbing,Mike Johnson,USPS,35.0,31-60,Closed,Closed,"Milton, MO|2023-10-03"
"Newport, WA",2023-10-03,2024-03-07,2024-08-15,2024-08-15,,2024-09-26,,,Closed,Urgent,Repair,Electrical Repairs,Brandon Davis,Internal,359.0,90+,Closed,Closed,"Newport, WA|2023-10-03"
"Arlington, VT",2023-10-08,2023-10-10,2023-10-18,2023-10-30,2324723,2023-10-31,2861637,154.03,Closed,Urgent,Repair,Plumbing,Brandon Davis,USPS,23.0,0-30,Closed,Closed,"Arlington, VT|2023-10-08"
"Clinton, VT",2023-10-08,2023-10-11,2023-10-29,,2323078,2023-12-10,2859854,250.0,Closed,Urgent,Repair,Flooring,Brandon Davis,USPS,63.0,61-90,Closed,Closed,"Clinton, VT|2023-10-08"
"Danville, SD",2023-10-08,2023-10-22,2023-10-23,2023-11-13,2324968,2023-11-20,2861765,131.48,Closed,Urgent,Repair,HVAC Repairs,Mike Johnson,USPS,43.0,31-60,Closed,Closed,"Danville, SD|2023-10-08"
"Hudson, MO",2023-10-08,2023-10-09,2023-10-19,2023-12-27,2325074,2023-12-27,2861854,,Closed,Urgent,Repair,Roof Repair,Sarah Williams,USPS,80.0,61-90,Closed,Closed,"Hudson, MO|2023-10-08"
"Jackson, KS",2023-10-08,2024-01-17,2024-01-24,2024-02-04,2325329,2024-02-08,2862196,,Closed,Urgent,Repair,Gutters,Brandon Davis,USPS,123.0,90+,Closed,Closed,"Jackson, KS|2023-10-08"
"Springfield, TN",2023-10-08,2024-03-11,2024-05-08,2024-05-09,2281351,2024-05-14,2815612,,Closed,Urgent,Repair,Painting,Brandon Davis,USPS,219.0,90+,Closed,Closed,"Springfield, TN|2023-10-08"
"Kingston, AZ",2023-10-09,2023-10-11,2023-10-11,,,2024-02-06,,,Closed,Normal,Repair,Doors,Brandon Davis,Internal,120.0,90+,Closed,Closed,"Kingston, AZ|2023-10-09"
"Carrollton, OH",2023-10-12,,2024-03-05,2024-03-05,2325825,2024-03-05,2862727,,Closed,Urgent,Repair,Plumbing,Brandon Davis,USPS,145.0,90+,Closed,Closed,"Carrollton, OH|2023-10-12"
"Franklin, GA",2023-10-12,2023-11-19,2023-11-28,2024-01-04,2325850,2024-01-17,2862791,371.0,Closed,Urgent,Repair,Doors,Mike Johnson,USPS,97.0,90+,Closed,Closed,"Franklin, GA|2023-10-12"
"Greenville, DE",2023-10-12,2023-10-17,2023-10-19,2023-10-23,2327450,2023-10-31,2864514,150.0,Closed,Emergency,Repair,Storm/Flood Cleanup,Mike Johnson,USPS,19.0,0-30,Closed,Closed,"Greenville, DE|2023-10-12"
"Greenville, DE",2023-10-12,2023-10-17,2023-10-19,2023-10-23,2327427,2023-10-31,2864445,340.0,Closed,Emergency,Repair,Storm/Flood Cleanup,Mike Johnson,USPS,19.0,0-30,Closed,Closed,"Greenville, DE|2023-10-12"
"Lexington, KY",2023-10-12,2024-02-26,2024-03-22,2024-03-26,2326938,2024-05-01,2863875,11840.0,Closed,Emergency,Repair,Storm/Flood Cleanup,Mike Johnson,USPS,202.0,90+,Closed,Closed,"Lexington, KY|2023-10-12"
"Anderson, OK",2023-10-15,2023-10-16,2024-02-22,2024-02-25,,2024-03-05,,,Closed,Urgent,Repair,Plumbing,Brandon Davis,Internal,142.0,90+,Closed,Closed,"Anderson, OK|2023-10-15"
"Ashland, IN",2023-10-15,2023-10-31,2023-11-20,2023-11-20,2326799,2024-01-17,2863708,,Closed,Urgent,Repair,Ceiling Tiles,Brandon Davis,USPS,94.0,90+,Closed,Closed,"Ashland, IN|2023-10-15"
"Ashland, IN",2023-10-15,2023-12-12,2024-01-14,2024-01-15,2326799,2024-01-30,2863707,,Closed,Urgent,Repair,Doors,Brandon Davis,USPS,107.0,90+,Closed,Closed,"Ashland, IN|2023-10-15"
"Cleveland, OR",2023-10-15,2023-10-16,2023-10-17,2023-10-17,2327225,2024-01-17,2864237,903.0,Closed,Urgent,Repair,HVAC Repairs,Mike Johnson,USPS,94.0,90+,Closed,Closed,"Cleveland, OR|2023-10-15"
"Clinton, SC",2023-10-15,2023-10-15,2023-10-16,2023-10-16,,2023-12-19,,,Closed,Normal,Repair,HVAC Repairs,Brandon Davis,Internal,65.0,61-90,Closed,Closed,"Clinton, SC|2023-10-15"
"Danville, SD",2023-10-15,2023-10-19,2023-10-25,2023-11-05,2327430,2024-02-15,2864482,,Closed,Urgent,Repair,Plumbing,Sarah Williams,USPS,123.0,90+,Closed,Closed,"Danville, SD|2023-10-15"
"Fairview, MI",2023-10-15,2024-01-23,2024-02-28,2024-02-28,2327720,2024-03-15,2864759,11850.0,Closed,Urgent,Repair,Drive Thru,Mike Johnson,USPS,152.0,90+,Closed,Closed,"Fairview, MI|2023-10-15"
"Hudson, MO",2023-10-15,2023-10-15,2023-11-13,2023-10-23,2326681,2023-11-20,2863629,350.0,Closed,Urgent,Repair,HVAC Repairs,Mike Johnson,USPS,36.0,31-60,Closed,Closed,"Hudson, MO|2023-10-15"
"Madison, MD",2023-10-15,2023-12-26,2024-02-22,2024-02-26,2326136,2024-03-15,2863052,,Closed,Urgent,Repair,Doors,Sarah Williams,USPS,152.0,90+,Closed,Closed,"Madison, MD|2023-10-15"
"Milton, TN",2023-10-15,2023-10-16,2023-10-17,2023-10-22,2327785,,2864835,,Closed,Urgent,Repair,HVAC Repairs,Mike Johnson,USPS,920.0,90+,Closed,Closed,"Milton, TN|2023-10-15"
"Anderson, VA",2023-10-16,2023-10-25,2024-01-07,2023-12-11,2327473,2024-01-23,2864494,,Closed,Urgent,Repair,Flooring,Brandon Davis,USPS,99.0,90+,Closed,Closed,"Anderson, VA|2023-10-16"
"Arlington, ID",2023-10-16,2024-02-05,2024-03-15,2024-03-15,2327936,2024-04-03,2864943,6200.0,Closed,Urgent,Repair,HVAC Repairs,Mike Johnson,USPS,170.0,90+,Closed,Closed,"Arlington, ID|2023-10-16"
"Bloomington, MS",2023-10-17,2023-10-16,2023-10-19,2023-10-19,2329102,2023-11-07,2866157,240.0,Closed,Urgent,Repair,HVAC Repairs,Brandon Davis,USPS,21.0,0-30,Closed,Closed,"Bloomington, MS|2023-10-17"
"Carrollton, IL",2023-10-17,2023-10-19,2023-11-03,2023-11-05,2328923,2023-12-12,2865968,374.0,Closed,Urgent,Repair,HVAC Repairs,Mike Johnson,USPS,56.0,31-60,Closed,Closed,"Carrollton, IL|2023-10-17"
"Cleveland, OR",2023-10-17,2023-10-30,2023-12-28,2024-01-02,,2024-01-17,,2010.0,Closed,Urgent,Repair,HVAC Repairs,Mike Johnson,Internal,92.0,90+,Closed,Closed,"Cleveland, OR|2023-10-17"
"Hudson, MO",2023-10-17,2023-10-22,2023-10-23,2023-10-25,2328770,2023-11-20,2865907,175.0,Closed,Urgent,Repair,Concrete,Mike Johnson,USPS,34.0,31-60,Closed,Closed,"Hudson, MO|2023-10-17"
"Hudson, MO",2023-10-17,2023-10-22,2023-10-13,2023-10-25,2328770,2023-11-20,2865906,250.0,Closed,Urgent,Repair,Concrete,Mike Johnson,USPS,34.0,31-60,Closed,Closed,"Hudson, MO|2023-10-17"
"Salem, FL",2023-10-17,2024-01-02,2024-01-18,2024-01-31,2329548,2024-02-08,2866627,3480.0,Closed,Emergency,Repair,Drive Thru,Mike Johnson,USPS,114.0,90+,Closed,Closed,"Salem, FL|2023-10-17"
"Gainesville, NY",2023-10-18,2023-10-30,2023-12-28,2024-01-02,2328757,2024-01-17,2865816,,Closed,Urgent,Repair,Ceiling Tiles,Brandon Davis,USPS,91.0,90+,Closed,Closed,"Gainesville, NY|2023-10-18"
"Georgetown, NC",2023-10-18,2024-02-14,2024-08-09,2024-08-20,2328650,2024-09-20,2865810,,Closed,Urgent,Repair,Gutters,Sarah Williams,USPS,338.0,90+,Closed,Closed,"Georgetown, NC|2023-10-18"
"Georgetown, NC",2023-10-18,2024-02-14,2024-02-16,2024-08-28,2328650,2024-08-28,2865785,,Closed,Urgent,Repair,Roof Repair,Sarah Williams,USPS,315.0,90+,Closed,Closed,"Georgetown, NC|2023-10-18"
"Jackson, LA",2023-10-18,2023-10-19,2023-10-22,2024-01-03,2329233,2024-01-03,2866349,,Closed,Urgent,Repair,HVAC Repairs,Mike Johnson,USPS,77.0,61-90,Closed,Closed,"Jackson, LA|2023-10-18"
"Newport, ME",2023-10-18,2024-01-18,2024-01-25,2024-02-07,2315722,2024-02-12,2851981,2200.0,Closed,Urgent,Repair,Flooring,Mike Johnson,USPS,117.0,90+,Closed,Closed,"Newport, ME|2023-10-18"
"Greenville, AR",2023-10-19,2023-10-18,2023-10-19,2023-10-24,,2023-10-31,,65.0,Closed,Normal,Repair,Ceiling Tiles,Sarah Williams,Internal,12.0,0-30,Closed,Closed,"Greenville, AR|2023-10-19"
"Greenville, NC",2023-10-19,,,,,2024-02-07,,,Closed,Normal,Repair,Fencing,Mike Johnson,Internal,111.0,90+,Closed,Closed,"Greenville, NC|2023-10-19"
"Clayton, CO",2023-10-22,2024-03-25,2024-04-01,2024-04-01,2330367,2024-04-03,2867501,,Closed,Urgent,Repair,HVAC Repairs,Brandon Davis,USPS,164.0,90+,Closed,Closed,"Clayton, CO|2023-10-22"
"Florence, MO",2023-10-22,,2023-10-23,2023-11-14,2330878,2024-01-31,2868013,,Closed,Urgent,Repair,HVAC Repairs,Sarah Williams,USPS,101.0,90+,Closed,Closed,"Florence, MO|2023-10-22"
"Hamilton, PA",2023-10-23,,2023-10-22,,,2023-10-31,,173.2,Closed,Normal,Repair,Landscaping,Sarah Williams,Internal,8.0,0-30,Closed,Closed,"Hamilton, PA|2023-10-23"
"Hamilton, WA",2023-10-23,2023-10-23,2023-11-15,2023-11-15,2331170,2023-12-12,2868331,411.14,Closed,Urgent,Repair,HVAC Repairs,Mike Johnson,USPS,50.0,31-60,Closed,Closed,"Hamilton, WA|2023-10-23"
"Rockville, UT",2023-10-23,,,,,,,88.33,Closed,Urgent,Repair,Electrical Repairs,Ashley Thompson,Internal,912.0,90+,Closed,Closed,"Rockville, UT|2023-10-23"
"Troy, AR",2023-10-25,2024-01-16,2024-06-06,2024-06-06,2332612,2024-06-11,2869743,,Closed,Urgent,Repair,Structural,Mike Johnson,USPS,230.0,90+,Closed,Closed,"Troy, AR|2023-10-25"
"Winchester, NM",2023-10-25,2024-04-01,2024-04-15,,2332590,2024-04-22,2869854,,Closed,Urgent,Repair,Flooring,Brandon Davis,USPS,180.0,90+,Closed,Closed,"Winchester, NM|2023-10-25"
"Burlington, MN",2023-10-26,2024-02-25,2024-03-11,,2332330,,2869651,,Closed,Urgent,Repair,Roof Repair,Brandon Davis,USPS,909.0,90+,Closed,Closed,"Burlington, MN|2023-10-26"
"Burlington, MN",2023-10-26,2024-02-25,2024-03-11,,2332436,2024-03-29,2869656,,Closed,Urgent,Repair,Roof Repair,Brandon Davis,USPS,155.0,90+,Closed,Closed,"Burlington, MN|2023-10-26"
"Danville, OR",2023-10-26,2024-02-25,2024-02-28,2024-03-06,2332695,2024-04-22,2869885,750.0,Closed,Urgent,Repair,Roof Repair,Sarah Williams,USPS,179.0,90+,Closed,Closed,"Danville, OR|2023-10-26"
"Lexington, CO",2023-10-26,2024-01-25,2024-02-15,2024-02-15,2332309,2024-03-05,2869569,600.0,Closed,Urgent,Repair,Striping,Sarah Williams,USPS,131.0,90+,Closed,Closed,"Lexington, CO|2023-10-26"
"Lexington, CO",2023-10-26,2023-11-13,2023-12-11,2023-12-19,2332749,2024-01-03,2870042,,Closed,Urgent,Repair,Pest Control,Sarah Williams,USPS,69.0,61-90,Closed,Closed,"Lexington, CO|2023-10-26"
"Hamilton, AZ",2023-10-29,2023-11-02,2023-11-13,2023-11-14,2333333,2023-11-27,2870583,,Closed,Urgent,Repair,Electrical Repairs,Brandon Davis,USPS,29.0,0-30,Closed,Closed,"Hamilton, AZ|2023-10-29"
"Oakland, NC",2023-10-29,2024-02-27,2024-02-27,2024-03-11,2333395,2024-06-07,2870677,,Closed,Urgent,Repair,Roof Repair,Brandon Davis,USPS,222.0,90+,Closed,Closed,"Oakland, NC|2023-10-29"
"Burlington, AR",2023-10-30,,,,,2024-01-09,,23000.0,Closed,Normal,Repair,Roof Repair,Mike Johnson,Internal,71.0,61-90,Closed,Closed,"Burlington, AR|2023-10-30"
"Cleveland, NV",2023-10-30,,,,,,,708.0,Closed,Urgent,Repair,Other,Ashley Thompson,Internal,905.0,90+,Closed,Closed,"Cleveland, NV|2023-10-30"
"Farmington, NH",2023-10-31,,,,,,,,Closed,Normal,Repair,Building Repairs,Brandon Davis,Internal,904.0,90+,Closed,Closed,"Farmington, NH|2023-10-31"
"Hudson, VA",2023-10-31,,,,,,,99.0,Closed,Urgent,Repair,Plumbing,Ashley Thompson,Internal,904.0,90+,Closed,Closed,"Hudson, VA|2023-10-31"
"Kingston, OK",2023-10-31,2023-10-31,2023-10-31,2023-11-03,,2023-11-07,,220.32,Closed,Urgent,Repair,HVAC Repairs,Mike Johnson,Internal,7.0,0-30,Closed,Closed,"Kingston, OK|2023-10-31"
"Ashland, WA",2023-11-01,2023-11-11,2024-02-11,2024-01-09,,2024-02-28,,122.0,Closed,Low,Repair,HVAC Repairs,Mike Johnson,Internal,119.0,90+,Closed,Closed,"Ashland, WA|2023-11-01"
"Carrollton, IL",2023-11-01,2023-11-07,2023-11-08,2024-02-21,2334894,2024-02-21,2872191,110.0,Closed,Urgent,Repair,Plumbing,Mike Johnson,USPS,112.0,90+,Closed,Closed,"Carrollton, IL|2023-11-01"
"Columbia, HI",2023-11-01,2023-11-05,2023-12-11,2023-12-10,2334798,2023-12-11,2872155,,Closed,Urgent,Repair,Roof Repair,Sarah Williams,USPS,40.0,31-60,Closed,Closed,"Columbia, HI|2023-11-01"
"Danville, NM",2023-11-01,,2023-11-05,2023-11-05,2333937,2023-11-05,2871245,,Closed,Urgent,Repair,Plumbing,Brandon Davis,USPS,4.0,0-30,Closed,Closed,"Danville, NM|2023-11-01"
"Danville, NM",2023-11-01,2023-11-20,2023-12-17,2023-12-06,2333937,2023-12-19,2871244,,Closed,Urgent,Repair,Electrical Repairs,Brandon Davis,USPS,48.0,31-60,Closed,Closed,"Danville, NM|2023-11-01"
"Dayton, VT",2023-11-01,2023-12-05,2023-12-19,2024-01-03,2334234,2024-01-17,2871514,,Closed,Urgent,Repair,Roof Repair,Sarah Williams,USPS,77.0,61-90,Closed,Closed,"Dayton, VT|2023-11-01"
"Hamilton, WA",2023-11-01,2023-11-14,2023-11-14,2023-11-15,,2023-11-20,,300.0,Closed,Normal,Repair,Electrical Repairs,Mike Johnson,Internal,19.0,0-30,Closed,Closed,"Hamilton, WA|2023-11-01"
"Lexington, WV",2023-11-01,2023-12-06,2023-12-20,2023-12-20,2334041,2024-01-17,2871362,551.34,Closed,Urgent,Repair,Storm/Flood Cleanup,Mike Johnson,USPS,77.0,61-90,Closed,Closed,"Lexington, WV|2023-11-01"
"Madison, MS",2023-11-01,,2024-01-03,,,2024-01-03,,0.0,Closed,Urgent,Repair,Misc. Repairs,Mike Johnson,Internal,63.0,61-90,Closed,Closed,"Madison, MS|2023-11-01"
"Oakland, MI",2023-11-01,2023-11-02,2023-11-14,2023-11-14,,2023-11-27,,151.46,Closed,Normal,Repair,Roof Repair,Mike Johnson,Internal,26.0,0-30,Closed,Closed,"Oakland, MI|2023-11-01"
"Ashland, AZ",2023-11-05,2023-11-05,2023-11-07,2023-11-08,2335398,2023-11-21,2872741,200.0,Closed,Urgent,Repair,HVAC Repairs,Mike Johnson,USPS,16.0,0-30,Closed,Closed,"Ashland, AZ|2023-11-05"
"Canton, NC",2023-11-05,2024-04-26,2024-05-29,2024-05-29,2335218,2024-06-17,2872597,4700.0,Closed,Urgent,Repair,Roof Repair,Mike Johnson,USPS,225.0,90+,Closed,Closed,"Canton, NC|2023-11-05"
"Danville, MA",2023-11-05,,,,2198512,2025-04-23,2727942,,Closed,Urgent,Repair,Painting,Sarah Williams,USPS,535.0,90+,Closed,Closed,"Danville, MA|2023-11-05"
"Florence, MT",2023-11-05,2023-11-07,2023-11-07,2023-11-12,2335276,2024-03-04,2872566,125.0,Closed,Urgent,Repair,Plumbing,Ashley Thompson,USPS,120.0,90+,Closed,Closed,"Florence, MT|2023-11-05"
"Gainesville, NY",2023-11-05,,2023-11-16,2024-01-09,2335247,2024-01-09,2872714,,Closed,Urgent,Repair,Roof Repair,Sarah Williams,USPS,65.0,61-90,Closed,Closed,"Gainesville, NY|2023-11-05"
"Hudson, MO",2023-11-05,2023-12-24,2024-01-12,2024-01-14,2335237,2024-01-17,2872547,500.0,Closed,Urgent,Repair,Plumbing,Mike Johnson,USPS,73.0,61-90,Closed,Closed,"Hudson, MO|2023-11-05"
"Hudson, MO",2023-11-05,2023-12-12,2023-12-12,2024-02-28,2335237,2024-03-15,2872548,2370.0,Closed,Urgent,Repair,HVAC Repairs,Mike Johnson,USPS,131.0,90+,Closed,Closed,"Hudson, MO|2023-11-05"
"Oakland, AL",2023-11-05,2023-11-06,2023-11-09,2024-04-04,2334921,2024-04-12,2872281,,Closed,Urgent,Repair,Roof Repair,Sarah Williams,USPS,159.0,90+,Closed,Closed,"Oakland, AL|2023-11-05"
"Oxford, LA",2023-11-05,2023-12-21,2023-12-24,2024-01-16,2334962,2024-02-14,2872324,85.0,Closed,Urgent,Repair,Gutters,Sarah Williams,USPS,101.0,90+,Closed,Closed,"Oxford, LA|2023-11-05"
"Troy, AR",2023-11-05,2023-11-05,2023-11-10,2023-11-30,2334887,2023-12-11,2872298,538.74,Closed,Urgent,Repair,Roof Repair,Mike Johnson,USPS,36.0,31-60,Closed,Closed,"Troy, AR|2023-11-05"
"Arlington, CO",2023-11-06,2024-06-11,2024-06-14,2024-06-14,2335440,2024-07-11,2872773,,Closed,Urgent,Repair,Paving (Repair),Brandon Davis,USPS,248.0,90+,Closed,Closed,"Arlington, CO|2023-11-06"
"Clayton, AK",2023-11-06,2023-11-06,2023-11-06,2023-11-06,2336237,2023-11-15,2873689,176.0,Closed,Urgent,Repair,Overhead Doors,Sarah Williams,USPS,9.0,0-30,Closed,Closed,"Clayton, AK|2023-11-06"
"Dayton, IN",2023-11-06,,2023-12-04,2023-12-04,2335160,2023-12-04,2872520,,Closed,Urgent,Repair,Gutters,Brandon Davis,USPS,28.0,0-30,Closed,Closed,"Dayton, IN|2023-11-06"
"Florence, MO",2023-11-06,2023-11-02,2023-11-05,2023-11-12,2335458,2024-02-07,2872858,,Closed,Urgent,Repair,HVAC Repairs,Sarah Williams,USPS,93.0,90+,Closed,Closed,"Florence, MO|2023-11-06"
"Madison, NE",2023-11-06,2023-11-14,2023-12-04,2023-12-04,2335381,2023-12-12,2872819,150.0,Closed,Urgent,Repair,Doors,Brandon Davis,USPS,36.0,31-60,Closed,Closed,"Madison, NE|2023-11-06"
"Ashland, WA",2023-11-08,2024-07-08,2024-07-15,2024-07-16,2336373,2024-08-02,2873819,400.0,Closed,Urgent,Repair,Doors,Ashley Thompson,USPS,268.0,90+,Closed,Closed,"Ashland, WA|2023-11-08"
"Danville, NM",2023-11-08,2024-03-29,,,2336301,2024-06-20,2873708,2000.0,Closed,Urgent,Repair,Roof Repair,Mike Johnson,USPS,225.0,90+,Closed,Closed,"Danville, NM|2023-11-08"
"Jackson, PA",2023-11-08,2023-11-09,2023-12-04,2024-03-05,2336203,2024-03-13,2873617,,Closed,Urgent,Repair,Roof Repair,Sarah Williams,USPS,126.0,90+,Closed,Closed,"Jackson, PA|2023-11-08"
"Lexington, TX",2023-11-08,,,2024-01-11,2108211,,2631006,,Closed,Urgent,Repair,Flooring,Brandon Davis,USPS,896.0,90+,Closed,Closed,"Lexington, TX|2023-11-08"
"Madison, CA",2023-11-11,2023-11-11,2023-11-21,2023-01-21,,2024-02-28,,482.8,Closed,Low,Repair,HVAC PM,Mike Johnson,Internal,109.0,90+,Closed,Closed,"Madison, CA|2023-11-11"
"Ashland, NY",2023-11-12,,,2024-02-12,2337704,2024-02-14,2875293,,Closed,Urgent,Repair,Paving (Repair),Sarah Williams,USPS,94.0,90+,Closed,Closed,"Ashland, NY|2023-11-12"
"Ashland, NY",2023-11-12,2023-11-29,2023-12-13,2023-12-18,2337704,2024-01-03,2875273,,Closed,Urgent,Repair,HVAC Repairs,Sarah Williams,USPS,52.0,31-60,Closed,Closed,"Ashland, NY|2023-11-12"
"Bloomington, WV",2023-11-12,2024-05-08,2024-06-06,2024-06-07,2336692,2024-08-02,2874127,,Closed,Urgent,Repair,Paving (Repair),Brandon Davis,USPS,264.0,90+,Closed,Closed,"Bloomington, WV|2023-11-12"
"Bristol, FL",2023-11-12,2024-04-04,2024-04-11,2024-04-11,2337062,2024-05-01,2874525,1500.0,Closed,Urgent,Repair,Signage,Mike Johnson,USPS,171.0,90+,Closed,Closed,"Bristol, FL|2023-11-12"
"Carrollton, IL",2023-11-12,2023-11-14,2023-11-15,2023-11-19,2337316,2023-12-12,2874818,145.0,Closed,Urgent,Repair,HVAC Repairs,Mike Johnson,USPS,30.0,0-30,Closed,Closed,"Carrollton, IL|2023-11-12"
"Danville, NM",2023-11-12,2023-11-15,2023-11-21,2023-12-03,2337292,2024-01-02,2874773,736.0,Closed,Urgent,Repair,HVAC Repairs,Mike Johnson,USPS,51.0,31-60,Closed,Closed,"Danville, NM|2023-11-12"
"Florence, MO",2023-11-12,2023-11-06,2023-11-14,2023-12-26,2336417,2023-12-27,2873849,,Closed,Urgent,Repair,Roof Repair,Sarah Williams,USPS,45.0,31-60,Closed,Closed,"Florence, MO|2023-11-12"
"Gainesville, HI",2023-11-12,2024-04-12,2024-05-12,2024-05-13,2336701,2024-06-03,2874137,300.0,Closed,Urgent,Repair,Concrete,Sarah Williams,USPS,204.0,90+,Closed,Closed,"Gainesville, HI|2023-11-12"
"Hamilton, ND",2023-11-12,2023-11-15,2023-11-26,2023-11-29,2337412,2023-12-19,2874894,650.0,Closed,Urgent,Repair,Roof Repair,Mike Johnson,USPS,37.0,31-60,Closed,Closed,"Hamilton, ND|2023-11-12"
"Milton, MO",2023-11-12,2024-04-17,2024-04-18,,2336695,2024-08-02,2874131,2000.0,Closed,Urgent,Repair,Roof Repair,Mike Johnson,USPS,264.0,90+,Closed,Closed,"Milton, MO|2023-11-12"
"Milton, MO",2023-11-12,2024-08-22,2024-08-28,2024-08-29,2336695,2024-09-10,2874132,1000.0,Closed,Urgent,Repair,Ceiling Tiles,Ashley Thompson,USPS,303.0,90+,Closed,Closed,"Milton, MO|2023-11-12"
"Winchester, NM",2023-11-12,2023-11-14,2023-11-15,2023-11-15,2337304,2023-11-21,2874799,,Closed,Urgent,Repair,Doors,Brandon Davis,USPS,9.0,0-30,Closed,Closed,"Winchester, NM|2023-11-12"
"Bristol, WI",2023-11-13,2023-11-13,2023-11-15,2023-11-15,,2023-11-27,,,Closed,Normal,Repair,HVAC Repairs,Brandon Davis,Internal,14.0,0-30,Closed,Closed,"Bristol, WI|2023-11-13"
"Georgetown, MO",2023-11-13,2023-11-16,2024-01-04,2024-01-16,2338060,2024-02-26,2875618,,Closed,Urgent,Repair,Roof Repair,Sarah Williams,USPS,105.0,90+,Closed,Closed,"Georgetown, MO|2023-11-13"
"Georgetown, NC",2023-11-13,,2023-12-28,2023-12-28,,2024-02-06,,,Closed,Normal,Repair,Roof Repair,Brandon Davis,Internal,85.0,61-90,Closed,Closed,"Georgetown, NC|2023-11-13"
"Madison, MS",2023-11-13,2023-11-23,2023-12-05,2023-12-07,2337858,2023-12-18,2875391,0.0,Closed,Urgent,Repair,Concrete,Brandon Davis,USPS,35.0,31-60,Closed,Closed,"Madison, MS|2023-11-13"
"Mount Vernon, MN",2023-11-13,2024-02-28,2024-03-07,2024-03-14,2337466,2024-03-26,2874997,400.0,Closed,Urgent,Repair,Roof Repair,Sarah Williams,USPS,134.0,90+,Closed,Closed,"Mount Vernon, MN|2023-11-13"
"Arlington, UT",2023-11-14,2023-11-19,2023-11-21,2023-11-23,2338412,2023-11-27,2875997,468.0,Closed,Urgent,Repair,HVAC Repairs,Mike Johnson,USPS,13.0,0-30,Closed,Closed,"Arlington, UT|2023-11-14"
"Auburn, MS",2023-11-14,,,,,2024-07-15,,350.0,Closed,Normal,Repair,Janitorial,Ashley Thompson,Internal,244.0,90+,Closed,Closed,"Auburn, MS|2023-11-14"
"Auburn, MS",2023-11-14,2023-11-29,2023-11-29,2023-11-29,,2023-12-12,,180.0,Closed,Normal,Repair,Electrical Repairs,Brandon Davis,Internal,28.0,0-30,Closed,Closed,"Auburn, MS|2023-11-14"
"Clinton, KY",2023-11-14,2023-11-14,2023-11-15,2023-11-15,,2023-12-12,,125.0,Closed,Urgent,Repair,Plumbing,Brandon Davis,Internal,28.0,0-30,Closed,Closed,"Clinton, KY|2023-11-14"
"Norwood, ME",2023-11-14,2023-11-27,2024-01-04,2024-01-07,2338149,2024-02-01,2875684,6813.0,Closed,Emergency,Repair,Plumbing,Mike Johnson,USPS,79.0,61-90,Closed,Closed,"Norwood, ME|2023-11-14"
"Troy, NM",2023-11-14,2023-11-27,2023-11-30,2023-12-03,,2024-02-21,,646.18,Closed,Normal,Repair,HVAC Repairs,Mike Johnson,Internal,99.0,90+,Closed,Closed,"Troy, NM|2023-11-14"
"Florence, OK",2023-11-15,2024-03-12,2024-03-13,2024-03-14,2338401,2024-05-01,2875965,500.0,Closed,Urgent,Repair,Roof Repair,Sarah Williams,USPS,168.0,90+,Closed,Closed,"Florence, OK|2023-11-15"
"Milton, MO",2023-11-15,2023-11-21,2023-12-07,2023-12-07,2338160,2024-01-03,2875746,,Closed,Urgent,Repair,Electrical Repairs,Brandon Davis,USPS,49.0,31-60,Closed,Closed,"Milton, MO|2023-11-15"
"Clayton, ME",2023-11-16,2024-01-29,2024-03-28,,2338480,2024-10-01,2876027,,Closed,Urgent,Repair,Roof Repair,Brandon Davis,USPS,320.0,90+,Closed,Closed,"Clayton, ME|2023-11-16"
"Greenville, NC",2023-11-16,,,,,2024-02-07,,,Closed,Normal,Repair,Doors,Mike Johnson,Internal,83.0,61-90,Closed,Closed,"Greenville, NC|2023-11-16"
"Oxford, TN",2023-11-19,2023-11-19,2023-11-20,2023-11-20,2340545,2024-04-05,2878222,,Closed,Emergency,Repair,Roof Repair,Sarah Williams,USPS,138.0,90+,Closed,Closed,"Oxford, TN|2023-11-19"
"Anderson, PA",2023-11-20,2023-11-28,2023-12-07,2023-12-10,2340092,2023-12-11,2877739,80.0,Closed,Urgent,Repair,Plumbing,Brandon Davis,USPS,21.0,0-30,Closed,Closed,"Anderson, PA|2023-11-20"
"Arlington, UT",2023-11-20,2023-12-28,2024-01-07,2024-01-11,2339490,2024-01-17,2877145,625.0,Closed,Urgent,Repair,Structural,Brandon Davis,USPS,58.0,31-60,Closed,Closed,"Arlington, UT|2023-11-20"
"Fairview, AL",2023-11-20,2024-01-02,2024-02-19,2024-02-21,2339966,2024-03-18,2877653,450.0,Closed,Urgent,Repair,Electrical Repairs,Sarah Williams,USPS,119.0,90+,Closed,Closed,"Fairview, AL|2023-11-20"
"Hamilton, ND",2023-11-20,,2023-11-29,2023-11-29,2337412,2023-11-29,2874893,,Closed,Urgent,Repair,Flooring,Brandon Davis,USPS,9.0,0-30,Closed,Closed,"Hamilton, ND|2023-11-20"
"Oakland, MI",2023-11-20,2024-04-12,2024-05-04,2024-05-29,2339847,2024-06-11,2877508,1149.24,Closed,Urgent,Repair,Flooring,Mike Johnson,USPS,204.0,90+,Closed,Closed,"Oakland, MI|2023-11-20"
"Plymouth, MI",2023-11-20,2023-11-29,2023-11-29,2023-11-30,,2023-12-12,,189.44,Closed,Urgent,Repair,HVAC Repairs,Brandon Davis,Internal,22.0,0-30,Closed,Closed,"Plymouth, MI|2023-11-20"
"Riverside, AR",2023-11-20,2024-07-24,2024-10-10,,,2024-12-05,,800.0,Closed,Urgent,Repair,Misc. Repairs,Brandon Davis,Internal,381.0,90+,Closed,Closed,"Riverside, AR|2023-11-20"
"Bristol, ND",2023-11-21,,2024-02-27,,2340708,2024-02-27,2878421,,Closed,Urgent,Repair,Landscaping,Brandon Davis,USPS,98.0,90+,Closed,Closed,"Bristol, ND|2023-11-21"
"Bristol, ND",2023-11-21,2024-04-02,2024-04-03,,2340665,2024-04-12,2878381,,Closed,Urgent,Repair,Masonry,Brandon Davis,USPS,143.0,90+,Closed,Closed,"Bristol, ND|2023-11-21"
"Clinton, MO",2023-11-21,2023-12-13,2023-12-13,2023-12-13,2341166,2024-01-03,2878847,,Closed,Urgent,Repair,Plumbing,Brandon Davis,USPS,43.0,31-60,Closed,Closed,"Clinton, MO|2023-11-21"
"Danville, OH",2023-11-21,2023-12-17,2024-01-28,2024-02-15,2340687,2024-03-05,2878400,250.0,Closed,Urgent,Repair,Misc. Repairs,Sarah Williams,USPS,105.0,90+,Closed,Closed,"Danville, OH|2023-11-21"
"Dover, NH",2023-11-21,2023-12-12,2023-12-17,2023-12-20,2341678,2024-02-06,2879427,,Closed,Urgent,Repair,Electrical Repairs,Brandon Davis,USPS,77.0,61-90,Closed,Closed,"Dover, NH|2023-11-21"
"Florence, MO",2023-11-21,2023-11-21,2023-11-26,2023-11-27,2340777,2023-11-30,2878493,,Closed,Urgent,Repair,HVAC Repairs,Sarah Williams,USPS,9.0,0-30,Closed,Closed,"Florence, MO|2023-11-21"
"Lexington, WV",2023-11-21,2024-04-23,2024-05-06,2024-05-24,2341106,2024-08-21,2878990,,Closed,Urgent,Repair,Ceiling Tiles,Brandon Davis,USPS,274.0,90+,Closed,Closed,"Lexington, WV|2023-11-21"
"Lexington, WV",2023-11-21,,2024-01-16,2024-01-16,2341106,2024-02-06,2878981,,Closed,Urgent,Repair,Electrical Repairs,Brandon Davis,USPS,77.0,61-90,Closed,Closed,"Lexington, WV|2023-11-21"
"Jackson, FL",2023-11-23,2023-11-28,2023-11-29,2023-12-04,,2023-12-19,,,Closed,Normal,Repair,HVAC Repairs,Sarah Williams,Internal,26.0,0-30,Closed,Closed,"Jackson, FL|2023-11-23"
"Milton, MO",2023-11-26,2023-11-27,2023-11-26,2023-11-26,2342529,2024-02-26,2880372,,Closed,Emergency,Repair,HVAC Repairs,Mike Johnson,USPS,92.0,90+,Closed,Closed,"Milton, MO|2023-11-26"
"Ashland, AZ",2023-11-27,2023-11-30,2023-11-30,2023-11-28,2342822,2023-12-24,2880633,,Closed,Urgent,Repair,HVAC Repairs,Mike Johnson,USPS,27.0,0-30,Closed,Closed,"Ashland, AZ|2023-11-27"
"Bloomington, MS",2023-11-27,2023-11-29,2023-11-30,2023-11-30,2342477,2024-06-11,2880276,465.25,Closed,Emergency,Repair,HVAC Repairs,Mike Johnson,USPS,197.0,90+,Closed,Closed,"Bloomington, MS|2023-11-27"
"Georgetown, IL",2023-11-27,,2024-01-03,2024-01-03,2341848,2024-05-03,2879656,,Closed,Urgent,Repair,Doors,Sarah Williams,USPS,158.0,90+,Closed,Closed,"Georgetown, IL|2023-11-27"
"Mount Vernon, MA",2023-11-27,2024-06-04,2024-06-08,2024-06-10,2342350,2024-06-17,2880148,2865.0,Closed,Urgent,Repair,Roof Repair,Mike Johnson,USPS,203.0,90+,Closed,Closed,"Mount Vernon, MA|2023-11-27"
"Mount Vernon, WV",2023-11-27,,2023-12-05,2023-12-04,2341717,2024-06-11,2879368,120.0,Closed,Urgent,Repair,Roof Repair,Ashley Thompson,USPS,197.0,90+,Closed,Closed,"Mount Vernon, WV|2023-11-27"
"Norwood, ID",2023-11-27,,,2023-12-04,2342129,2023-12-06,2879928,0.0,Closed,Urgent,Repair,Plumbing,Mike Johnson,USPS,9.0,0-30,Closed,Closed,"Norwood, ID|2023-11-27"
"Oxford, NH",2023-11-27,2023-12-19,2023-12-26,2023-12-26,2343312,,2881100,,Closed,Urgent,Repair,Plumbing,Brandon Davis,USPS,877.0,90+,Closed,Closed,"Oxford, NH|2023-11-27"
"Oxford, IA",2023-11-28,2024-04-03,2024-04-09,2024-04-11,2343862,2024-05-23,2881691,,Closed,Urgent,Repair,Roof Repair,Brandon Davis,USPS,177.0,90+,Closed,Closed,"Oxford, IA|2023-11-28"
"Edison, NC",2023-11-29,2023-11-30,2023-12-07,2023-12-10,2344046,2023-12-24,2881920,11462.0,Closed,Emergency,Repair,HVAC Repairs,Mike Johnson,USPS,25.0,0-30,Closed,Closed,"Edison, NC|2023-11-29"
"Fairview, AL",2023-11-29,2023-11-29,2023-12-12,,,2023-12-18,,0.0,Closed,Normal,Repair,HVAC Repairs,Mike Johnson,Internal,19.0,0-30,Closed,Closed,"Fairview, AL|2023-11-29"
"Greenville, IL",2023-11-29,2023-12-10,2024-01-04,2024-01-08,2343732,2024-01-30,2881559,5844.0,Closed,Urgent,Repair,HVAC Repairs,Mike Johnson,USPS,62.0,61-90,Closed,Closed,"Greenville, IL|2023-11-29"
"Lexington, WV",2023-11-29,2023-12-10,2023-12-19,2023-12-20,2344038,2024-01-02,2881898,458.69,Closed,Urgent,Repair,HVAC Repairs,Mike Johnson,USPS,34.0,31-60,Closed,Closed,"Lexington, WV|2023-11-29"
"Oxford, NH",2023-11-29,2023-12-19,2023-12-26,2023-12-26,2344057,2024-01-03,2881926,,Closed,Urgent,Repair,Plumbing,Brandon Davis,USPS,35.0,31-60,Closed,Closed,"Oxford, NH|2023-11-29"
"Oxford, NH",2023-11-29,2024-06-26,2024-07-11,2024-07-12,2344057,2024-07-19,2881904,,Closed,Urgent,Repair,Ceiling Tiles,Brandon Davis,USPS,233.0,90+,Closed,Closed,"Oxford, NH|2023-11-29"
"Oxford, NH",2023-11-29,2023-12-19,2023-12-27,2023-12-27,2344057,2024-01-03,2881887,,Closed,Urgent,Repair,Electrical Repairs,Brandon Davis,USPS,35.0,31-60,Closed,Closed,"Oxford, NH|2023-11-29"
"Ashland, AZ",2023-12-01,2023-12-03,2023-12-21,2023-12-24,,2024-01-17,,800.0,Closed,Normal,Repair,HVAC Repairs,Mike Johnson,Internal,47.0,31-60,Closed,Closed,"Ashland, AZ|2023-12-01"
"Auburn, TN",2023-12-03,2023-01-12,2023-11-14,,,2024-01-17,,785.0,Closed,Normal,Repair,HVAC PM,Mike Johnson,Internal,45.0,31-60,Closed,Closed,"Auburn, TN|2023-12-03"
"Carrollton, IL",2023-12-03,2023-12-03,2023-12-05,2023-12-06,,2023-12-06,,0.0,Closed,Normal,Repair,HVAC Repairs,Mike Johnson,Internal,3.0,0-30,Closed,Closed,"Carrollton, IL|2023-12-03"
"Lexington, WI",2023-12-03,,2024-05-17,2024-05-17,2345074,2024-05-22,2882972,,Closed,Urgent,Repair,Roof Repair,Brandon Davis,USPS,171.0,90+,Closed,Closed,"Lexington, WI|2023-12-03"
"Bloomington, MS",2023-12-04,2023-12-04,2023-12-04,2023-12-05,2345480,2024-06-11,2883328,465.25,Closed,Emergency,Repair,HVAC Repairs,Mike Johnson,USPS,190.0,90+,Closed,Closed,"Bloomington, MS|2023-12-04"
"Danville, MA",2023-12-04,2025-04-10,2025-04-19,2025-05-19,2346033,2025-06-10,2883947,7934.0,Closed,Urgent,Repair,Asbestos Abatement,Sarah Williams,USPS,554.0,90+,Closed,Closed,"Danville, MA|2023-12-04"
"Hamilton, ND",2023-12-04,2023-12-05,2023-12-13,2023-12-18,2345603,2024-01-17,2883539,373.94,Closed,Urgent,Repair,Roof Repair,Mike Johnson,USPS,44.0,31-60,Closed,Closed,"Hamilton, ND|2023-12-04"
"Oakland, AL",2023-12-04,2024-07-19,2024-07-30,2024-08-05,2334921,2024-09-06,2882678,,Closed,Urgent,Repair,Roof Repair,Sarah Williams,USPS,277.0,90+,Closed,Closed,"Oakland, AL|2023-12-04"
"Georgetown, IL",2023-12-05,,,,2345901,,2883855,,Closed,Emergency,Repair,Dock Lift,Ashley Thompson,USPS,869.0,90+,Closed,Closed,"Georgetown, IL|2023-12-05"
"Canton, IN",2023-12-06,2023-12-07,2023-12-07,2024-01-23,2346285,2024-01-24,2884309,1448.05,Closed,Urgent,Repair,HVAC Repairs,Mike Johnson,USPS,49.0,31-60,Closed,Closed,"Canton, IN|2023-12-06"
"Canton, IN",2023-12-06,2023-12-07,2023-12-07,2024-01-23,2346285,2024-01-23,2884310,0.0,Closed,Urgent,Repair,Plumbing,Mike Johnson,USPS,48.0,31-60,Closed,Closed,"Canton, IN|2023-12-06"
"Danville, NM",2023-12-06,,2023-12-17,2023-12-14,2345941,2023-12-18,2883936,0.0,Closed,Urgent,Repair,Electrical Repairs,Brandon Davis,USPS,12.0,0-30,Closed,Closed,"Danville, NM|2023-12-06"
"Newport, WA",2023-12-06,2023-11-15,2024-02-20,,,2024-06-03,,2205.0,Closed,Normal,Repair,Snow Removal,Ashley Thompson,Internal,180.0,90+,Closed,Closed,"Newport, WA|2023-12-06"
"Florence, MT",2023-12-07,2023-12-07,2023-12-26,2024-01-03,2346301,2024-01-30,2884315,,Closed,Urgent,Repair,HVAC Repairs,Sarah Williams,USPS,54.0,31-60,Closed,Closed,"Florence, MT|2023-12-07"
"Troy, ME",2023-12-07,2023-12-07,2023-12-12,2023-12-17,,2024-06-12,,550.0,Closed,Normal,Repair,Gutters,Mike Johnson,Internal,188.0,90+,Closed,Closed,"Troy, ME|2023-12-07"
"Hamilton, CT",2023-12-08,2023-12-11,2023-12-11,2023-12-12,2347174,2024-02-14,2885209,,Closed,Urgent,Repair,HVAC Repairs,Mike Johnson,USPS,68.0,61-90,Closed,Closed,"Hamilton, CT|2023-12-08"
"Burlington, MN",2023-12-10,2023-12-18,2023-12-19,2023-12-21,2347329,2024-01-02,2885418,650.77,Closed,Urgent,Repair,HVAC Repairs,Mike Johnson,USPS,23.0,0-30,Closed,Closed,"Burlington, MN|2023-12-10"
"Franklin, LA",2023-12-10,2023-12-10,2023-12-10,,,2023-12-19,,907.0,Closed,Normal,Repair,HVAC PM,Brandon Davis,Internal,9.0,0-30,Closed,Closed,"Franklin, LA|2023-12-10"
"Albany, AL",2023-12-11,2024-02-05,2024-03-31,,,2024-05-01,,175.0,Closed,Normal,Repair,HVAC PM,Ashley Thompson,Internal,142.0,90+,Closed,Closed,"Albany, AL|2023-12-11"
"Albany, NJ",2023-12-11,,,,,2023-12-12,,,Closed,Normal,Repair,HVAC PM,Ashley Thompson,Internal,1.0,0-30,Closed,Closed,"Albany, NJ|2023-12-11"
"Anderson, AR",2023-12-11,,,,,2023-12-27,,,Closed,Normal,Repair,HVAC PM,Ashley Thompson,Internal,16.0,0-30,Closed,Closed,"Anderson, AR|2023-12-11"
"Anderson, OK",2023-12-11,,,,,,,,Closed,Normal,Repair,HVAC PM,Ashley Thompson,Internal,863.0,90+,Closed,Closed,"Anderson, OK|2023-12-11"
"Anderson, PA",2023-12-11,,,,,,,,Closed,Normal,Repair,HVAC PM,Ashley Thompson,Internal,863.0,90+,Closed,Closed,"Anderson, PA|2023-12-11"
"Arlington, MN",2023-12-11,,,,,,,,Closed,Normal,Repair,HVAC PM,Ashley Thompson,Internal,863.0,90+,Closed,Closed,"Arlington, MN|2023-12-11"
"Arlington, UT",2023-12-11,,,,,,,,Closed,Normal,Repair,HVAC PM,Ashley Thompson,Internal,863.0,90+,Closed,Closed,"Arlington, UT|2023-12-11"
"Arlington, WV",2023-12-11,,,,,2024-04-03,,,Closed,Normal,Repair,HVAC PM,Ashley Thompson,Internal,114.0,90+,Closed,Closed,"Arlington, WV|2023-12-11"
"Ashland, ND",2023-12-11,2024-02-08,,,,2024-09-25,,139.0,Closed,Normal,Repair,HVAC PM,Ashley Thompson,Internal,289.0,90+,Closed,Closed,"Ashland, ND|2023-12-11"
"Ashland, PA",2023-12-11,2024-02-13,2024-02-13,,,2024-02-13,,120.0,Closed,Normal,Repair,HVAC PM,Ashley Thompson,Internal,64.0,61-90,Closed,Closed,"Ashland, PA|2023-12-11"
"Auburn, SC",2023-12-11,2024-10-31,2024-11-12,2024-11-12,,2024-11-22,,95.0,Closed,Normal,Repair,HVAC PM,Ashley Thompson,Internal,347.0,90+,Closed,Closed,"Auburn, SC|2023-12-11"
"Bristol, OH",2023-12-11,,,,,,,,Closed,Normal,Repair,HVAC PM,Ashley Thompson,Internal,863.0,90+,Closed,Closed,"Bristol, OH|2023-12-11"
"Burlington, CO",2023-12-11,2024-06-13,2024-06-19,2024-06-26,,2024-06-20,,854.74,Closed,Normal,Repair,HVAC Repairs,Mike Johnson,Internal,192.0,90+,Closed,Closed,"Burlington, CO|2023-12-11"
"Burlington, MN",2023-12-11,2023-12-18,,,,2023-12-26,,180.0,Closed,Normal,Repair,HVAC PM,Ashley Thompson,Internal,15.0,0-30,Closed,Closed,"Burlington, MN|2023-12-11"
"Canton, DE",2023-12-11,,,,,2024-01-16,,,Closed,Normal,Repair,HVAC PM,Ashley Thompson,Internal,36.0,31-60,Closed,Closed,"Canton, DE|2023-12-11"
"Carrollton, DE",2023-12-11,2024-03-25,2024-12-09,,,2024-12-16,,,Closed,Normal,Repair,HVAC PM,Ashley Thompson,Internal,371.0,90+,Closed,Closed,"Carrollton, DE|2023-12-11"
"Clayton, MI",2023-12-11,2024-12-18,2023-12-26,,,2024-01-17,,140.0,Closed,Normal,Repair,HVAC PM,Ashley Thompson,Internal,37.0,31-60,Closed,Closed,"Clayton, MI|2023-12-11"
"Clayton, OH",2023-12-11,,,,,,,,Closed,Normal,Repair,HVAC PM,Ashley Thompson,Internal,863.0,90+,Closed,Closed,"Clayton, OH|2023-12-11"
"Cleveland, ID",2023-12-11,2024-02-07,2024-04-26,,,,,124.0,Closed,Normal,Repair,HVAC PM,Ashley Thompson,Internal,863.0,90+,Closed,Closed,"Cleveland, ID|2023-12-11"
"Clinton, KY",2023-12-11,,,,,,,,Closed,Normal,Repair,HVAC PM,Ashley Thompson,Internal,863.0,90+,Closed,Closed,"Clinton, KY|2023-12-11"
"Clinton, ME",2023-12-11,2024-02-20,2024-12-23,,,2024-12-23,,270.0,Closed,Normal,Repair,HVAC PM,Ashley Thompson,Internal,378.0,90+,Closed,Closed,"Clinton, ME|2023-12-11"
"Clinton, OK",2023-12-11,2023-12-17,2024-12-17,,,2024-02-07,,200.0,Closed,Normal,Repair,HVAC PM,Ashley Thompson,Internal,58.0,31-60,Closed,Closed,"Clinton, OK|2023-12-11"
"Clinton, VT",2023-12-11,2023-12-13,2023-12-17,,,2024-02-08,,,Closed,Normal,Repair,HVAC PM,Ashley Thompson,Internal,59.0,31-60,Closed,Closed,"Clinton, VT|2023-12-11"
"Danville, ME",2023-12-11,2023-12-20,2023-12-26,2023-12-20,,2024-01-30,,305.0,Contracted,Normal,Repair,HVAC PM,Ashley Thompson,Internal,50.0,31-60,In Progress,Open,"Danville, ME|2023-12-11"
"Danville, SD",2023-12-11,,,,n/s,2024-01-30,,,Closed,Normal,Repair,HVAC PM,Ashley Thompson,USPS,50.0,31-60,Closed,Closed,"Danville, SD|2023-12-11"
"Danville, UT",2023-12-11,,,,,2023-12-24,,0.0,Closed,Normal,Repair,HVAC PM,Ashley Thompson,Internal,13.0,0-30,Closed,Closed,"Danville, UT|2023-12-11"
"Dayton, MA",2023-12-11,,,,,2024-01-17,,401.01,Closed,Normal,Repair,HVAC PM,Ashley Thompson,Internal,37.0,31-60,Closed,Closed,"Dayton, MA|2023-12-11"
"Dover, KS",2023-12-11,,,,,,,,Closed,Normal,Repair,HVAC PM,Ashley Thompson,Internal,863.0,90+,Closed,Closed,"Dover, KS|2023-12-11"
"Edison, WY",2023-12-11,2024-05-14,2024-05-27,,,,,,Closed,Normal,Repair,HVAC PM,Ashley Thompson,Internal,863.0,90+,Closed,Closed,"Edison, WY|2023-12-11"
"Fairview, AL",2023-12-11,2023-10-01,2023-10-03,2023-11-29,,2023-12-19,,298.53,Closed,Normal,Repair,HVAC Repairs,Mike Johnson,Internal,8.0,0-30,Closed,Closed,"Fairview, AL|2023-12-11"
"Fairview, WV",2023-12-11,,,,,,,,Closed,Normal,Repair,HVAC PM,Ashley Thompson,Internal,863.0,90+,Closed,Closed,"Fairview, WV|2023-12-11"
"Florence, MO",2023-12-11,,,,,2023-12-27,,,Closed,Normal,Repair,HVAC PM,Ashley Thompson,Internal,16.0,0-30,Closed,Closed,"Florence, MO|2023-12-11"
"Georgetown, NJ",2023-12-11,,2023-12-28,,,2024-01-17,,124.25,Closed,Normal,Repair,HVAC PM,Ashley Thompson,Internal,37.0,31-60,Closed,Closed,"Georgetown, NJ|2023-12-11"
"Hamilton, AZ",2023-12-11,2024-02-07,,,,,,160.2,Closed,Normal,Repair,HVAC PM,Ashley Thompson,Internal,863.0,90+,Closed,Closed,"Hamilton, AZ|2023-12-11"
"Jackson, FL",2023-12-11,2024-02-04,2024-02-06,,,2025-03-03,,175.0,Closed,Normal,Repair,HVAC PM,Ashley Thompson,Internal,448.0,90+,Closed,Closed,"Jackson, FL|2023-12-11"
"Kingston, OK",2023-12-11,2024-01-04,2024-01-04,,,2024-01-17,,169.1,Closed,Normal,Repair,HVAC PM,Ashley Thompson,Internal,37.0,31-60,Closed,Closed,"Kingston, OK|2023-12-11"
"Lancaster, OK",2023-12-11,2024-01-11,2024-01-11,,,2024-01-17,,35.0,Closed,Normal,Repair,HVAC PM,Ashley Thompson,Internal,37.0,31-60,Closed,Closed,"Lancaster, OK|2023-12-11"
"Lexington, CO",2023-12-11,2024-04-01,2024-08-08,,,2024-08-29,,180.0,Closed,Normal,Repair,HVAC PM,Ashley Thompson,Internal,262.0,90+,Closed,Closed,"Lexington, CO|2023-12-11"
"Lexington, WV",2023-12-11,,,,,2024-01-07,,,Closed,Normal,Repair,HVAC PM,Ashley Thompson,Internal,27.0,0-30,Closed,Closed,"Lexington, WV|2023-12-11"
"Lexington, WV",2023-12-11,2023-12-03,2023-12-19,2023-12-20,,2024-01-02,,475.12,Closed,Normal,Repair,HVAC PM,Mike Johnson,Internal,22.0,0-30,Closed,Closed,"Lexington, WV|2023-12-11"
"Madison, NE",2023-12-11,2023-12-17,2023-12-17,,,2024-01-02,,89.95,Closed,Normal,Repair,HVAC PM,Ashley Thompson,Internal,22.0,0-30,Closed,Closed,"Madison, NE|2023-12-11"
"Manchester, NM",2023-12-11,,2023-12-21,,,2023-12-28,,0.0,Closed,Normal,Repair,HVAC PM,Ashley Thompson,Internal,17.0,0-30,Closed,Closed,"Manchester, NM|2023-12-11"
"Manchester, OK",2023-12-11,2024-01-23,2024-01-28,,,2024-03-05,,252.3,Closed,Normal,Repair,HVAC PM,Ashley Thompson,Internal,85.0,61-90,Closed,Closed,"Manchester, OK|2023-12-11"
"Mount Vernon, AR",2023-12-11,2024-01-08,2024-01-08,,,2025-03-03,,270.0,Closed,Normal,Repair,HVAC PM,Ashley Thompson,Internal,448.0,90+,Closed,Closed,"Mount Vernon, AR|2023-12-11"
"Plymouth, SD",2023-12-11,2024-02-07,2024-11-08,,,2024-11-22,,170.0,Closed,Normal,Repair,HVAC PM,Ashley Thompson,Internal,347.0,90+,Closed,Closed,"Plymouth, SD|2023-12-11"
"Riverside, AR",2023-12-11,,,,,2024-02-04,,,Closed,Normal,Repair,HVAC PM,Ashley Thompson,Internal,55.0,31-60,Closed,Closed,"Riverside, AR|2023-12-11"
"Springfield, AR",2023-12-11,2024-11-11,2024-11-14,,,2024-11-22,,,Closed,Normal,Repair,HVAC PM,Ashley Thompson,Internal,347.0,90+,Closed,Closed,"Springfield, AR|2023-12-11"
"Winchester, AK",2023-12-11,,,,,,,,Closed,Normal,Repair,HVAC PM,Ashley Thompson,Internal,863.0,90+,Closed,Closed,"Winchester, AK|2023-12-11"
"Winchester, IN",2023-12-11,2024-05-23,2024-06-06,,,,,330.0,Closed,Normal,Repair,HVAC PM,Ashley Thompson,Internal,863.0,90+,Closed,Closed,"Winchester, IN|2023-12-11"
"Arlington, CO",2023-12-12,,,,,,na/,,Closed,Urgent,Repair,HVAC PM,Ashley Thompson,USPS,862.0,90+,Closed,Closed,"Arlington, CO|2023-12-12"
"Danville, NE",2023-12-12,2024-04-16,,,,2024-09-11,,235.0,Closed,Normal,Repair,HVAC PM,Brandon Davis,Internal,274.0,90+,Closed,Closed,"Danville, NE|2023-12-12"
"Fairview, AL",2023-12-12,2023-12-12,2023-12-21,2023-11-24,,2024-01-02,,500.0,Closed,Urgent,Repair,HVAC Repairs,Mike Johnson,Internal,21.0,0-30,Closed,Closed,"Fairview, AL|2023-12-12"
"Jackson, FL",2023-12-12,,,,,,,,Closed,Normal,Repair,HVAC PM,Ashley Thompson,Internal,862.0,90+,Closed,Closed,"Jackson, FL|2023-12-12"
"Anderson, AR",2023-12-13,2023-12-13,2023-12-14,2023-12-17,2348472,2023-12-19,2886546,270.71,Closed,Normal,Repair,HVAC Repairs,Mike Johnson,USPS,6.0,0-30,Closed,Closed,"Anderson, AR|2023-12-13"
"Canton, DE",2023-12-13,,,,,2023-12-12,,24.0,Closed,Urgent,Repair,HVAC Filters,Ashley Thompson,Internal,0.0,0-30,Closed,Closed,"Canton, DE|2023-12-13"
"Troy, IA",2023-12-13,2023-12-13,2023-12-13,2023-12-14,2347997,2024-02-07,2886056,495.0,Closed,Urgent,Repair,HVAC Repairs,Mike Johnson,USPS,56.0,31-60,Closed,Closed,"Troy, IA|2023-12-13"
"Auburn, SC",2023-12-14,2024-01-21,2024-02-07,2024-02-14,2347867,2024-02-27,2885931,,Closed,Urgent,Repair,Roof Repair,Brandon Davis,USPS,75.0,61-90,Closed,Closed,"Auburn, SC|2023-12-14"
"Clayton, OH",2023-12-14,2023-12-20,2023-12-21,2023-12-21,2348204,2024-02-07,2886259,,Closed,Urgent,Repair,Plumbing,Brandon Davis,USPS,55.0,31-60,Closed,Closed,"Clayton, OH|2023-12-14"
"Clinton, ME",2023-12-14,2023-12-21,2024-01-14,2023-01-15,2348244,2024-01-17,2886322,370.45,Closed,Urgent,Repair,Electrical Repairs,Mike Johnson,USPS,34.0,31-60,Closed,Closed,"Clinton, ME|2023-12-14"
"Danville, SD",2023-12-14,,2023-12-21,2023-12-21,2348691,2023-12-26,2886738,,Closed,Urgent,Repair,Gutters,Brandon Davis,USPS,12.0,0-30,Closed,Closed,"Danville, SD|2023-12-14"
"Florence, MO",2023-12-14,2023-12-18,2023-12-21,2023-12-26,2348277,2023-12-27,2886352,,Closed,Urgent,Repair,HVAC Repairs,Sarah Williams,USPS,13.0,0-30,Closed,Closed,"Florence, MO|2023-12-14"
"Greenville, NC",2023-12-14,2023-12-14,,,,2024-02-07,,1000.0,Closed,Normal,Repair,Paving (Repair),Mike Johnson,Internal,55.0,31-60,Closed,Closed,"Greenville, NC|2023-12-14"
"Newport, ME",2023-12-14,2024-01-22,2024-01-31,2024-02-06,2348467,2024-02-14,2886523,200.0,Closed,Urgent,Repair,Doors,Sarah Williams,USPS,62.0,61-90,Closed,Closed,"Newport, ME|2023-12-14"
"Burlington, AL",2023-12-17,,,,2349829,2023-12-27,2888055,,Closed,Urgent,Repair,Doors,Brandon Davis,USPS,10.0,0-30,Closed,Closed,"Burlington, AL|2023-12-17"
"Ashland, IN",2023-12-18,2023-02-17,2023-12-17,,,2023-12-18,,0.0,Closed,Normal,Repair,HVAC PM,Ashley Thompson,Internal,0.0,0-30,Closed,Closed,"Ashland, IN|2023-12-18"
"Ashland, WA",2023-12-19,2024-05-06,2024-06-27,,,2024-07-11,,436.78,Closed,Normal,Repair,Gutters,Ashley Thompson,Internal,205.0,90+,Closed,Closed,"Ashland, WA|2023-12-19"
"Georgetown, AL",2023-12-19,,,,,2024-06-24,,,Closed,Normal,Repair,Plumbing,Ashley Thompson,Internal,188.0,90+,Closed,Closed,"Georgetown, AL|2023-12-19"
"Danville, CO",2023-12-20,2024-03-07,2024-04-01,2024-04-04,2351438,2024-04-12,2889626,850.0,Closed,Urgent,Repair,Carpet,Sarah Williams,USPS,114.0,90+,Closed,Closed,"Danville, CO|2023-12-20"
"Farmington, CA",2023-12-21,2024-02-07,2024-03-15,2024-04-02,2351367,2024-05-01,2889526,1112.13,Closed,Urgent,Repair,Roof Repair,Mike Johnson,USPS,132.0,90+,Closed,Closed,"Farmington, CA|2023-12-21"
"Georgetown, IL",2023-12-21,,,,2351744,2024-08-01,2889886,,Closed,Urgent,Repair,Flooring,Mike Johnson,USPS,224.0,90+,Closed,Closed,"Georgetown, IL|2023-12-21"
"Florence, MO",2023-12-24,2024-01-02,2024-01-02,2024-01-23,2352236,2024-01-31,2890448,,Closed,Urgent,Repair,Roof Repair,Sarah Williams,USPS,38.0,31-60,Closed,Closed,"Florence, MO|2023-12-24"
"Milton, MO",2023-12-24,,,,,2024-01-02,,475.0,Closed,Normal,Repair,HVAC Repairs,Ashley Thompson,Internal,9.0,0-30,Closed,Closed,"Milton, MO|2023-12-24"
"Arlington, WV",2023-12-26,,,,2349691,,2887783,,Closed,Urgent,Repair,Plumbing,Ashley Thompson,USPS,848.0,90+,Closed,Closed,"Arlington, WV|2023-12-26"
"Columbia, MO",2023-12-27,2024-01-10,2024-01-18,2024-01-18,2353002,2024-01-24,2891279,,Closed,Urgent,Repair,HVAC Repairs,Brandon Davis,USPS,28.0,0-30,Closed,Closed,"Columbia, MO|2023-12-27"
"Gainesville, LA",2023-12-27,,2024-01-28,2024-01-28,2352988,2024-01-29,2891298,,Closed,Urgent,Repair,Siding,Brandon Davis,USPS,33.0,31-60,Closed,Closed,"Gainesville, LA|2023-12-27"
"Georgetown, NC",2023-12-27,2024-03-13,2024-04-26,2024-04-29,2352995,2024-05-01,2891233,1400.0,Closed,Urgent,Repair,Building Repairs,Mike Johnson,USPS,126.0,90+,Closed,Closed,"Georgetown, NC|2023-12-27"
"Jackson, WA",2023-12-27,2024-02-07,2024-02-13,2024-02-15,2352759,2024-03-05,2890947,250.0,Closed,Urgent,Repair,Gutters,Sarah Williams,USPS,69.0,61-90,Closed,Closed,"Jackson, WA|2023-12-27"
"Oxford, LA",2023-12-27,2024-01-03,2024-01-03,2024-01-04,2353038,2024-01-17,2891245,206.0,Closed,Urgent,Repair,HVAC Repairs,Mike Johnson,USPS,21.0,0-30,Closed,Closed,"Oxford, LA|2023-12-27"
"Ashland, ND",2023-12-28,2024-02-13,2024-02-23,2024-02-26,2353340,2024-03-26,2891601,235.0,Closed,Urgent,Repair,Electrical Repairs,Ashley Thompson,USPS,89.0,61-90,Closed,Closed,"Ashland, ND|2023-12-28"
"Ashland, WA",2023-12-28,2023-12-28,2024-01-23,2024-02-12,,2024-02-21,,436.33,Closed,Normal,Repair,Roof Repair,Mike Johnson,Internal,55.0,31-60,Closed,Closed,"Ashland, WA|2023-12-28"
"Danville, MA",2023-12-28,2024-02-07,2024-02-13,2024-02-14,2353210,2024-02-27,2891495,,Closed,Urgent,Repair,Masonry,Brandon Davis,USPS,61.0,61-90,Closed,Closed,"Danville, MA|2023-12-28"
"Troy, AR",2024-01-01,2024-01-16,2024-02-22,,,2024-06-17,,1650.0,Closed,Urgent,Repair,Structural,Mike Johnson,Internal,168.0,90+,Closed,Closed,"Troy, AR|2024-01-01"
"Carrollton, OH",2024-01-02,2024-01-03,2024-01-11,2024-01-16,2354198,2024-02-14,2892515,,Closed,Urgent,Repair,HVAC Repairs,Sarah Williams,USPS,43.0,31-60,Closed,Closed,"Carrollton, OH|2024-01-02"
"Edison, NC",2024-01-02,2024-02-20,2024-02-25,2024-03-04,,,,350.0,Closed,Urgent,Repair,Masonry,Mike Johnson,Internal,841.0,90+,Closed,Closed,"Edison, NC|2024-01-02"
"Florence, WA",2024-01-02,2024-01-01,2024-07-01,,,2024-07-22,,93.2,Closed,Normal,Repair,Janitorial,Ashley Thompson,Internal,202.0,90+,Closed,Closed,"Florence, WA|2024-01-02"
"Georgetown, NJ",2024-01-02,2024-12-28,,,,2024-09-25,,180.0,Closed,Normal,Repair,HVAC PM,Ashley Thompson,Internal,267.0,90+,Closed,Closed,"Georgetown, NJ|2024-01-02"
"Kingston, UT",2024-01-02,2024-01-03,2023-01-03,2024-01-14,2354457,2024-01-24,2892725,202.97,Closed,Urgent,Repair,HVAC Repairs,Mike Johnson,USPS,22.0,0-30,Closed,Closed,"Kingston, UT|2024-01-02"
"Anderson, WV",2024-01-03,2024-01-31,2024-03-25,2024-04-11,2354717,2024-08-20,2893022,,Closed,Urgent,Repair,Roof Repair,Sarah Williams,USPS,230.0,90+,Closed,Closed,"Anderson, WV|2024-01-03"
"Columbia, DE",2024-01-03,,2024-03-21,2024-03-21,2355005,2024-03-21,2893335,,Closed,Urgent,Repair,Doors,Brandon Davis,USPS,78.0,61-90,Closed,Closed,"Columbia, DE|2024-01-03"
"Florence, KY",2024-01-03,,,,,2024-01-03,,,Closed,Normal,Repair,Plumbing,Ashley Thompson,Internal,0.0,0-30,Closed,Closed,"Florence, KY|2024-01-03"
"Gainesville, AK",2024-01-03,2024-02-26,2024-02-26,2024-04-03,2354862,2024-04-04,2893165,600.0,Closed,Urgent,Repair,Paving (Repair),Mike Johnson,USPS,92.0,90+,Closed,Closed,"Gainesville, AK|2024-01-03"
"Gainesville, MT",2024-01-03,2024-01-04,2024-01-11,2024-01-11,,2024-02-07,,,Closed,Urgent,Repair,Plumbing,Brandon Davis,Internal,35.0,31-60,Closed,Closed,"Gainesville, MT|2024-01-03"
"Springfield, TN",2024-01-03,,2023-11-27,,,2024-01-17,,,Closed,Normal,Repair,HVAC PM,Ashley Thompson,Internal,14.0,0-30,Closed,Closed,"Springfield, TN|2024-01-03"
"Franklin, GA",2024-01-07,,,,,2024-05-14,,,Closed,Normal,Repair,Violation,Ashley Thompson,Internal,128.0,90+,Closed,Closed,"Franklin, GA|2024-01-07"
"Gainesville, VT",2024-01-07,,2024-01-05,,,2024-05-06,,1380.0,Closed,Normal,Repair,Building Repairs,Ashley Thompson,Internal,120.0,90+,Closed,Closed,"Gainesville, VT|2024-01-07"
"Ashland, IN",2024-01-08,2024-04-16,2024-04-23,,,2024-05-14,,782.0,Closed,Normal,Repair,HVAC Repairs,Ashley Thompson,Internal,127.0,90+,Closed,Closed,"Ashland, IN|2024-01-08"
"Burlington, NJ",2024-01-08,2024-02-08,2024-02-24,2024-03-15,2356421,2024-04-11,2894857,700.0,Closed,Urgent,Repair,Plumbing,Mike Johnson,USPS,94.0,90+,Closed,Closed,"Burlington, NJ|2024-01-08"
"Lancaster, ID",2024-01-08,2024-02-07,2024-09-26,,,2024-10-16,,,Closed,Normal,Repair,HVAC PM,Ashley Thompson,Internal,282.0,90+,Closed,Closed,"Lancaster, ID|2024-01-08"
"Fairview, MD",2024-01-09,2024-08-20,2024-09-13,2024-09-13,2356755,2024-10-03,2895156,4400.0,Closed,Urgent,Repair,Masonry,Mike Johnson,USPS,268.0,90+,Closed,Closed,"Fairview, MD|2024-01-09"
"Farmington, NM",2024-01-09,2024-08-05,2024-08-28,2024-08-28,2356757,2024-09-10,2895158,,Closed,Urgent,Repair,Electrical Repairs,Brandon Davis,USPS,245.0,90+,Closed,Closed,"Farmington, NM|2024-01-09"
"Farmington, MD",2024-01-10,2024-04-11,2024-05-01,2024-05-02,2357510,2024-05-14,2896050,670.0,Closed,Urgent,Repair,Roof Repair,Mike Johnson,USPS,125.0,90+,Closed,Closed,"Farmington, MD|2024-01-10"
"Clinton, GA",2024-01-11,2024-03-27,2024-12-10,,,2025-01-24,,267.39,Closed,Normal,Repair,HVAC Filters,Ashley Thompson,Internal,379.0,90+,Closed,Closed,"Clinton, GA|2024-01-11"
"Hamilton, ND",2024-01-11,2024-01-14,2024-01-17,2024-01-24,2357910,2024-01-30,2896388,413.24,Closed,Urgent,Repair,Roof Repair,Mike Johnson,USPS,19.0,0-30,Closed,Closed,"Hamilton, ND|2024-01-11"
"Kingston, HI",2024-01-11,2024-01-15,2024-01-25,2024-02-11,2357639,2024-02-19,2896213,,Closed,Urgent,Repair,Roof Repair,Sarah Williams,USPS,39.0,31-60,Closed,Closed,"Kingston, HI|2024-01-11"
"Oakland, MI",2024-01-14,,,,,2024-01-25,,0.0,Closed,Normal,Repair,HVAC Repairs,Ashley Thompson,Internal,11.0,0-30,Closed,Closed,"Oakland, MI|2024-01-14"
"Georgetown, NC",2024-01-15,2024-05-08,2024-05-18,2024-05-20,2359096,2024-06-07,2897585,3174.85,Closed,Urgent,Repair,Flooring,Mike Johnson,USPS,144.0,90+,Closed,Closed,"Georgetown, NC|2024-01-15"
"Jackson, LA",2024-01-15,2024-02-26,2024-04-06,2024-04-09,2358958,2024-04-12,2897465,1056.25,Closed,Urgent,Repair,Flooring,Mike Johnson,USPS,88.0,61-90,Closed,Closed,"Jackson, LA|2024-01-15"
"Norwood, NJ",2024-01-15,2024-04-03,2024-04-04,2024-04-18,2359258,2024-05-22,2897835,1000.0,Closed,Urgent,Repair,Roof Repair,Sarah Williams,USPS,128.0,90+,Closed,Closed,"Norwood, NJ|2024-01-15"
"Arlington, WV",2024-01-16,2024-03-26,2024-05-10,2024-05-14,2359447,2024-07-22,2898090,500.0,Closed,Urgent,Repair,Flooring,Mike Johnson,USPS,188.0,90+,Closed,Closed,"Arlington, WV|2024-01-16"
"Cleveland, KY",2024-01-16,2024-04-03,2024-05-17,2024-05-20,2359488,2024-06-11,2898065,1100.0,Closed,Urgent,Repair,Roof Repair,Mike Johnson,USPS,147.0,90+,Closed,Closed,"Cleveland, KY|2024-01-16"
"Edison, NC",2024-01-16,2024-02-20,2024-02-23,2024-02-28,2359336,,2897951,350.0,Closed,Urgent,Repair,Masonry,Mike Johnson,USPS,827.0,90+,Closed,Closed,"Edison, NC|2024-01-16"
"Hamilton, PA",2024-01-16,,,,,2024-05-14,,,Closed,Normal,Repair,Violation,Ashley Thompson,Internal,119.0,90+,Closed,Closed,"Hamilton, PA|2024-01-16"
"Manchester, MA",2024-01-16,2024-01-18,2024-01-31,2024-02-08,2359309,2024-05-01,2897896,,Closed,Urgent,Repair,Roof Repair,Sarah Williams,USPS,106.0,90+,Closed,Closed,"Manchester, MA|2024-01-16"
"Auburn, MS",2024-01-17,2024-01-18,,,,2024-03-20,,,Closed,Urgent,Repair,Plumbing,Brandon Davis,Internal,63.0,61-90,Closed,Closed,"Auburn, MS|2024-01-17"
"Florence, WA",2024-01-18,,,,,2024-06-03,,686.93,Closed,Normal,Repair,Janitorial,Ashley Thompson,Internal,137.0,90+,Closed,Closed,"Florence, WA|2024-01-18"
"Danville, MA",2024-01-21,,2025-01-02,,,2025-01-02,,,Closed,Urgent,Repair,HVAC PM,Mike Johnson,Internal,347.0,90+,Closed,Closed,"Danville, MA|2024-01-21"
"Mount Vernon, WI",2024-01-21,,,,,2024-05-29,,,Closed,Normal,Repair,Roof Repair,Ashley Thompson,Internal,129.0,90+,Closed,Closed,"Mount Vernon, WI|2024-01-21"
"Oxford, LA",2024-01-21,2024-02-19,2024-02-19,,,2024-03-04,,,Closed,Urgent,Repair,HVAC PM,Ashley Thompson,Internal,43.0,31-60,Closed,Closed,"Oxford, LA|2024-01-21"
"Bristol, OH",2024-01-22,2024-01-25,2024-01-30,2024-02-04,2360856,2024-02-14,2899546,5300.0,Closed,Urgent,Repair,HVAC Repairs,Sarah Williams,USPS,23.0,0-30,Closed,Closed,"Bristol, OH|2024-01-22"
"Gainesville, LA",2024-01-22,,,,,2024-05-29,,,Closed,Normal,Repair,Janitorial,Ashley Thompson,Internal,128.0,90+,Closed,Closed,"Gainesville, LA|2024-01-22"
"Greenville, IL",2024-01-22,2024-02-14,2024-02-15,2024-02-19,2361094,2024-03-04,2899799,874.0,Closed,Urgent,Repair,Plumbing,Mike Johnson,USPS,42.0,31-60,Closed,Closed,"Greenville, IL|2024-01-22"
"Troy, ME",2024-01-22,2024-07-11,2024-07-26,2024-08-02,2360346,2024-08-08,2899041,505.85,Closed,Urgent,Repair,Roof Repair,Mike Johnson,USPS,199.0,90+,Closed,Closed,"Troy, ME|2024-01-22"
"Columbia, MO",2024-01-23,2024-06-28,2024-07-25,2024-07-29,2350601,2024-08-21,2888814,3280.49,Closed,Urgent,Repair,Asbestos Abatement,Mike Johnson,USPS,211.0,90+,Closed,Closed,"Columbia, MO|2024-01-23"
"Hudson, MO",2024-01-23,2024-01-23,2024-01-23,2024-01-25,2361231,2024-02-07,2899903,145.0,Closed,Urgent,Repair,HVAC Repairs,Mike Johnson,USPS,15.0,0-30,Closed,Closed,"Hudson, MO|2024-01-23"
"Hudson, MO",2024-01-23,,,2024-06-11,2361231,2024-06-11,2901320,0.0,Closed,Urgent,Repair,HVAC Repairs,Mike Johnson,USPS,140.0,90+,Closed,Closed,"Hudson, MO|2024-01-23"
"Mount Vernon, AL",2024-01-23,2024-01-23,2024-02-02,,,2024-02-12,,150.0,Closed,Normal,Repair,Landscaping,Ashley Thompson,Internal,20.0,0-30,Closed,Closed,"Mount Vernon, AL|2024-01-23"
"Hamilton, ND",2024-01-24,2024-03-04,2024-03-08,2024-03-12,,2024-03-26,,1061.27,Closed,Urgent,Repair,HVAC Repairs,Mike Johnson,Internal,62.0,61-90,Closed,Closed,"Hamilton, ND|2024-01-24"
"Anderson, MS",2024-01-25,2024-03-22,2024-03-29,2024-04-23,2361903,2024-05-01,2900696,200.0,Closed,Urgent,Repair,Roof Repair,Sarah Williams,USPS,97.0,90+,Closed,Closed,"Anderson, MS|2024-01-25"
"Auburn, MS",2024-01-25,2024-01-01,2024-06-26,,,2024-07-19,,74.9,Closed,Normal,Repair,Pest Control,Ashley Thompson,Internal,176.0,90+,Closed,Closed,"Auburn, MS|2024-01-25"
"Burlington, MS",2024-01-25,2024-02-04,2024-02-06,2024-02-20,2362175,2024-04-12,2900935,650.0,Closed,Urgent,Repair,Roof Repair,Sarah Williams,USPS,78.0,61-90,Closed,Closed,"Burlington, MS|2024-01-25"
"Canton, MN",2024-01-25,,2024-03-10,,,2024-06-03,,80.0,Closed,Normal,Repair,Snow Removal,Ashley Thompson,Internal,130.0,90+,Closed,Closed,"Canton, MN|2024-01-25"
"Madison, RI",2024-01-25,2024-04-30,2024-05-30,2024-06-12,2362173,2024-06-21,2900932,1000.0,Closed,Urgent,Repair,Roof Repair,Mike Johnson,USPS,148.0,90+,Closed,Closed,"Madison, RI|2024-01-25"
"Salem, MD",2024-01-25,2024-04-01,2024-05-01,2024-05-01,2362716,2024-06-11,2901525,,Closed,Urgent,Repair,Ceiling Tiles,Brandon Davis,USPS,138.0,90+,Closed,Closed,"Salem, MD|2024-01-25"
"Carrollton, DE",2024-01-28,2024-05-20,2024-06-24,2024-06-25,2362246,,2901007,1765.0,Closed,Urgent,Repair,Painting,Mike Johnson,USPS,815.0,90+,Closed,Closed,"Carrollton, DE|2024-01-28"
"Cleveland, KY",2024-01-28,2024-04-03,2024-05-17,2024-05-20,2361188,2024-06-11,2899918,1705.0,Closed,Urgent,Repair,Ceiling Tiles,Mike Johnson,USPS,135.0,90+,Closed,Closed,"Cleveland, KY|2024-01-28"
"Florence, MO",2024-01-28,2024-01-29,2024-03-14,2024-04-09,2362419,2024-05-31,2901219,,Closed,Urgent,Repair,Roof Repair,Sarah Williams,USPS,124.0,90+,Closed,Closed,"Florence, MO|2024-01-28"
"Hudson, MI",2024-01-28,2024-04-11,2024-05-31,2024-05-31,2362026,2024-06-11,2900909,,Closed,Urgent,Repair,HVAC Repairs,Brandon Davis,USPS,135.0,90+,Closed,Closed,"Hudson, MI|2024-01-28"
"Kingston, UT",2024-01-28,2024-02-05,2024-02-06,2024-02-14,2361875,2024-02-28,2900657,968.84,Closed,Urgent,Repair,Utilities,Mike Johnson,USPS,31.0,31-60,Closed,Closed,"Kingston, UT|2024-01-28"
"Manchester, KY",2024-01-28,2024-01-29,2024-02-15,2024-02-19,2361762,2024-03-04,2900497,1250.0,Closed,Urgent,Repair,Roof Repair,Sarah Williams,USPS,36.0,31-60,Closed,Closed,"Manchester, KY|2024-01-28"
"Troy, NM",2024-01-28,2024-01-28,2024-01-30,2024-01-30,2361684,2024-02-07,2900447,,Closed,Urgent,Repair,Plumbing,Brandon Davis,USPS,10.0,0-30,Closed,Closed,"Troy, NM|2024-01-28"
"Franklin, AL",2024-01-29,,2023-11-27,,,2024-01-30,,230.0,Closed,Normal,Repair,Landscaping,Ashley Thompson,Internal,1.0,0-30,Closed,Closed,"Franklin, AL|2024-01-29"
"Franklin, AL",2024-01-29,,2023-12-27,,,2024-01-30,,115.0,Closed,Normal,Repair,Landscaping,Ashley Thompson,Internal,1.0,0-30,Closed,Closed,"Franklin, AL|2024-01-29"
"Franklin, AL",2024-01-29,2024-01-02,2024-11-05,,,2025-01-08,,115.0,Closed,Normal,Repair,Landscaping,Ashley Thompson,Internal,345.0,90+,Closed,Closed,"Franklin, AL|2024-01-29"
"Madison, NE",2024-01-29,2024-01-29,2024-01-29,2024-02-07,2363401,2024-02-26,2902265,683.0,Closed,Urgent,Repair,HVAC Repairs,Mike Johnson,USPS,28.0,0-30,Closed,Closed,"Madison, NE|2024-01-29"
"Anderson, VA",2024-01-30,2024-01-30,2024-01-31,2024-01-31,2363868,2024-02-07,2902795,90.95,Closed,Urgent,Repair,HVAC Repairs,Mike Johnson,USPS,8.0,0-30,Closed,Closed,"Anderson, VA|2024-01-30"
"Arlington, VT",2024-01-30,2024-01-30,2024-01-31,2024-02-01,2362901,2024-02-21,2901824,150.0,Closed,Urgent,Repair,HVAC Repairs,Mike Johnson,USPS,22.0,0-30,Closed,Closed,"Arlington, VT|2024-01-30"
"Arlington, VT",2024-01-30,2024-02-07,2024-03-11,2024-03-11,2362903,2024-03-13,2901708,,Closed,Urgent,Repair,Doors,Brandon Davis,USPS,43.0,31-60,Closed,Closed,"Arlington, VT|2024-01-30"
"Auburn, HI",2024-01-30,2024-01-30,2024-01-30,2024-01-30,2364293,2024-03-15,2903142,119.59,Closed,Urgent,Repair,HVAC Repairs,Mike Johnson,USPS,45.0,31-60,Closed,Closed,"Auburn, HI|2024-01-30"
"Auburn, NH",2024-01-30,2024-03-08,2024-03-13,2024-03-20,2363117,2024-03-29,2902009,180.0,Closed,Urgent,Repair,Masonry,Sarah Williams,USPS,59.0,31-60,Closed,Closed,"Auburn, NH|2024-01-30"
"Bloomington, ME",2024-01-30,2024-03-20,2024-04-05,2024-04-11,2362275,2024-05-01,2901001,,Closed,Urgent,Repair,Ceiling Tiles,Brandon Davis,USPS,92.0,90+,Closed,Closed,"Bloomington, ME|2024-01-30"
"Dover, AK",2024-01-30,2024-01-30,2024-01-31,2024-02-26,2362961,2024-03-14,2901814,,Closed,Urgent,Repair,HVAC Repairs,Mike Johnson,USPS,44.0,31-60,Closed,Closed,"Dover, AK|2024-01-30"
"Georgetown, SD",2024-01-30,2024-05-10,2024-05-31,2024-06-03,2363273,2024-06-12,2902098,,Closed,Urgent,Repair,Roof Repair,Brandon Davis,USPS,134.0,90+,Closed,Closed,"Georgetown, SD|2024-01-30"
"Georgetown, SD",2024-01-30,2024-06-14,2024-08-02,2024-08-06,2363275,2024-08-21,2902101,,Closed,Urgent,Repair,Roof Repair,Brandon Davis,USPS,204.0,90+,Closed,Closed,"Georgetown, SD|2024-01-30"
"Hudson, MO",2024-01-30,,,2024-02-04,2362560,2024-02-04,2901363,0.0,Closed,Urgent,Repair,Asbestos Abatement,Mike Johnson,USPS,5.0,0-30,Closed,Closed,"Hudson, MO|2024-01-30"
"Oakland, OR",2024-01-30,2024-01-30,2024-01-30,2024-01-30,2364538,2024-02-20,2903428,0.0,Closed,Urgent,Repair,HVAC Repairs,Mike Johnson,USPS,21.0,0-30,Closed,Closed,"Oakland, OR|2024-01-30"
"Centerville, MS",2024-01-31,2024-01-31,2024-01-31,2024-01-31,2364838,2024-02-07,2903725,270.0,Closed,Urgent,Repair,HVAC Repairs,Mike Johnson,USPS,7.0,0-30,Closed,Closed,"Centerville, MS|2024-01-31"
"Georgetown, ME",2024-01-31,2024-01-31,2024-02-04,2024-02-27,,2024-02-27,,581.0,Closed,Urgent,Repair,HVAC Repairs,Sarah Williams,Internal,27.0,0-30,Closed,Closed,"Georgetown, ME|2024-01-31"
"Manchester, OK",2024-01-31,2024-01-31,2024-02-01,2024-02-06,,2024-03-05,,150.0,Closed,Urgent,Repair,Plumbing,Sarah Williams,Internal,34.0,31-60,Closed,Closed,"Manchester, OK|2024-01-31"
"Riverside, AR",2024-01-31,2024-01-31,2024-01-31,2023-02-06,2365047,2024-02-08,2903937,0.0,Closed,Urgent,Repair,HVAC Repairs,Mike Johnson,USPS,8.0,0-30,Closed,Closed,"Riverside, AR|2024-01-31"
"Oakland, GA",2024-02-01,2024-01-30,2024-01-30,2024-01-30,,2024-02-01,,0.0,Closed,Urgent,Repair,HVAC Repairs,Mike Johnson,Internal,0.0,0-30,Closed,Closed,"Oakland, GA|2024-02-01"
"Florence, MO",2024-02-04,2024-02-04,2024-02-05,2024-02-06,2366168,2024-02-11,2905068,,Closed,Urgent,Repair,Plumbing,Sarah Williams,USPS,7.0,0-30,Closed,Closed,"Florence, MO|2024-02-04"
"Georgetown, ME",2024-02-04,2024-02-04,2024-02-04,2024-02-04,,2024-02-28,2903639,,Closed,Urgent,Repair,Misc. Repairs,Brandon Davis,USPS,24.0,0-30,Closed,Closed,"Georgetown, ME|2024-02-04"
"Hamilton, CT",2024-02-04,2024-04-11,2024-04-11,2024-04-22,,2024-05-01,,100.0,Closed,Urgent,Repair,Drive Thru,Sarah Williams,Internal,87.0,61-90,Closed,Closed,"Hamilton, CT|2024-02-04"
"Manchester, AR",2024-02-04,2024-02-02,2024-02-02,2024-02-06,,2024-02-12,,158.9,Closed,Urgent,Repair,HVAC Repairs,Mike Johnson,Internal,8.0,0-30,Closed,Closed,"Manchester, AR|2024-02-04"
"Oakland, OR",2024-02-04,2024-02-05,2024-02-06,2024-02-06,2366237,2024-03-15,2905108,2679.0,Closed,Urgent,Repair,HVAC Repairs,Mike Johnson,USPS,40.0,31-60,Closed,Closed,"Oakland, OR|2024-02-04"
"Bristol, LA",2024-02-05,,,,2365334,2024-02-27,2904216,0.0,Closed,Urgent,Repair,Plumbing,Mike Johnson,USPS,22.0,0-30,Closed,Closed,"Bristol, LA|2024-02-05"
"Centerville, VA",2024-02-05,,2024-02-05,2024-02-05,2365927,2024-02-05,2904852,,Closed,Urgent,Repair,Plumbing,Mike Johnson,USPS,0.0,0-30,Closed,Closed,"Centerville, VA|2024-02-05"
"Danville, NE",2024-02-05,,2024-06-11,2024-06-11,2364499,2024-06-11,2903390,,Closed,Urgent,Repair,HVAC Repairs,Brandon Davis,USPS,127.0,90+,Closed,Closed,"Danville, NE|2024-02-05"
"Georgetown, ME",2024-02-05,2024-03-22,2024-03-22,2024-03-22,2364794,2024-06-17,2903621,,Closed,Urgent,Repair,Doors,Brandon Davis,USPS,133.0,90+,Closed,Closed,"Georgetown, ME|2024-02-05"
"Mount Vernon, MA",2024-02-05,2024-02-05,2024-02-06,2024-02-06,2365526,2024-03-15,2904426,185.0,Closed,Urgent,Repair,HVAC Repairs,Mike Johnson,USPS,39.0,31-60,Closed,Closed,"Mount Vernon, MA|2024-02-05"
"Oxford, LA",2024-02-05,2024-03-04,2024-03-07,2024-03-19,2365189,2024-03-29,2904153,375.0,Closed,Urgent,Repair,Paving (Repair),Sarah Williams,USPS,53.0,31-60,Closed,Closed,"Oxford, LA|2024-02-05"
"Clinton, VT",2024-02-07,,,,,,,,Closed,Normal,Repair,HVAC PM,Ashley Thompson,Internal,805.0,90+,Closed,Closed,"Clinton, VT|2024-02-07"
"Danville, NM",2024-02-07,2024-02-01,2024-02-04,,,2024-02-12,,,Closed,Normal,Repair,Environmental Repairs,Brandon Davis,Internal,5.0,0-30,Closed,Closed,"Danville, NM|2024-02-07"
"Newport, ME",2024-02-07,2024-02-21,2024-03-05,2024-03-11,,2024-04-12,,480.23,Closed,Normal,Repair,Flooring,Mike Johnson,Internal,65.0,61-90,Closed,Closed,"Newport, ME|2024-02-07"
"Auburn, MS",2024-02-08,2024-02-11,2024-03-19,,,2024-03-26,,,Closed,Normal,Repair,HVAC Repairs,Brandon Davis,Internal,47.0,31-60,Closed,Closed,"Auburn, MS|2024-02-08"
"Carrollton, DE",2024-02-08,2024-02-28,2024-03-05,2024-03-25,2366958,2024-03-29,2905867,,Closed,Urgent,Repair,Roof Repair,Sarah Williams,USPS,50.0,31-60,Closed,Closed,"Carrollton, DE|2024-02-08"
"Clinton, SC",2024-02-08,2024-07-18,2024-07-29,2024-07-29,,2024-09-05,,,Closed,Urgent,Repair,HVAC PM,Brandon Davis,Internal,210.0,90+,Closed,Closed,"Clinton, SC|2024-02-08"
"Fairview, ME",2024-02-08,2024-06-07,2024-07-17,,2366977,2024-09-25,2905934,,Closed,Urgent,Repair,Doors,Brandon Davis,USPS,230.0,90+,Closed,Closed,"Fairview, ME|2024-02-08"
"Greenville, IL",2024-02-08,2024-02-11,2024-02-12,2024-02-14,2368522,2024-02-21,2907488,92.0,Closed,Urgent,Repair,HVAC Repairs,Mike Johnson,USPS,13.0,0-30,Closed,Closed,"Greenville, IL|2024-02-08"
"Lexington, VA",2024-02-08,2024-07-22,2024-08-07,2024-08-14,2366599,2024-08-16,2905515,725.0,Closed,Urgent,Repair,Ceiling Tiles,Ashley Thompson,USPS,190.0,90+,Closed,Closed,"Lexington, VA|2024-02-08"
"Riverside, VT",2024-02-08,2024-07-02,2024-07-19,2024-07-24,2366886,2024-08-08,2905916,750.0,Closed,Urgent,Repair,Roof Repair,Sarah Williams,USPS,182.0,90+,Closed,Closed,"Riverside, VT|2024-02-08"
"Anderson, AR",2024-02-11,2024-02-14,2024-02-19,2024-02-20,2368614,2024-03-04,2907592,586.36,Closed,Urgent,Repair,HVAC Repairs,Mike Johnson,USPS,22.0,0-30,Closed,Closed,"Anderson, AR|2024-02-11"
"Anderson, MN",2024-02-11,,2024-03-13,2024-03-28,2368047,2024-05-10,2907077,315.0,Closed,Urgent,Repair,Plumbing,Sarah Williams,USPS,89.0,61-90,Closed,Closed,"Anderson, MN|2024-02-11"
"Anderson, MN",2024-02-11,,2024-02-26,2024-03-11,2368048,2024-05-10,2907078,80.0,Closed,Urgent,Repair,Plumbing,Sarah Williams,USPS,89.0,61-90,Closed,Closed,"Anderson, MN|2024-02-11"
"Canton, IN",2024-02-11,2024-02-27,2024-03-12,2024-03-12,2368414,2024-03-26,2907404,3860.0,Closed,Urgent,Repair,HVAC Repairs,Mike Johnson,USPS,44.0,31-60,Closed,Closed,"Canton, IN|2024-02-11"
"Dayton, AK",2024-02-11,2024-02-13,2024-02-26,2024-03-05,2367391,2024-04-01,2906323,600.0,Closed,Urgent,Repair,Roof Repair,Ashley Thompson,USPS,50.0,31-60,Closed,Closed,"Dayton, AK|2024-02-11"
"Georgetown, ME",2024-02-11,2024-02-19,2024-02-20,2024-02-25,2367103,2024-03-15,2906055,,Closed,Urgent,Repair,HVAC Repairs,Brandon Davis,USPS,33.0,31-60,Closed,Closed,"Georgetown, ME|2024-02-11"
"Georgetown, SD",2024-02-11,2024-02-27,2024-03-12,2024-03-27,2367362,2024-04-03,2906359,187.0,Closed,Urgent,Repair,Roof Repair,Mike Johnson,USPS,52.0,31-60,Closed,Closed,"Georgetown, SD|2024-02-11"
"Greenville, WI",2024-02-11,,2024-03-25,2024-04-17,2368181,2024-05-22,2907163,,Closed,Urgent,Repair,Roof Repair,Sarah Williams,USPS,101.0,90+,Closed,Closed,"Greenville, WI|2024-02-11"
"Oakland, AL",2024-02-11,,,2024-03-04,2366497,2024-03-20,2905435,150.0,Closed,Urgent,Repair,Roof Repair,Sarah Williams,USPS,38.0,31-60,Closed,Closed,"Oakland, AL|2024-02-11"
"Riverside, AR",2024-02-11,,2024-04-10,2024-04-17,2367781,2024-05-03,2906763,,Closed,Urgent,Repair,Roof Repair,Sarah Williams,USPS,82.0,61-90,Closed,Closed,"Riverside, AR|2024-02-11"
"Riverside, AR",2024-02-11,2024-03-11,2024-03-19,2024-03-28,2367709,2024-04-12,2906697,,Closed,Urgent,Repair,Electrical Repairs,Sarah Williams,USPS,61.0,61-90,Closed,Closed,"Riverside, AR|2024-02-11"
"Cleveland, OR",2024-02-12,2024-04-03,2024-04-18,2024-04-18,2369311,2024-05-01,2908320,555.95,Closed,Urgent,Repair,Roof Repair,Mike Johnson,USPS,79.0,61-90,Closed,Closed,"Cleveland, OR|2024-02-12"
"Clinton, VT",2024-02-12,2024-02-13,2024-02-15,2024-02-15,2368977,2024-02-27,2907972,,Closed,Urgent,Repair,HVAC Repairs,Brandon Davis,USPS,15.0,0-30,Closed,Closed,"Clinton, VT|2024-02-12"
"Columbia, HI",2024-02-12,2024-02-26,2024-03-04,2024-03-11,2368999,2024-03-15,2908002,,Closed,Urgent,Repair,Roof Repair,Brandon Davis,USPS,32.0,31-60,Closed,Closed,"Columbia, HI|2024-02-12"
"Columbia, OR",2024-02-12,2024-02-01,2024-11-07,,,2025-01-31,,90.0,Closed,Normal,Repair,Pest Control,Ashley Thompson,Internal,354.0,90+,Closed,Closed,"Columbia, OR|2024-02-12"
"Hamilton, ND",2024-02-12,2023-10-26,2024-09-04,,,2024-11-22,,622.5,Closed,Normal,Repair,HVAC PM,Ashley Thompson,Internal,284.0,90+,Closed,Closed,"Hamilton, ND|2024-02-12"
"Lexington, VA",2024-02-12,2024-04-18,2024-05-01,2024-06-10,2369160,2024-06-17,2908167,2010.62,Closed,Urgent,Repair,Roof Repair,Mike Johnson,USPS,126.0,90+,Closed,Closed,"Lexington, VA|2024-02-12"
"Ashland, PA",2024-02-13,2024-02-21,2024-02-22,2024-02-25,,2024-03-26,,,Closed,Urgent,Repair,HVAC Repairs,Brandon Davis,Internal,42.0,31-60,Closed,Closed,"Ashland, PA|2024-02-13"
"Bloomington, MS",2024-02-13,2024-04-01,2024-12-31,,,2025-01-15,,200.0,Closed,Normal,Repair,Landscaping,Ashley Thompson,Internal,337.0,90+,Closed,Closed,"Bloomington, MS|2024-02-13"
"Centerville, RI",2024-02-13,2024-02-14,2024-02-22,2024-02-26,2369747,2024-03-13,2908752,,Closed,Urgent,Repair,Roof Repair,Sarah Williams,USPS,29.0,0-30,Closed,Closed,"Centerville, RI|2024-02-13"
"Mount Vernon, AZ",2024-02-13,,2024-02-19,2024-02-19,2369799,2024-02-20,2908829,0.0,Closed,Urgent,Repair,Roof Repair,Mike Johnson,USPS,7.0,0-30,Closed,Closed,"Mount Vernon, AZ|2024-02-13"
"Norwood, MD",2024-02-13,,2024-04-17,2024-04-17,2369776,2024-04-17,2908792,0.0,Closed,Urgent,Repair,Roof Repair,Mike Johnson,USPS,64.0,61-90,Closed,Closed,"Norwood, MD|2024-02-13"
"Oxford, TN",2024-02-13,2024-03-05,2024-03-23,2024-04-05,2369990,2024-07-03,2909085,,Closed,Urgent,Repair,Roof Repair,Sarah Williams,USPS,141.0,90+,Closed,Closed,"Oxford, TN|2024-02-13"
"Troy, IA",2024-02-13,2024-02-14,2024-02-14,2024-02-14,2369933,2024-02-27,2908930,,Closed,Urgent,Repair,HVAC Repairs,Brandon Davis,USPS,14.0,0-30,Closed,Closed,"Troy, IA|2024-02-13"
"Cleveland, KY",2024-02-14,,,,2360637,,2899318,,Closed,Urgent,Repair,Ceiling Tiles,Ashley Thompson,USPS,798.0,90+,Closed,Closed,"Cleveland, KY|2024-02-14"
"Gainesville, VT",2024-02-14,2024-06-19,2024-07-16,,,2024-11-06,,,Closed,Normal,Repair,Building Repairs,Brandon Davis,Internal,266.0,90+,Closed,Closed,"Gainesville, VT|2024-02-14"
"Hamilton, CT",2024-02-14,,,,2370524,2024-05-29,2909541,,Closed,Urgent,Repair,HVAC Repairs,Ashley Thompson,USPS,105.0,90+,Closed,Closed,"Hamilton, CT|2024-02-14"
"Oxford, NH",2024-02-14,,,,2366031,2024-02-21,2904883,,Closed,Urgent,Repair,Plumbing,Ashley Thompson,USPS,7.0,0-30,Closed,Closed,"Oxford, NH|2024-02-14"
"Dayton, MA",2024-02-15,,2024-02-12,,2364673,2024-02-26,2903575,,Closed,Urgent,Repair,Doors,Sarah Williams,USPS,11.0,0-30,Closed,Closed,"Dayton, MA|2024-02-15"
"Dayton, MA",2024-02-15,2024-02-21,2024-02-22,2024-03-11,2365749,2024-05-16,2904729,150.0,Closed,Urgent,Repair,Plumbing,Sarah Williams,USPS,91.0,90+,Closed,Closed,"Dayton, MA|2024-02-15"
"Dayton, MA",2024-02-15,2024-04-08,2024-04-26,2024-04-29,2365749,2024-05-14,2904730,,Closed,Urgent,Repair,Doors,Sarah Williams,USPS,89.0,61-90,Closed,Closed,"Dayton, MA|2024-02-15"
"Dayton, MA",2024-02-15,2024-04-22,2024-04-26,2024-04-29,2365749,2024-05-14,2904683,,Closed,Urgent,Repair,Roof Repair,Sarah Williams,USPS,89.0,61-90,Closed,Closed,"Dayton, MA|2024-02-15"
"Dayton, NE",2024-02-15,2024-02-25,2024-03-15,2024-03-27,2371094,2024-04-22,2910143,400.0,Closed,Urgent,Repair,Pest Control,Sarah Williams,USPS,67.0,61-90,Closed,Closed,"Dayton, NE|2024-02-15"
"Edison, CT",2024-02-15,2024-02-20,2024-02-21,2024-02-21,2371117,2024-03-15,2910154,,Closed,Urgent,Repair,HVAC Repairs,Brandon Davis,USPS,29.0,0-30,Closed,Closed,"Edison, CT|2024-02-15"
"Gainesville, VT",2024-02-15,,2025-01-09,,,2025-01-09,,,Closed,Normal,Repair,Misc. Repairs,Brandon Davis,Internal,329.0,90+,Closed,Closed,"Gainesville, VT|2024-02-15"
"Mount Vernon, DE",2024-02-15,2024-04-04,,2024-06-20,2370429,2024-06-20,2909482,,Closed,Urgent,Repair,Roof Repair,Mike Johnson,USPS,126.0,90+,Closed,Closed,"Mount Vernon, DE|2024-02-15"
"Clinton, GA",2024-02-19,,,,2368769,2024-05-29,2907837,,Closed,Urgent,Repair,Plumbing,Ashley Thompson,USPS,100.0,90+,Closed,Closed,"Clinton, GA|2024-02-19"
"Lexington, WI",2024-02-19,,,,2367237,2024-05-29,2906157,,Closed,Urgent,Repair,Roof Repair,Ashley Thompson,USPS,100.0,90+,Closed,Closed,"Lexington, WI|2024-02-19"
"Ashland, ND",2024-02-21,2024-05-06,2024-06-21,2024-06-24,2371687,2024-07-15,2910745,,Closed,Urgent,Repair,Doors,Sarah Williams,USPS,145.0,90+,Closed,Closed,"Ashland, ND|2024-02-21"
"Burlington, AL",2024-02-21,2024-04-11,2024-04-22,2024-04-22,2371332,2024-05-14,2910336,,Closed,Urgent,Repair,Electrical Repairs,Brandon Davis,USPS,83.0,61-90,Closed,Closed,"Burlington, AL|2024-02-21"
"Clinton, AK",2024-02-21,2024-03-04,2024-03-05,2024-03-06,2371402,2024-03-15,2910419,500.0,Closed,Urgent,Repair,Gutters,Mike Johnson,USPS,23.0,0-30,Closed,Closed,"Clinton, AK|2024-02-21"
"Plymouth, HI",2024-02-21,,,,,2024-12-03,,,Closed,Normal,Repair,Roof Repair,Sarah Williams,Internal,286.0,90+,Closed,Closed,"Plymouth, HI|2024-02-21"
"Ashland, IN",2024-02-22,,2024-03-05,2024-03-05,2372030,2024-03-05,2911105,,Closed,Urgent,Repair,Plumbing,Brandon Davis,USPS,12.0,0-30,Closed,Closed,"Ashland, IN|2024-02-22"
"Centerville, VT",2024-02-22,2024-06-20,2024-07-23,2024-07-29,2372382,2024-08-02,2911513,,Closed,Urgent,Repair,Painting,Ashley Thompson,USPS,162.0,90+,Closed,Closed,"Centerville, VT|2024-02-22"
"Centerville, VT",2024-02-22,2024-06-20,2024-07-23,2024-07-29,2372382,2024-08-02,2911456,1000.0,Closed,Urgent,Repair,Ceiling Tiles,Ashley Thompson,USPS,162.0,90+,Closed,Closed,"Centerville, VT|2024-02-22"
"Jackson, ID",2024-02-22,,2024-02-25,2024-02-25,2372477,2024-02-25,2911507,,Closed,Urgent,Repair,Flooring,Brandon Davis,USPS,3.0,0-30,Closed,Closed,"Jackson, ID|2024-02-22"
"Jackson, ID",2024-02-22,,2024-02-25,2024-02-25,2372476,2024-02-25,2911506,,Closed,Urgent,Repair,Plumbing,Brandon Davis,USPS,3.0,0-30,Closed,Closed,"Jackson, ID|2024-02-22"
"Ashland, PA",2024-02-25,2024-06-03,2024-06-11,2024-06-11,2372707,2024-08-08,2911781,,Closed,Urgent,Repair,Plumbing,Brandon Davis,USPS,165.0,90+,Closed,Closed,"Ashland, PA|2024-02-25"
"Ashland, PA",2024-02-25,,,,2372842,2024-02-26,2911917,,Closed,Urgent,Repair,HVAC Repairs,Mike Johnson,USPS,1.0,0-30,Closed,Closed,"Ashland, PA|2024-02-25"
"Edison, WY",2024-02-25,2024-02-26,2024-04-01,2024-04-04,2372600,2024-04-12,2911718,207.71,Closed,Urgent,Repair,Electrical Repairs,Mike Johnson,USPS,47.0,31-60,Closed,Closed,"Edison, WY|2024-02-25"
"Franklin, GA",2024-02-25,2024-08-09,2024-08-18,,,2024-09-20,,,Closed,Normal,Repair,Roof Repair,Sarah Williams,Internal,208.0,90+,Closed,Closed,"Franklin, GA|2024-02-25"
"Greenville, NM",2024-02-25,2024-03-11,2024-03-28,2024-04-04,2372505,2024-04-22,2911607,,Closed,Urgent,Repair,Electrical Repairs,Brandon Davis,USPS,57.0,31-60,Closed,Closed,"Greenville, NM|2024-02-25"
"Greenville, NM",2024-02-25,2024-02-26,2024-03-04,2024-03-08,2372505,2024-03-26,2911562,,Closed,Urgent,Repair,Plumbing,Brandon Davis,USPS,30.0,0-30,Closed,Closed,"Greenville, NM|2024-02-25"
"Greenville, NM",2024-02-25,2024-02-26,2024-02-26,2024-03-11,2372526,2024-03-15,2911565,146.47,Closed,Urgent,Repair,Doors,Mike Johnson,USPS,19.0,0-30,Closed,Closed,"Greenville, NM|2024-02-25"
"Mount Vernon, MA",2024-02-25,2024-06-27,2024-07-13,2024-07-15,2373116,2024-08-08,2912196,2800.0,Closed,Urgent,Repair,Concrete,Mike Johnson,USPS,165.0,90+,Closed,Closed,"Mount Vernon, MA|2024-02-25"
"Dover, AK",2024-02-26,2024-03-08,2024-03-12,2024-03-13,2372855,2024-03-26,2911848,90.0,Closed,Urgent,Repair,Roof Repair,Mike Johnson,USPS,29.0,0-30,Closed,Closed,"Dover, AK|2024-02-26"
"Florence, IL",2024-02-26,2024-02-26,2024-05-15,,,2024-06-21,,1353.0,Closed,Normal,Repair,HVAC PM,Ashley Thompson,Internal,116.0,90+,Closed,Closed,"Florence, IL|2024-02-26"
"Georgetown, MO",2024-02-26,,,,,2024-05-03,,,Closed,Normal,Repair,Roof Repair,Sarah Williams,Internal,67.0,61-90,Closed,Closed,"Georgetown, MO|2024-02-26"
"Lancaster, GA",2024-02-26,2024-02-26,2024-02-27,,2373252,2024-08-02,2912358,861.17,Closed,Urgent,Repair,Roof Repair,Mike Johnson,USPS,158.0,90+,Closed,Closed,"Lancaster, GA|2024-02-26"
"Marion, GA",2024-02-26,,,,,,,,Closed,Normal,Repair,HVAC PM,Ashley Thompson,Internal,786.0,90+,Closed,Closed,"Marion, GA|2024-02-26"
"Milton, MO",2024-02-26,,2024-02-27,2024-02-27,2373315,2024-02-27,2912406,,Closed,Urgent,Repair,Electrical Repairs,Brandon Davis,USPS,1.0,0-30,Closed,Closed,"Milton, MO|2024-02-26"
"Arlington, ID",2024-02-27,2024-04-09,2024-05-03,2024-05-07,2374193,2024-06-14,2913258,,Closed,Urgent,Repair,Structural,Sarah Williams,USPS,108.0,90+,Closed,Closed,"Arlington, ID|2024-02-27"
"Arlington, ID",2024-02-27,2024-04-09,2024-05-28,,2374212,2024-06-14,2913298,,Closed,Urgent,Repair,Paving (Repair),Sarah Williams,USPS,108.0,90+,Closed,Closed,"Arlington, ID|2024-02-27"
"Burlington, MN",2024-02-27,2024-04-19,2024-12-18,,,2025-01-08,,180.0,Closed,Normal,Repair,HVAC PM,Ashley Thompson,Internal,316.0,90+,Closed,Closed,"Burlington, MN|2024-02-27"
"Danville, ME",2024-02-27,2024-09-17,2024-11-05,2024-11-06,2371637,2024-11-22,2910696,13126.7,Closed,Urgent,Repair,Flooring,Mike Johnson,USPS,269.0,90+,Closed,Closed,"Danville, ME|2024-02-27"
"Dayton, NE",2024-02-27,2024-03-18,2024-03-22,2024-04-08,2373590,2024-05-01,2912764,,Closed,Urgent,Repair,Roof Repair,Sarah Williams,USPS,64.0,61-90,Closed,Closed,"Dayton, NE|2024-02-27"
"Dover, NY",2024-02-27,2024-03-08,2024-03-18,2024-04-09,2373587,2024-04-09,2912719,,Closed,Urgent,Repair,Roof Repair,Brandon Davis,USPS,42.0,31-60,Closed,Closed,"Dover, NY|2024-02-27"
"Gainesville, MN",2024-02-27,2024-08-27,2024-08-28,2024-09-03,2374011,2024-10-03,2913129,325.0,Closed,Urgent,Repair,Roof Repair,Ashley Thompson,USPS,219.0,90+,Closed,Closed,"Gainesville, MN|2024-02-27"
"Danville, NM",2024-02-28,2024-04-03,2024-11-29,,,2025-02-21,,4400.0,Closed,Normal,Repair,HVAC PM,Ashley Thompson,Internal,359.0,90+,Closed,Closed,"Danville, NM|2024-02-28"
"Edison, NC",2024-02-28,2024-02-28,2024-04-02,,,2025-01-24,,696.0,Closed,Normal,Repair,HVAC PM,Ashley Thompson,Internal,331.0,90+,Closed,Closed,"Edison, NC|2024-02-28"
"Florence, OK",2024-02-28,2024-05-07,2024-09-03,2024-10-01,,2025-03-03,,320.0,Dispute,Normal,Repair,HVAC PM,Ashley Thompson,Internal,369.0,90+,Risk,Open,"Florence, OK|2024-02-28"
"Greenville, NM",2024-02-28,2024-08-28,2024-08-30,2024-09-03,2374701,2024-10-25,2913821,4566.0,Closed,Urgent,Repair,Paving (Repair),Ashley Thompson,USPS,240.0,90+,Closed,Closed,"Greenville, NM|2024-02-28"
"Hamilton, OH",2024-02-28,2024-03-28,2024-04-26,,,2024-12-31,,88.5,Closed,Normal,Repair,HVAC PM,Ashley Thompson,Internal,307.0,90+,Closed,Closed,"Hamilton, OH|2024-02-28"
"Jackson, FL",2024-02-28,,,,,,,,Closed,Normal,Repair,HVAC PM,Ashley Thompson,Internal,784.0,90+,Closed,Closed,"Jackson, FL|2024-02-28"
"Lexington, WV",2024-02-28,2024-05-22,2024-05-23,,,2025-02-27,,80.0,Closed,Normal,Repair,HVAC PM,Ashley Thompson,Internal,365.0,90+,Closed,Closed,"Lexington, WV|2024-02-28"
"Lexington, WV",2024-02-28,,,,,,,,Closed,Normal,Repair,HVAC PM,Ashley Thompson,Internal,784.0,90+,Closed,Closed,"Lexington, WV|2024-02-28"
"Troy, NC",2024-02-28,2024-02-28,2024-10-23,,,2025-01-24,,,Closed,Normal,Repair,Landscaping,Ashley Thompson,Internal,331.0,90+,Closed,Closed,"Troy, NC|2024-02-28"
"Edison, CT",2024-03-01,2024-03-01,2024-03-01,2024-03-01,2376009,2024-03-04,2915220,0.0,Closed,Urgent,Repair,HVAC Repairs,Mike Johnson,USPS,3.0,0-30,Closed,Closed,"Edison, CT|2024-03-01"
"Edison, CT",2024-03-04,,,,,,,60000.0,Assigned,Normal,Repair,HVAC Repairs,Mike Johnson,Internal,779.0,90+,Not Started,Open,"Edison, CT|2024-03-04"
"Farmington, NM",2024-03-04,2024-04-22,2024-05-02,2024-05-09,2374718,2024-05-14,2913704,,Closed,Urgent,Repair,Plumbing,Brandon Davis,USPS,71.0,61-90,Closed,Closed,"Farmington, NM|2024-03-04"
"Anderson, MN",2024-03-05,,2024-03-07,2024-03-11,2375060,2024-05-10,2914176,600.0,Closed,Urgent,Repair,Plumbing,Sarah Williams,USPS,66.0,61-90,Closed,Closed,"Anderson, MN|2024-03-05"
"Auburn, HI",2024-03-05,2024-03-07,2024-03-26,2024-03-26,2375015,,2914135,0.0,Closed,Urgent,Repair,Plumbing,Mike Johnson,USPS,778.0,90+,Closed,Closed,"Auburn, HI|2024-03-05"
"Bloomington, AZ",2024-03-05,2024-03-13,2024-03-13,2024-03-28,2375523,2024-05-10,2914809,,Closed,Urgent,Repair,Plumbing,Sarah Williams,USPS,66.0,61-90,Closed,Closed,"Bloomington, AZ|2024-03-05"
"Bloomington, AZ",2024-03-05,2024-03-13,2024-03-13,2024-04-17,2375523,2024-06-19,2914773,,Closed,Urgent,Repair,Plumbing,Sarah Williams,USPS,106.0,90+,Closed,Closed,"Bloomington, AZ|2024-03-05"
"Danville, CO",2024-03-05,2024-06-06,2024-06-11,2024-06-11,2375200,2024-06-24,2914373,1800.0,Closed,Urgent,Repair,Paving (Repair),Sarah Williams,USPS,111.0,90+,Closed,Closed,"Danville, CO|2024-03-05"
"Danville, NM",2024-03-05,2024-04-11,2024-04-11,2024-04-29,2375047,2024-05-10,2914165,,Closed,Urgent,Repair,Electrical Repairs,Brandon Davis,USPS,66.0,61-90,Closed,Closed,"Danville, NM|2024-03-05"
"Dayton, NE",2024-03-05,2024-05-14,2024-07-16,2024-07-16,2375327,2024-08-08,2914460,500.0,Closed,Urgent,Repair,Masonry,Sarah Williams,USPS,156.0,90+,Closed,Closed,"Dayton, NE|2024-03-05"
"Franklin, LA",2024-03-05,2024-05-17,2024-05-29,2024-05-30,2375109,2024-06-12,2914279,,Closed,Urgent,Repair,Doors,Sarah Williams,USPS,99.0,90+,Closed,Closed,"Franklin, LA|2024-03-05"
"Franklin, LA",2024-03-05,2024-05-17,2024-05-29,2024-05-30,2375109,2024-06-12,2914278,,Closed,Urgent,Repair,Doors,Sarah Williams,USPS,99.0,90+,Closed,Closed,"Franklin, LA|2024-03-05"
"Georgetown, ME",2024-03-05,2024-03-20,2024-03-22,2024-03-22,2375164,2024-06-21,2914265,,Closed,Urgent,Repair,HVAC Repairs,Brandon Davis,USPS,108.0,90+,Closed,Closed,"Georgetown, ME|2024-03-05"
"Hudson, MO",2024-03-05,2024-04-17,2024-05-01,2024-05-01,2374962,2024-05-22,2914109,325.0,Closed,Urgent,Repair,Plumbing,Mike Johnson,USPS,78.0,61-90,Closed,Closed,"Hudson, MO|2024-03-05"
"Lexington, CO",2024-03-05,2024-03-05,2024-03-05,2024-03-05,2376696,2024-05-10,2915901,,Closed,Urgent,Repair,Plumbing,Sarah Williams,USPS,66.0,61-90,Closed,Closed,"Lexington, CO|2024-03-05"
"Lexington, WV",2024-03-05,,2024-03-12,2024-03-12,2375498,2024-03-12,2914600,,Closed,Urgent,Repair,Doors,Brandon Davis,USPS,7.0,0-30,Closed,Closed,"Lexington, WV|2024-03-05"
"Lexington, WV",2024-03-05,2024-03-15,2024-03-25,2024-03-27,2375498,2024-04-01,2914628,556.65,Closed,Urgent,Repair,HVAC Repairs,Ashley Thompson,USPS,27.0,0-30,Closed,Closed,"Lexington, WV|2024-03-05"
"Madison, NE",2024-03-05,2024-03-13,2024-03-18,2024-03-18,2375199,2024-03-27,2914339,,Closed,Urgent,Repair,Roof Repair,Brandon Davis,USPS,22.0,0-30,Closed,Closed,"Madison, NE|2024-03-05"
"Norwood, ID",2024-03-05,2024-07-18,2024-07-19,2024-07-19,2375010,2024-10-24,2914104,,Closed,Urgent,Repair,Roof Repair,Brandon Davis,USPS,233.0,90+,Closed,Closed,"Norwood, ID|2024-03-05"
"Troy, AR",2024-03-05,2024-05-28,2024-06-05,,,2024-06-27,,1370.0,Closed,Urgent,Repair,Plumbing,Mike Johnson,Internal,114.0,90+,Closed,Closed,"Troy, AR|2024-03-05"
"Arlington, WV",2024-03-06,,2024-03-12,2024-03-18,2376854,2024-03-18,2916068,,Closed,Urgent,Repair,HVAC Repairs,Brandon Davis,USPS,12.0,0-30,Closed,Closed,"Arlington, WV|2024-03-06"
"Auburn, MS",2024-03-06,2024-03-06,,,,2024-07-19,,,Closed,Normal,Repair,Plumbing,Brandon Davis,Internal,135.0,90+,Closed,Closed,"Auburn, MS|2024-03-06"
"Danville, NM",2024-03-06,2023-03-07,2024-03-08,2024-03-15,2377017,2024-03-26,2916267,100.0,Closed,Urgent,Repair,HVAC Repairs,Mike Johnson,USPS,20.0,0-30,Closed,Closed,"Danville, NM|2024-03-06"
"Fairview, MD",2024-03-06,2024-11-18,2025-02-12,2025-02-12,2376686,2025-03-10,2915933,24085.0,Closed,Urgent,Repair,Flooring,Sarah Williams,USPS,369.0,90+,Closed,Closed,"Fairview, MD|2024-03-06"
"Florence, MT",2024-03-06,2024-03-15,2024-03-18,2024-04-01,2375371,2024-04-03,2914458,,Closed,Urgent,Repair,Paving (Repair),Sarah Williams,USPS,28.0,0-30,Closed,Closed,"Florence, MT|2024-03-06"
"Jackson, ID",2024-03-06,,2024-03-11,2024-03-11,2376914,2024-03-11,2916169,,Closed,Urgent,Repair,Flooring,Brandon Davis,USPS,5.0,0-30,Closed,Closed,"Jackson, ID|2024-03-06"
"Lancaster, VA",2024-03-06,2024-03-13,2024-03-13,2024-03-13,2376033,2024-03-26,2915181,,Closed,Urgent,Repair,Electrical Repairs,Brandon Davis,USPS,20.0,0-30,Closed,Closed,"Lancaster, VA|2024-03-06"
"Manchester, NM",2024-03-06,2023-12-26,2024-06-26,,,2024-08-02,,400.0,Closed,Urgent,Repair,HVAC PM,Ashley Thompson,Internal,149.0,90+,Closed,Closed,"Manchester, NM|2024-03-06"
"Oxford, PA",2024-03-06,2024-05-14,2024-05-22,2024-05-23,,2024-06-07,,,Closed,Normal,Repair,Doors,Brandon Davis,Internal,93.0,90+,Closed,Closed,"Oxford, PA|2024-03-06"
"Rockville, KY",2024-03-06,2024-07-09,2024-07-10,2024-07-15,2376355,2024-08-20,2915528,,Closed,Urgent,Repair,Drive Thru,Sarah Williams,USPS,167.0,90+,Closed,Closed,"Rockville, KY|2024-03-06"
"Springfield, TN",2024-03-06,2024-03-19,2024-04-04,2024-04-04,2376243,2024-04-22,2915388,,Closed,Urgent,Repair,Structural,Brandon Davis,USPS,47.0,31-60,Closed,Closed,"Springfield, TN|2024-03-06"
"Winchester, GA",2024-03-06,2024-03-15,2024-03-18,2024-03-18,2376169,2024-03-26,2915364,,Closed,Urgent,Repair,Electrical Repairs,Brandon Davis,USPS,20.0,0-30,Closed,Closed,"Winchester, GA|2024-03-06"
"Winchester, GA",2024-03-06,2024-03-22,2024-03-25,2024-03-25,2376476,2024-04-12,2915735,,Closed,Urgent,Repair,Plumbing,Brandon Davis,USPS,37.0,31-60,Closed,Closed,"Winchester, GA|2024-03-06"
"Ashland, NY",2024-03-08,2024-03-12,2024-03-13,2024-03-28,2377514,2024-04-03,2916748,,Closed,Urgent,Repair,Plumbing,Sarah Williams,USPS,26.0,0-30,Closed,Closed,"Ashland, NY|2024-03-08"
"Ashland, PA",2024-03-08,2024-03-12,2024-03-27,2024-03-27,2377487,2024-06-07,2916760,,Closed,Urgent,Repair,Flooring,Brandon Davis,USPS,91.0,90+,Closed,Closed,"Ashland, PA|2024-03-08"
"Burlington, CO",2024-03-08,2024-05-28,2024-06-03,2024-06-05,2377841,2024-06-11,2917150,1000.0,Closed,Urgent,Repair,Painting,Ashley Thompson,USPS,95.0,90+,Closed,Closed,"Burlington, CO|2024-03-08"
"Dover, VT",2024-03-08,2023-03-08,2024-03-13,2024-03-13,2377515,2024-03-26,2916810,150.0,Closed,Urgent,Repair,Plumbing,Mike Johnson,USPS,18.0,0-30,Closed,Closed,"Dover, VT|2024-03-08"
"Georgetown, PA",2024-03-08,2024-03-11,2024-03-15,2024-03-25,2377312,2024-03-29,2916606,,Closed,Urgent,Repair,Electrical Repairs,Sarah Williams,USPS,21.0,0-30,Closed,Closed,"Georgetown, PA|2024-03-08"
"Lexington, TX",2024-03-08,2024-06-04,2024-06-29,2024-07-02,2376393,2024-07-11,2915536,1000.0,Closed,Urgent,Repair,Roof Repair,Ashley Thompson,USPS,125.0,90+,Closed,Closed,"Lexington, TX|2024-03-08"
"Manchester, KS",2024-03-08,2024-03-28,2024-04-09,2024-04-11,2378636,2024-05-01,2917973,200.0,Closed,Urgent,Repair,Gutters,Sarah Williams,USPS,54.0,31-60,Closed,Closed,"Manchester, KS|2024-03-08"
"Plymouth, SD",2024-03-08,2024-03-18,2024-03-18,,,2024-03-26,,105.0,Closed,Normal,Repair,HVAC Repairs,Ashley Thompson,Internal,18.0,0-30,Closed,Closed,"Plymouth, SD|2024-03-08"
"Columbia, MO",2024-03-11,2024-05-28,2024-06-13,2024-06-19,2377427,2024-06-24,2916718,,Closed,Urgent,Repair,Flooring,Sarah Williams,USPS,105.0,90+,Closed,Closed,"Columbia, MO|2024-03-11"
"Hamilton, PA",2024-03-11,,2024-03-08,,,2024-03-26,,,Closed,Normal,Repair,Landscaping,Sarah Williams,Internal,15.0,0-30,Closed,Closed,"Hamilton, PA|2024-03-11"
"Troy, AR",2024-03-11,2024-03-25,2024-04-18,2024-04-30,,2024-05-10,,200.0,Closed,Normal,Repair,Gutters,Mike Johnson,Internal,60.0,31-60,Closed,Closed,"Troy, AR|2024-03-11"
"Burlington, NH",2024-03-12,2024-03-13,,,,2025-01-24,,248.0,Closed,Normal,Repair,HVAC PM,Ashley Thompson,Internal,318.0,90+,Closed,Closed,"Burlington, NH|2024-03-12"
"Edison, NC",2024-03-12,2024-03-12,2024-04-12,,,2024-05-01,,650.0,Closed,Normal,Repair,Masonry,Mike Johnson,Internal,50.0,31-60,Closed,Closed,"Edison, NC|2024-03-12"
"Jackson, TN",2024-03-12,2024-04-19,2024-04-26,2024-04-30,,2024-05-10,,400.0,Closed,Normal,Repair,Painting,Ashley Thompson,Internal,59.0,31-60,Closed,Closed,"Jackson, TN|2024-03-12"
"Marion, GA",2024-03-12,2024-10-29,2025-02-09,2025-02-12,,2025-02-27,,3300.0,Closed,Normal,Repair,Flooring,Ashley Thompson,Internal,352.0,90+,Closed,Closed,"Marion, GA|2024-03-12"
"Anderson, VA",2024-03-13,2024-04-22,2024-05-09,2024-05-10,2379201,2024-06-12,2918537,12000.0,Closed,Urgent,Repair,HVAC Repairs,Sarah Williams,USPS,91.0,90+,Closed,Closed,"Anderson, VA|2024-03-13"
"Burlington, AR",2024-03-13,2024-03-14,2024-03-14,2024-03-15,2379461,2024-03-26,2918767,75.0,Closed,Urgent,Repair,Roof Repair,Mike Johnson,USPS,13.0,0-30,Closed,Closed,"Burlington, AR|2024-03-13"
"Carrollton, OH",2024-03-13,2024-03-28,2024-03-28,2024-03-28,2379216,2024-04-03,2918595,,Closed,Urgent,Repair,Electrical Repairs,Brandon Davis,USPS,21.0,0-30,Closed,Closed,"Carrollton, OH|2024-03-13"
"Centerville, RI",2024-03-13,2024-12-11,2024-12-12,2024-12-13,,2024-12-17,,830.0,Closed,Normal,Repair,Ceiling Tiles,Ashley Thompson,Internal,279.0,90+,Closed,Closed,"Centerville, RI|2024-03-13"
"Danville, SD",2024-03-13,,2024-03-27,2024-03-27,2379809,2024-04-03,2919189,,Closed,Urgent,Repair,Doors,Brandon Davis,USPS,21.0,0-30,Closed,Closed,"Danville, SD|2024-03-13"
"Gainesville, MT",2024-03-13,2024-05-09,2024-05-28,,,2024-06-05,,135.0,Closed,Urgent,Repair,HVAC PM,Ashley Thompson,Internal,84.0,61-90,Closed,Closed,"Gainesville, MT|2024-03-13"
"Lexington, HI",2024-03-13,,2024-04-03,,2379079,2024-04-12,2918418,,Closed,Urgent,Repair,Roof Repair,Brandon Davis,USPS,30.0,0-30,Closed,Closed,"Lexington, HI|2024-03-13"
"Marion, SC",2024-03-13,2021-04-11,2024-04-16,,,2024-07-11,,282.21,Closed,Urgent,Repair,HVAC PM,Ashley Thompson,Internal,120.0,90+,Closed,Closed,"Marion, SC|2024-03-13"
"Oxford, NH",2024-03-13,2024-04-12,2024-10-11,,,2024-10-24,,,Closed,Urgent,Repair,HVAC PM,Ashley Thompson,Internal,225.0,90+,Closed,Closed,"Oxford, NH|2024-03-13"
"Hamilton, OH",2024-03-14,,,,2380293,,2919670,17000.0,Assigned,Urgent,Repair,Flooring,Brandon Davis,USPS,769.0,90+,Not Started,Open,"Hamilton, OH|2024-03-14"
"Hamilton, OH",2024-03-14,2024-08-14,2024-09-13,2024-09-16,2380436,2024-09-26,2919805,3500.0,Closed,Urgent,Repair,Painting,Ashley Thompson,USPS,196.0,90+,Closed,Closed,"Hamilton, OH|2024-03-14"
"Milton, TN",2024-03-14,2024-03-14,2024-03-19,2024-03-25,2380235,2024-03-29,2919611,225.0,Closed,Urgent,Repair,Paving (Repair),Sarah Williams,USPS,15.0,0-30,Closed,Closed,"Milton, TN|2024-03-14"
"Norwood, GA",2024-03-14,2024-03-18,2024-03-18,2024-06-27,2380718,2024-07-31,2920139,,Closed,Emergency,Repair,Roof Repair,Sarah Williams,USPS,139.0,90+,Closed,Closed,"Norwood, GA|2024-03-14"
"Burlington, AL",2024-03-15,,,,,,,,Closed,Urgent,Repair,HVAC PM,Ashley Thompson,Internal,768.0,90+,Closed,Closed,"Burlington, AL|2024-03-15"
"Clayton, AK",2024-03-15,2024-04-15,2024-04-16,2024-04-17,2380348,2024-05-01,2919700,,Closed,Urgent,Repair,Gutters,Sarah Williams,USPS,47.0,31-60,Closed,Closed,"Clayton, AK|2024-03-15"
"Columbia, HI",2024-03-15,,,,,2024-10-29,,,Closed,Normal,Repair,Ceiling Tiles,Ashley Thompson,Internal,228.0,90+,Closed,Closed,"Columbia, HI|2024-03-15"
"Fairview, AL",2024-03-15,2024-04-12,2024-09-29,,,2024-10-03,,,Closed,Urgent,Repair,HVAC PM,Ashley Thompson,Internal,202.0,90+,Closed,Closed,"Fairview, AL|2024-03-15"
"Franklin, DE",2024-03-15,,,,,,,,Closed,Urgent,Repair,HVAC PM,Ashley Thompson,Internal,768.0,90+,Closed,Closed,"Franklin, DE|2024-03-15"
"Hamilton, ND",2024-03-15,,2024-03-20,2024-03-28,2380648,2024-03-28,2920114,,Closed,Urgent,Repair,HVAC Repairs,Brandon Davis,USPS,13.0,0-30,Closed,Closed,"Hamilton, ND|2024-03-15"
"Hamilton, ND",2024-03-15,2024-03-20,2024-06-20,2024-06-21,2381176,2024-08-08,2920594,,Closed,Urgent,Repair,Doors,Brandon Davis,USPS,146.0,90+,Closed,Closed,"Hamilton, ND|2024-03-15"
"Lancaster, VA",2024-03-15,2024-06-17,2024-06-19,2024-06-21,2380282,2024-09-03,2919709,,Closed,Urgent,Repair,Roof Repair,Brandon Davis,USPS,172.0,90+,Closed,Closed,"Lancaster, VA|2024-03-15"
"Lexington, WV",2024-03-15,2024-04-11,2024-05-06,2024-05-23,2379982,2024-06-07,2919392,,Closed,Urgent,Repair,Plumbing,Brandon Davis,USPS,84.0,61-90,Closed,Closed,"Lexington, WV|2024-03-15"
"Mount Vernon, NY",2024-03-15,,2024-03-27,2024-03-27,2380141,2024-03-27,2919534,,Closed,Urgent,Repair,Roof Repair,Brandon Davis,USPS,12.0,0-30,Closed,Closed,"Mount Vernon, NY|2024-03-15"
"Winchester, NM",2024-03-15,,,2024-05-02,2333423,2024-05-02,2870733,0.0,Closed,Urgent,Repair,Electrical Repairs,Mike Johnson,USPS,48.0,31-60,Closed,Closed,"Winchester, NM|2024-03-15"
"Dayton, GA",2024-03-16,,2024-05-20,2024-05-20,2380900,2024-05-20,2920242,,Closed,Urgent,Repair,Roof Repair,Brandon Davis,USPS,65.0,61-90,Closed,Closed,"Dayton, GA|2024-03-16"
"Dayton, GA",2024-03-16,2024-06-13,2024-06-20,2024-06-21,2380900,2024-06-27,2920333,248.98,Closed,Urgent,Repair,Ceiling Tiles,Ashley Thompson,USPS,103.0,90+,Closed,Closed,"Dayton, GA|2024-03-16"
"Edison, OH",2024-03-16,2024-05-23,2024-08-15,2024-08-15,2380391,2025-06-10,2919724,,Closed,Urgent,Repair,Roof Repair,Brandon Davis,USPS,451.0,90+,Closed,Closed,"Edison, OH|2024-03-16"
"Greenville, DE",2024-03-16,2024-05-10,2024-06-27,2024-06-24,2380863,2025-09-03,2920263,7800.0,Closed,Urgent,Repair,Roof Replacement - Flat,Sarah Williams,USPS,536.0,90+,Closed,Closed,"Greenville, DE|2024-03-16"
"Arlington, UT",2024-03-18,,,,,,,,Closed,Normal,Repair,HVAC PM,Ashley Thompson,Internal,765.0,90+,Closed,Closed,"Arlington, UT|2024-03-18"
"Bristol, LA",2024-03-18,2024-03-21,2024-05-23,,,2024-08-02,,1408.0,Closed,Normal,Repair,HVAC PM,Ashley Thompson,Internal,137.0,90+,Closed,Closed,"Bristol, LA|2024-03-18"
"Canton, WY",2024-03-18,2024-08-07,2024-08-13,2024-08-15,2381324,2024-08-29,2920745,120.0,Closed,Urgent,Repair,Electrical Repairs,Mike Johnson,USPS,164.0,90+,Closed,Closed,"Canton, WY|2024-03-18"
"Canton, WY",2024-03-18,2024-06-28,2024-08-09,2024-08-16,2381324,2025-03-09,2920744,3920.0,Closed,Urgent,Repair,Roof Replacement - Flat,Ashley Thompson,USPS,356.0,90+,Closed,Closed,"Canton, WY|2024-03-18"
"Carrollton, OH",2024-03-18,2024-03-20,2024-04-06,,,,,135.31,Closed,Normal,Repair,HVAC PM,Ashley Thompson,Internal,765.0,90+,Closed,Closed,"Carrollton, OH|2024-03-18"
"Centerville, MS",2024-03-18,2024-03-18,2024-03-27,,,2025-03-03,,750.0,Closed,Normal,Repair,HVAC PM,Ashley Thompson,Internal,350.0,90+,Closed,Closed,"Centerville, MS|2024-03-18"
"Cleveland, OR",2024-03-18,2024-05-07,2024-06-20,,,2024-09-06,,975.0,Closed,Urgent,Repair,HVAC PM,Ashley Thompson,Internal,172.0,90+,Closed,Closed,"Cleveland, OR|2024-03-18"
"Danville, OH",2024-03-18,2024-05-06,2024-06-04,2024-06-04,2381257,2024-06-11,2920647,,Closed,Urgent,Repair,HVAC Repairs,Brandon Davis,USPS,85.0,61-90,Closed,Closed,"Danville, OH|2024-03-18"
"Dover, AK",2024-03-18,,,,,2024-08-13,,,Closed,Normal,Repair,HVAC PM,Ashley Thompson,Internal,148.0,90+,Closed,Closed,"Dover, AK|2024-03-18"
"Edison, CT",2024-03-18,,,,,,,,Closed,Normal,Repair,HVAC PM,Ashley Thompson,Internal,765.0,90+,Closed,Closed,"Edison, CT|2024-03-18"
"Franklin, LA",2024-03-18,2024-03-21,2024-05-16,,,2024-06-11,,907.0,Closed,Normal,Repair,HVAC PM,Ashley Thompson,Internal,85.0,61-90,Closed,Closed,"Franklin, LA|2024-03-18"
"Greenville, NM",2024-03-18,2024-04-09,,,,2025-03-03,,1113.0,Closed,Normal,Repair,HVAC PM,Ashley Thompson,Internal,350.0,90+,Closed,Closed,"Greenville, NM|2024-03-18"
"Hudson, MO",2024-03-18,,,,,,,,Closed,Normal,Repair,HVAC PM,Ashley Thompson,Internal,765.0,90+,Closed,Closed,"Hudson, MO|2024-03-18"
"Hudson, MO",2024-03-18,2024-03-25,2024-03-27,2024-05-02,2381203,2024-05-02,2920656,,Closed,Urgent,Repair,Roof Repair,Sarah Williams,USPS,45.0,31-60,Closed,Closed,"Hudson, MO|2024-03-18"
"Kingston, UT",2024-03-18,2024-03-18,2024-10-14,,,2024-10-24,,260.0,Closed,Normal,Repair,HVAC PM,Ashley Thompson,Internal,220.0,90+,Closed,Closed,"Kingston, UT|2024-03-18"
"Lexington, TX",2024-03-18,2024-04-11,2024-10-04,,,2024-10-16,,989.0,Closed,Normal,Repair,HVAC PM,Ashley Thompson,Internal,212.0,90+,Closed,Closed,"Lexington, TX|2024-03-18"
"Mount Vernon, MA",2024-03-18,2024-03-19,2024-04-11,,,2024-05-29,,2240.0,Closed,Urgent,Repair,HVAC PM,Ashley Thompson,Internal,72.0,61-90,Closed,Closed,"Mount Vernon, MA|2024-03-18"
"Rockville, NY",2024-03-18,2024-05-23,2024-06-03,,,2024-10-17,,1173.0,Closed,Urgent,Repair,HVAC PM,Ashley Thompson,Internal,213.0,90+,Closed,Closed,"Rockville, NY|2024-03-18"
"Springfield, TN",2024-03-18,2024-03-21,2024-04-24,,,2024-12-12,,626.67,Closed,Normal,Repair,HVAC PM,Ashley Thompson,Internal,269.0,90+,Closed,Closed,"Springfield, TN|2024-03-18"
"Bloomington, AZ",2024-03-19,2024-05-09,2024-05-31,,,2024-06-03,,250.0,Closed,Normal,Repair,HVAC PM,Ashley Thompson,Internal,76.0,61-90,Closed,Closed,"Bloomington, AZ|2024-03-19"
"Canton, NV",2024-03-19,,,,,,,,Closed,Normal,Repair,HVAC PM,Ashley Thompson,Internal,764.0,90+,Closed,Closed,"Canton, NV|2024-03-19"
"Clayton, SD",2024-03-19,,,,,,,,Closed,Normal,Repair,HVAC PM,Ashley Thompson,Internal,764.0,90+,Closed,Closed,"Clayton, SD|2024-03-19"
"Farmington, CA",2024-03-19,2024-03-29,2024-04-29,,,2025-02-27,,150.0,Closed,Normal,Repair,HVAC PM,Ashley Thompson,Internal,345.0,90+,Closed,Closed,"Farmington, CA|2024-03-19"
"Newport, ME",2024-03-19,2024-03-21,2024-12-09,,,2025-01-08,,229.44,Closed,Normal,Repair,HVAC PM,Ashley Thompson,Internal,295.0,90+,Closed,Closed,"Newport, ME|2024-03-19"
"Greenville, IL",2024-03-20,2024-05-13,2024-05-13,2024-05-15,2382380,2024-06-11,2921887,180.0,Closed,Urgent,Repair,Painting,Ashley Thompson,USPS,83.0,61-90,Closed,Closed,"Greenville, IL|2024-03-20"
"Ashland, AZ",2024-03-21,2024-03-21,2024-03-22,2024-03-22,2383404,2024-03-29,2922978,,Closed,Urgent,Repair,HVAC Repairs,Brandon Davis,USPS,8.0,0-30,Closed,Closed,"Ashland, AZ|2024-03-21"
"Auburn, MS",2024-03-21,,,,,2024-07-19,,,Closed,Normal,Repair,Plumbing,Brandon Davis,Internal,120.0,90+,Closed,Closed,"Auburn, MS|2024-03-21"
"Danville, NM",2024-03-21,,,,,2024-12-13,,200.0,Closed,Normal,Repair,Misc. Repairs,Ashley Thompson,Internal,267.0,90+,Closed,Closed,"Danville, NM|2024-03-21"
"Dover, KS",2024-03-21,,,,,2024-05-08,,,Closed,Normal,Repair,Plumbing,Ashley Thompson,Internal,48.0,31-60,Closed,Closed,"Dover, KS|2024-03-21"
"Franklin, WA",2024-03-21,2024-07-08,2024-07-12,,,2024-08-08,,800.0,Closed,Normal,Repair,Plumbing,Ashley Thompson,Internal,140.0,90+,Closed,Closed,"Franklin, WA|2024-03-21"
"Greenville, IL",2024-03-21,2024-04-15,2024-05-08,,,2025-02-27,,2392.0,Closed,Normal,Repair,HVAC PM,Ashley Thompson,Internal,343.0,90+,Closed,Closed,"Greenville, IL|2024-03-21"
"Arlington, IN",2024-03-22,2024-03-25,2024-03-27,2024-04-10,2381981,2024-04-12,2921455,300.0,Closed,Urgent,Repair,Roof Repair,Mike Johnson,USPS,21.0,0-30,Closed,Closed,"Arlington, IN|2024-03-22"
"Bloomington, WY",2024-03-22,2024-03-25,2024-03-25,2024-05-03,2382135,2024-05-06,2921631,297.44,Closed,Urgent,Repair,HVAC Repairs,Mike Johnson,USPS,45.0,31-60,Closed,Closed,"Bloomington, WY|2024-03-22"
"Bristol, LA",2024-03-22,2024-07-18,,2024-08-22,2374956,2024-08-22,2914063,4428.0,Closed,Urgent,Repair,Paving (Repair),Mike Johnson,USPS,153.0,90+,Closed,Closed,"Bristol, LA|2024-03-22"
"Burlington, NH",2024-03-22,,2024-04-03,2024-04-03,2381655,2024-04-03,2921132,,Closed,Urgent,Repair,Electrical Repairs,Brandon Davis,USPS,12.0,0-30,Closed,Closed,"Burlington, NH|2024-03-22"
"Clinton, OK",2024-03-22,2024-04-17,2024-04-24,2024-05-15,2381879,2024-05-22,2921353,850.0,Closed,Urgent,Repair,Roof Repair,Sarah Williams,USPS,61.0,61-90,Closed,Closed,"Clinton, OK|2024-03-22"
"Florence, MT",2024-03-22,2024-07-26,2024-09-22,2024-09-23,2383643,2024-10-15,2923253,,Closed,Urgent,Repair,Flooring,Sarah Williams,USPS,207.0,90+,Closed,Closed,"Florence, MT|2024-03-22"
"Franklin, GA",2024-03-22,2024-04-24,2024-04-01,2024-04-01,2381434,2024-04-03,2920884,,Closed,Urgent,Repair,Plumbing,Brandon Davis,USPS,12.0,0-30,Closed,Closed,"Franklin, GA|2024-03-22"
"Marion, SC",2024-03-22,2024-04-01,2024-04-02,2024-05-02,2381711,2024-05-28,2921176,,Closed,Urgent,Repair,Plumbing,Brandon Davis,USPS,67.0,61-90,Closed,Closed,"Marion, SC|2024-03-22"
"Oakland, DE",2024-03-22,2024-03-25,2024-04-09,2024-06-10,2381420,2024-06-12,2920859,,Closed,Urgent,Repair,Roof Repair,Sarah Williams,USPS,82.0,61-90,Closed,Closed,"Oakland, DE|2024-03-22"
"Oxford, NH",2024-03-22,2024-05-06,2024-05-09,2024-05-09,2381582,2024-06-11,2921057,,Closed,Urgent,Repair,Plumbing,Brandon Davis,USPS,81.0,61-90,Closed,Closed,"Oxford, NH|2024-03-22"
"Rockville, NY",2024-03-22,,2024-05-23,2024-07-08,2382884,2024-10-09,2922449,500.0,Closed,Urgent,Repair,Paving (Repair),Sarah Williams,USPS,201.0,90+,Closed,Closed,"Rockville, NY|2024-03-22"
"Rockville, NY",2024-03-22,2024-07-09,2024-07-19,2024-07-30,2383421,2024-08-23,2923013,,Closed,Urgent,Repair,Gutters,Sarah Williams,USPS,154.0,90+,Closed,Closed,"Rockville, NY|2024-03-22"
"Rockville, NY",2024-03-22,2024-05-13,2024-06-06,2024-06-10,2383421,2025-04-30,2922966,10500.0,Closed,Urgent,Repair,Roof Replacement - Flat,Sarah Williams,USPS,404.0,90+,Closed,Closed,"Rockville, NY|2024-03-22"
"Troy, ME",2024-03-22,2024-05-07,2024-06-03,2024-06-06,2382056,2024-06-14,2921468,,Closed,Urgent,Repair,Roof Repair,Sarah Williams,USPS,84.0,61-90,Closed,Closed,"Troy, ME|2024-03-22"
"Canton, DE",2024-03-26,,2024-12-27,,,2025-01-24,,,Closed,Normal,Repair,HVAC Filters,Ashley Thompson,Internal,304.0,90+,Closed,Closed,"Canton, DE|2024-03-26"
"Carrollton, AR",2024-03-26,,2024-01-09,,,,,3965.76,Closed,Normal,Repair,Flooring,Ashley Thompson,Internal,757.0,90+,Closed,Closed,"Carrollton, AR|2024-03-26"
"Cleveland, MO",2024-03-26,2024-03-26,2024-10-29,,,2025-03-03,,,Closed,Normal,Repair,Landscaping,Ashley Thompson,Internal,342.0,90+,Closed,Closed,"Cleveland, MO|2024-03-26"
"Danville, ME",2024-03-26,,,,,2024-06-14,,,Closed,Normal,Repair,Plumbing,Ashley Thompson,Internal,80.0,61-90,Closed,Closed,"Danville, ME|2024-03-26"
"Danville, NM",2024-03-26,2024-03-20,2024-03-26,,,2024-10-02,,,Closed,Normal,Repair,Environmental Repairs,Brandon Davis,Internal,190.0,90+,Closed,Closed,"Danville, NM|2024-03-26"
"Danville, NM",2024-03-26,2024-08-23,2024-09-23,,,2024-11-22,,60000.0,Closed,Normal,Repair,Environmental Repairs,Mike Johnson,Internal,241.0,90+,Closed,Closed,"Danville, NM|2024-03-26"
"Newport, AL",2024-03-26,,,,,2024-05-06,,,Closed,Normal,Repair,Plumbing,Ashley Thompson,Internal,41.0,31-60,Closed,Closed,"Newport, AL|2024-03-26"
"Centerville, RI",2024-03-27,2024-10-01,2024-10-10,,,2025-12-31,,85.0,Closed,Normal,Repair,HVAC PM,Ashley Thompson,Internal,644.0,90+,Closed,Closed,"Centerville, RI|2024-03-27"
"Albany, NJ",2024-03-28,2024-03-28,2024-06-10,2024-06-11,2384115,2024-12-31,2923718,90.0,Closed,Urgent,Repair,HVAC Repairs,Ashley Thompson,USPS,278.0,90+,Closed,Closed,"Albany, NJ|2024-03-28"
"Albany, NJ",2024-03-28,2024-07-11,2024-07-23,2024-07-25,2384115,2024-08-02,2923792,,Closed,Urgent,Repair,Roof Repair,Brandon Davis,USPS,127.0,90+,Closed,Closed,"Albany, NJ|2024-03-28"
"Albany, NJ",2024-03-28,2024-07-11,2024-07-23,2024-07-25,2384115,2024-07-25,2923791,,Closed,Urgent,Repair,Concrete,Brandon Davis,USPS,119.0,90+,Closed,Closed,"Albany, NJ|2024-03-28"
"Albany, NJ",2024-03-28,2025-04-28,2025-05-08,2025-05-12,2384115,2025-06-12,2923717,2200.0,Closed,Urgent,Repair,Painting,Sarah Williams,USPS,441.0,90+,Closed,Closed,"Albany, NJ|2024-03-28"
"Burlington, AR",2024-03-28,2024-04-03,2024-04-04,2024-04-10,2384040,2024-04-12,2923639,340.2,Closed,Urgent,Repair,Roof Repair,Mike Johnson,USPS,15.0,0-30,Closed,Closed,"Burlington, AR|2024-03-28"
"Burlington, NH",2024-03-28,2024-04-29,2024-05-02,,2384526,2024-05-22,2924193,,Closed,Urgent,Repair,Electrical Repairs,Brandon Davis,USPS,55.0,31-60,Closed,Closed,"Burlington, NH|2024-03-28"
"Carrollton, DE",2024-03-28,2024-04-22,2024-05-06,2024-05-08,2384712,2024-05-14,2924338,210.0,Closed,Urgent,Repair,Ceiling Tiles,Sarah Williams,USPS,47.0,31-60,Closed,Closed,"Carrollton, DE|2024-03-28"
"Clayton, AK",2024-03-28,,2024-04-23,2024-05-09,2384010,2024-05-09,2923661,,Closed,Urgent,Repair,Plumbing,Brandon Davis,USPS,42.0,31-60,Closed,Closed,"Clayton, AK|2024-03-28"
"Columbia, DE",2024-03-28,2024-06-18,2024-07-03,,2384665,2024-08-08,2924337,700.0,Closed,Urgent,Repair,Ceiling Tiles,Ashley Thompson,USPS,133.0,90+,Closed,Closed,"Columbia, DE|2024-03-28"
"Farmington, NM",2024-03-28,,2024-06-05,2024-06-05,2383768,2024-06-05,2923385,,Closed,Urgent,Repair,Painting,Brandon Davis,USPS,69.0,61-90,Closed,Closed,"Farmington, NM|2024-03-28"
"Hamilton, AZ",2024-03-28,2024-04-25,2024-05-06,2024-05-08,2383938,2024-05-22,2923549,4011.1,Closed,Urgent,Repair,HVAC Repairs,Mike Johnson,USPS,55.0,31-60,Closed,Closed,"Hamilton, AZ|2024-03-28"
"Mount Vernon, AL",2024-03-28,2024-01-23,2024-03-25,,,2024-12-31,,75.0,Closed,Normal,Repair,Landscaping,Ashley Thompson,Internal,278.0,90+,Closed,Closed,"Mount Vernon, AL|2024-03-28"
"Mount Vernon, MA",2024-03-28,2024-06-14,2024-06-26,2024-06-26,2383620,2024-07-19,2923233,1240.0,Closed,Urgent,Repair,Paving (Repair),Mike Johnson,USPS,113.0,90+,Closed,Closed,"Mount Vernon, MA|2024-03-28"
"Rockville, NY",2024-03-28,2024-07-09,2024-07-19,2024-07-30,2384120,2024-08-23,2923806,,Closed,Urgent,Repair,Ceiling Tiles,Sarah Williams,USPS,148.0,90+,Closed,Closed,"Rockville, NY|2024-03-28"
"Rockville, NY",2024-03-28,2024-07-09,2024-07-25,2024-07-30,2384120,2024-08-23,2923725,,Closed,Urgent,Repair,Painting,Sarah Williams,USPS,148.0,90+,Closed,Closed,"Rockville, NY|2024-03-28"
"Rockville, NY",2024-03-28,2024-06-19,2024-06-20,2024-07-10,2384191,2024-07-19,2923807,,Closed,Urgent,Repair,Roof Repair,Sarah Williams,USPS,113.0,90+,Closed,Closed,"Rockville, NY|2024-03-28"
"Salem, SC",2024-03-28,2024-06-19,2024-06-26,2024-06-26,,2024-07-11,,,Closed,Normal,Repair,Building Repairs,Brandon Davis,Internal,105.0,90+,Closed,Closed,"Salem, SC|2024-03-28"
"Salem, SC",2024-03-28,,2024-03-28,2024-03-28,2384654,2024-03-28,2924202,,Closed,Urgent,Repair,Plumbing,Brandon Davis,USPS,0.0,0-30,Closed,Closed,"Salem, SC|2024-03-28"
"Bloomington, AZ",2024-03-29,2024-04-01,2024-04-03,2024-04-22,2385230,2024-04-22,2924954,0.0,Closed,Urgent,Repair,Dock Lift,Mike Johnson,USPS,24.0,0-30,Closed,Closed,"Bloomington, AZ|2024-03-29"
"Manchester, KY",2024-03-29,,,,2386142,,2925808,,Contracted,Urgent,Repair,Roof Repair,Sarah Williams,USPS,754.0,90+,In Progress,Open,"Manchester, KY|2024-03-29"
"Milton, TN",2024-03-29,2024-09-13,2024-11-20,,,2025-05-12,,1250.0,Closed,Normal,Repair,Paving (Repair),Sarah Williams,Internal,409.0,90+,Closed,Closed,"Milton, TN|2024-03-29"
"Oxford, LA",2024-03-29,2024-03-29,2024-04-03,,,,,,Closed,Normal,Repair,HVAC Repairs,Ashley Thompson,Internal,754.0,90+,Closed,Closed,"Oxford, LA|2024-03-29"
"Georgetown, ME",2024-04-01,2024-06-03,2024-06-18,,,2024-07-11,,700.0,Closed,Normal,Repair,HVAC PM,Ashley Thompson,Internal,101.0,90+,Closed,Closed,"Georgetown, ME|2024-04-01"
"Hamilton, KY",2024-04-01,,,,,,,,Closed,Urgent,Repair,Roof Repair,Ashley Thompson,Internal,751.0,90+,Closed,Closed,"Hamilton, KY|2024-04-01"
"Madison, MS",2024-04-01,2025-02-10,2025-02-11,,,2025-02-27,,110.0,Closed,Normal,Repair,HVAC PM,Ashley Thompson,Internal,332.0,90+,Closed,Closed,"Madison, MS|2024-04-01"
"Ashland, NY",2024-04-02,2024-06-07,2024-07-09,2024-07-09,2386901,2024-08-02,2926681,750.0,Closed,Urgent,Repair,Paving (Repair),Sarah Williams,USPS,122.0,90+,Closed,Closed,"Ashland, NY|2024-04-02"
"Mount Vernon, AR",2024-04-02,2024-04-02,2024-04-03,2024-04-03,2386768,2024-04-03,2926612,0.0,Closed,Urgent,Repair,HVAC Repairs,Mike Johnson,USPS,1.0,0-30,Closed,Closed,"Mount Vernon, AR|2024-04-02"
"Oxford, NH",2024-04-02,2024-06-27,2024-07-10,2024-07-16,2386641,2024-08-02,2926388,,Closed,Urgent,Repair,Concrete,Sarah Williams,USPS,122.0,90+,Closed,Closed,"Oxford, NH|2024-04-02"
"Oxford, NH",2024-04-02,2024-06-26,2024-07-11,2024-07-12,2386641,2024-07-19,2926387,,Closed,Urgent,Repair,Ceiling Tiles,Brandon Davis,USPS,108.0,90+,Closed,Closed,"Oxford, NH|2024-04-02"
"Oxford, NH",2024-04-02,2024-04-02,2024-04-03,2024-04-04,2386641,2024-04-12,2926385,,Closed,Urgent,Repair,Electrical Repairs,Brandon Davis,USPS,10.0,0-30,Closed,Closed,"Oxford, NH|2024-04-02"
"Oxford, NH",2024-04-02,2024-06-06,2024-07-09,2024-07-17,2386641,2024-11-07,2926384,2000.0,Closed,Urgent,Repair,Doors,Sarah Williams,USPS,219.0,90+,Closed,Closed,"Oxford, NH|2024-04-02"
"Springfield, CT",2024-04-03,2024-04-03,2024-04-03,2024-04-03,2387847,2024-04-04,2927670,0.0,Closed,Emergency,Repair,Drive Thru,Mike Johnson,USPS,1.0,0-30,Closed,Closed,"Springfield, CT|2024-04-03"
"Springfield, CT",2024-04-03,,,,,2024-10-10,,,Closed,Urgent,Repair,Drive Thru,Mike Johnson,Internal,190.0,90+,Closed,Closed,"Springfield, CT|2024-04-03"
"Winchester, NM",2024-04-03,2024-09-09,2025-01-04,2025-01-08,2387069,2025-01-15,2926904,700.0,Closed,Urgent,Repair,Ceiling Tiles,Ashley Thompson,USPS,287.0,90+,Closed,Closed,"Winchester, NM|2024-04-03"
"Anderson, MN",2024-04-04,2024-05-15,2024-10-07,2025-01-31,,2025-01-02,,4000.0,Closed,Urgent,Repair,HVAC Repairs,Mike Johnson,Internal,273.0,90+,Closed,Closed,"Anderson, MN|2024-04-04"
"Auburn, TN",2024-04-04,,2024-04-04,,,2024-04-12,,785.0,Closed,Urgent,Repair,HVAC PM,Ashley Thompson,Internal,8.0,0-30,Closed,Closed,"Auburn, TN|2024-04-04"
"Hudson, OR",2024-04-04,2024-09-12,2024-10-21,2024-10-22,2387928,2024-11-04,2927750,1800.0,Closed,Urgent,Repair,Drive Thru,Ashley Thompson,USPS,214.0,90+,Closed,Closed,"Hudson, OR|2024-04-04"
"Norwood, MD",2024-04-04,2024-06-26,2024-07-09,2024-07-11,2388017,2024-07-19,2927819,464.0,Closed,Urgent,Repair,Ceiling Tiles,Ashley Thompson,USPS,106.0,90+,Closed,Closed,"Norwood, MD|2024-04-04"
"Ashland, AZ",2024-04-05,2024-10-29,2024-12-02,2024-12-03,2388398,2025-06-10,2928218,,Closed,Urgent,Repair,Gutters,Brandon Davis,USPS,431.0,90+,Closed,Closed,"Ashland, AZ|2024-04-05"
"Ashland, AZ",2024-04-05,,2024-06-07,2024-06-07,2388366,2024-06-07,2928204,,Closed,Urgent,Repair,Roof Repair,Brandon Davis,USPS,63.0,61-90,Closed,Closed,"Ashland, AZ|2024-04-05"
"Ashland, AZ",2024-04-05,2024-07-31,2024-09-18,2024-09-18,2387714,2024-11-11,2927522,,Closed,Urgent,Repair,Paving (Repair),Brandon Davis,USPS,220.0,90+,Closed,Closed,"Ashland, AZ|2024-04-05"
"Ashland, AZ",2024-04-05,,2024-04-09,2024-04-09,2388368,2024-04-09,2928207,,Closed,Urgent,Repair,Flooring,Brandon Davis,USPS,4.0,0-30,Closed,Closed,"Ashland, AZ|2024-04-05"
"Ashland, AZ",2024-04-05,,2024-04-09,2024-04-09,2388441,2024-04-09,2928286,,Closed,Urgent,Repair,Flooring,Brandon Davis,USPS,4.0,0-30,Closed,Closed,"Ashland, AZ|2024-04-05"
"Fairview, AL",2024-04-05,2024-05-01,2024-05-09,2024-05-14,2387965,2024-05-22,2927870,350.0,Closed,Urgent,Repair,Plumbing,Sarah Williams,USPS,47.0,31-60,Closed,Closed,"Fairview, AL|2024-04-05"
"Franklin, LA",2024-04-05,,2024-06-10,2024-06-10,2375109,2024-06-10,2914274,,Closed,Urgent,Repair,Fencing,Brandon Davis,USPS,66.0,61-90,Closed,Closed,"Franklin, LA|2024-04-05"
"Gainesville, AK",2024-04-05,2024-04-25,2024-05-16,2024-05-17,2387966,2024-05-22,2927871,1700.0,Closed,Urgent,Repair,Paving (Repair),Mike Johnson,USPS,47.0,31-60,Closed,Closed,"Gainesville, AK|2024-04-05"
"Hamilton, ND",2024-04-05,2024-08-22,2024-08-30,2024-09-04,2388484,2024-10-01,2928352,600.0,Closed,Urgent,Repair,Concrete,Sarah Williams,USPS,179.0,90+,Closed,Closed,"Hamilton, ND|2024-04-05"
"Jackson, LA",2024-04-05,,,,,,,,Closed,Normal,Repair,HVAC PM,Ashley Thompson,Internal,747.0,90+,Closed,Closed,"Jackson, LA|2024-04-05"
"Lexington, WV",2024-04-05,2024-07-31,2024-08-12,2024-08-13,2388352,2024-08-13,2928189,,Closed,Urgent,Repair,Doors,Brandon Davis,USPS,130.0,90+,Closed,Closed,"Lexington, WV|2024-04-05"
"Bloomington, MS",2024-04-09,2024-05-20,2024-06-18,2024-06-24,2389025,2024-06-27,2928764,,Closed,Urgent,Repair,Doors,Sarah Williams,USPS,79.0,61-90,Closed,Closed,"Bloomington, MS|2024-04-09"
"Carrollton, OH",2024-04-09,2024-04-16,2024-04-22,2024-05-02,2388841,2024-06-11,2928740,,Closed,Urgent,Repair,Electrical Repairs,Brandon Davis,USPS,63.0,61-90,Closed,Closed,"Carrollton, OH|2024-04-09"
"Danville, NM",2024-04-09,2024-04-09,,,,2024-08-22,,,Closed,Urgent,Repair,HVAC Repairs,Mike Johnson,Internal,135.0,90+,Closed,Closed,"Danville, NM|2024-04-09"
"Dover, AK",2024-04-09,2024-05-03,2024-05-30,2024-05-30,,2024-07-15,,,Closed,Normal,Repair,HVAC Repairs,Brandon Davis,Internal,97.0,90+,Closed,Closed,"Dover, AK|2024-04-09"
"Fairview, MD",2024-04-09,2024-05-15,2024-06-05,,,2024-12-30,,200.0,Closed,Urgent,Repair,HVAC PM,Ashley Thompson,Internal,265.0,90+,Closed,Closed,"Fairview, MD|2024-04-09"
"Greenville, IL",2024-04-09,2024-04-09,2024-04-10,2024-04-17,2388759,2024-05-14,2928653,227.5,Closed,Urgent,Repair,HVAC Repairs,Mike Johnson,USPS,35.0,31-60,Closed,Closed,"Greenville, IL|2024-04-09"
"Milton, MO",2024-04-09,2024-05-09,2024-06-14,2024-07-15,2389085,2024-07-19,2928991,,Closed,Urgent,Repair,HVAC Repairs,Brandon Davis,USPS,101.0,90+,Closed,Closed,"Milton, MO|2024-04-09"
"Bristol, OH",2024-04-10,2024-04-15,2024-05-22,,,2024-05-28,,225.0,Closed,Urgent,Repair,HVAC PM,Ashley Thompson,Internal,48.0,31-60,Closed,Closed,"Bristol, OH|2024-04-10"
"Clinton, MO",2024-04-10,2024-06-19,2024-07-24,2024-07-26,2390390,2024-08-02,2930416,3226.05,Closed,Urgent,Repair,Flooring,Mike Johnson,USPS,114.0,90+,Closed,Closed,"Clinton, MO|2024-04-10"
"Greenville, NC",2024-04-10,2024-05-10,2024-06-01,,,2024-06-17,,1150.0,Closed,Normal,Repair,Paving (Repair),Mike Johnson,Internal,68.0,61-90,Closed,Closed,"Greenville, NC|2024-04-10"
"Kingston, NE",2024-04-10,,,,,,,,Closed,Urgent,Repair,Electrical Repairs,Ashley Thompson,Internal,742.0,90+,Closed,Closed,"Kingston, NE|2024-04-10"
"Kingston, OK",2024-04-10,2024-08-21,2024-09-26,2024-09-27,,2024-10-03,,1300.0,Closed,Urgent,Repair,Painting,Ashley Thompson,Internal,176.0,90+,Closed,Closed,"Kingston, OK|2024-04-10"
"Manchester, GA",2024-04-10,2024-01-10,2024-01-17,,,2024-04-12,,160.0,Closed,Urgent,Repair,HVAC Repairs,Ashley Thompson,Internal,2.0,0-30,Closed,Closed,"Manchester, GA|2024-04-10"
"Oakland, OR",2024-04-10,2024-06-13,2024-06-13,2024-06-13,,2024-06-21,,,Closed,Normal,Repair,Plumbing,Brandon Davis,Internal,72.0,61-90,Closed,Closed,"Oakland, OR|2024-04-10"
"Oakland, OR",2024-04-10,,,,,2025-01-02,,,Closed,Normal,Repair,Asbestos Abatement,Mike Johnson,Internal,267.0,90+,Closed,Closed,"Oakland, OR|2024-04-10"
"Riverside, TX",2024-04-10,2025-01-01,2025-03-30,,,2025-04-29,,,Closed,Urgent,Repair,HVAC PM,Ashley Thompson,Internal,384.0,90+,Closed,Closed,"Riverside, TX|2024-04-10"
"Burlington, AR",2024-04-11,2024-04-11,2024-04-11,2024-04-11,2389546,2024-05-16,2929368,95.0,Closed,Urgent,Repair,HVAC Repairs,Mike Johnson,USPS,35.0,31-60,Closed,Closed,"Burlington, AR|2024-04-11"
"Clinton, VT",2024-04-11,2024-06-06,2024-06-07,2024-06-10,2389495,2024-06-21,2929365,,Closed,Urgent,Repair,Roof Repair,Brandon Davis,USPS,71.0,61-90,Closed,Closed,"Clinton, VT|2024-04-11"
"Danville, NM",2024-04-11,2024-04-09,2024-04-12,2024-05-14,2388894,2024-08-02,2928802,903.0,Closed,Urgent,Repair,HVAC Repairs,Mike Johnson,USPS,113.0,90+,Closed,Closed,"Danville, NM|2024-04-11"
"Hamilton, ND",2024-04-11,2024-09-03,2024-09-26,2024-10-10,2388484,2024-10-24,2928298,,Closed,Urgent,Repair,Ceiling Tiles,Ashley Thompson,USPS,196.0,90+,Closed,Closed,"Hamilton, ND|2024-04-11"
"Hudson, MO",2024-04-11,2024-04-11,2024-04-17,2024-04-23,2389675,2024-05-14,2929576,430.0,Closed,Urgent,Repair,HVAC Repairs,Mike Johnson,USPS,33.0,31-60,Closed,Closed,"Hudson, MO|2024-04-11"
"Jackson, LA",2024-04-11,2024-06-12,2024-06-12,2024-06-20,2389512,2024-07-19,2929415,,Closed,Urgent,Repair,Plumbing,Sarah Williams,USPS,99.0,90+,Closed,Closed,"Jackson, LA|2024-04-11"
"Lancaster, GA",2024-04-11,2024-07-09,2024-07-19,2024-07-22,2390136,2024-08-02,2930073,991.0,Closed,Urgent,Repair,Ceiling Tiles,Ashley Thompson,USPS,113.0,90+,Closed,Closed,"Lancaster, GA|2024-04-11"
"Mount Vernon, DE",2024-04-11,,2024-05-31,,,2024-05-31,,0.0,Closed,Normal,Repair,Plumbing,Mike Johnson,Internal,50.0,31-60,Closed,Closed,"Mount Vernon, DE|2024-04-11"
"Mount Vernon, KS",2024-04-11,2024-10-09,2024-11-20,2024-12-09,2389687,,2929581,16500.0,Dispute,Urgent,Repair,Paving (Replacement),Sarah Williams,USPS,741.0,90+,Risk,Open,"Mount Vernon, KS|2024-04-11"
"Ashland, PA",2024-04-12,2024-08-21,2024-11-13,2024-12-23,2390798,2025-01-15,2930804,,Closed,Urgent,Repair,Flooring,Brandon Davis,USPS,278.0,90+,Closed,Closed,"Ashland, PA|2024-04-12"
"Dover, AK",2024-04-12,2024-04-29,2024-07-02,2024-07-02,2390739,2024-07-19,2930703,,Closed,Urgent,Repair,Electrical Repairs,Brandon Davis,USPS,98.0,90+,Closed,Closed,"Dover, AK|2024-04-12"
"Florence, MT",2024-04-12,2024-05-29,2024-05-29,2024-06-25,2390657,2024-08-02,2930639,150.0,Closed,Urgent,Repair,Doors,Sarah Williams,USPS,112.0,90+,Closed,Closed,"Florence, MT|2024-04-12"
"Florence, MT",2024-04-12,2024-06-25,2024-06-28,2024-07-02,2390655,2024-07-15,2930634,,Closed,Urgent,Repair,Striping,Sarah Williams,USPS,94.0,90+,Closed,Closed,"Florence, MT|2024-04-12"
"Florence, MT",2024-04-12,2024-05-21,2024-05-23,2024-06-07,2390660,2024-06-24,2930642,275.0,Closed,Urgent,Repair,Pest Control,Sarah Williams,USPS,73.0,61-90,Closed,Closed,"Florence, MT|2024-04-12"
"Hamilton, OH",2024-04-12,,2024-04-23,2024-04-25,2390701,2024-04-25,2930677,,Closed,Urgent,Repair,Concrete,Brandon Davis,USPS,13.0,0-30,Closed,Closed,"Hamilton, OH|2024-04-12"
"Jackson, LA",2024-04-12,2024-08-02,2024-08-09,2024-08-12,2390114,2024-08-20,2930049,2900.0,Closed,Urgent,Repair,Paving (Repair),Mike Johnson,USPS,130.0,90+,Closed,Closed,"Jackson, LA|2024-04-12"
"Mount Vernon, KS",2024-04-12,2024-07-17,2024-12-04,2024-12-09,,2024-12-20,,247.0,Closed,Normal,Repair,Gutters,Sarah Williams,Internal,252.0,90+,Closed,Closed,"Mount Vernon, KS|2024-04-12"
"Ashland, AZ",2024-04-15,,2024-04-15,2024-04-15,2391390,,2931416,,Closed,Urgent,Repair,Electrical Repairs,Brandon Davis,USPS,737.0,90+,Closed,Closed,"Ashland, AZ|2024-04-15"
"Clayton, MI",2024-04-15,,,2024-06-04,,2024-06-12,,,Closed,Normal,Repair,Plumbing,Sarah Williams,Internal,58.0,31-60,Closed,Closed,"Clayton, MI|2024-04-15"
"Clinton, VA",2024-04-15,2024-04-29,2024-05-01,,,2024-06-07,,470.37,Closed,Normal,Repair,HVAC PM,Ashley Thompson,Internal,53.0,31-60,Closed,Closed,"Clinton, VA|2024-04-15"
"Dayton, MA",2024-04-15,2024-04-15,2024-04-22,,,2024-06-25,,122.0,Closed,Normal,Repair,HVAC PM,Ashley Thompson,Internal,71.0,61-90,Closed,Closed,"Dayton, MA|2024-04-15"
"Edison, NC",2024-04-15,,,,2391448,2024-04-18,2931455,,Closed,Urgent,Repair,Painting,Mike Johnson,USPS,3.0,0-30,Closed,Closed,"Edison, NC|2024-04-15"
"Hamilton, ND",2024-04-15,2024-06-28,2024-08-03,2024-08-07,2390423,2025-03-09,2930389,9200.0,Closed,Urgent,Repair,Roof Replacement - Flat,Ashley Thompson,USPS,328.0,90+,Closed,Closed,"Hamilton, ND|2024-04-15"
"Madison, NE",2024-04-15,2024-06-17,2024-07-16,2024-07-16,2391274,2024-07-16,2931275,,Closed,Urgent,Repair,Plumbing,Brandon Davis,USPS,92.0,90+,Closed,Closed,"Madison, NE|2024-04-15"
"Madison, NE",2024-04-15,2024-07-31,2024-08-21,2024-08-21,2391111,2024-09-25,2931058,,Closed,Urgent,Repair,Plumbing,Brandon Davis,USPS,163.0,90+,Closed,Closed,"Madison, NE|2024-04-15"
"Madison, NE",2024-04-15,2024-06-17,2024-07-16,2024-07-16,2391106,2024-07-19,2931108,,Closed,Urgent,Repair,Plumbing,Brandon Davis,USPS,95.0,90+,Closed,Closed,"Madison, NE|2024-04-15"
"Norwood, ID",2024-04-15,2024-06-24,2024-06-25,2024-07-09,2391272,2024-07-19,2931272,,Closed,Urgent,Repair,Plumbing,Sarah Williams,USPS,95.0,90+,Closed,Closed,"Norwood, ID|2024-04-15"
"Oakland, NC",2024-04-15,2024-06-26,2024-08-23,2024-08-26,2391150,2024-11-08,2931170,,Closed,Urgent,Repair,Paving (Repair),Sarah Williams,USPS,207.0,90+,Closed,Closed,"Oakland, NC|2024-04-15"
"Oxford, NH",2024-04-15,2024-05-24,2024-05-29,,,2024-06-03,,95.0,Closed,Normal,Repair,HVAC PM,Ashley Thompson,Internal,49.0,31-60,Closed,Closed,"Oxford, NH|2024-04-15"
"Troy, AR",2024-04-15,2024-04-22,2024-04-29,,,2024-06-07,,300.0,Closed,Urgent,Repair,Plumbing,Mike Johnson,Internal,53.0,31-60,Closed,Closed,"Troy, AR|2024-04-15"
"Danville, MA",2024-04-16,2024-04-24,2024-04-26,2024-05-23,2391507,2024-06-12,2931522,,Closed,Urgent,Repair,Roof Repair,Sarah Williams,USPS,57.0,31-60,Closed,Closed,"Danville, MA|2024-04-16"
"Danville, NM",2024-04-16,2024-05-17,2024-07-12,2024-07-15,2391769,2024-07-19,2931761,6280.0,Closed,Urgent,Repair,HVAC Repairs,Mike Johnson,USPS,94.0,90+,Closed,Closed,"Danville, NM|2024-04-16"
"Farmington, NM",2024-04-16,2024-04-22,2024-05-02,2024-05-09,2391770,2024-05-09,2931762,,Closed,Urgent,Repair,Plumbing,Brandon Davis,USPS,23.0,0-30,Closed,Closed,"Farmington, NM|2024-04-16"
"Springfield, AK",2024-04-16,,,,,,,,Closed,Normal,Repair,HVAC PM,Ashley Thompson,Internal,736.0,90+,Closed,Closed,"Springfield, AK|2024-04-16"
"Troy, NM",2024-04-16,2024-05-21,2024-05-22,,,,,345.0,Payment,Normal,Repair,HVAC PM,Ashley Thompson,Internal,736.0,90+,Financial Processing,Open,"Troy, NM|2024-04-16"
"Troy, OH",2024-04-16,2024-06-19,2024-06-24,2024-07-18,2391627,2024-08-27,2931615,,Closed,Urgent,Repair,Roof Repair,Sarah Williams,USPS,133.0,90+,Closed,Closed,"Troy, OH|2024-04-16"
"Ashland, WA",2024-04-17,,2024-03-31,2024-05-02,2392884,2024-05-03,2932919,,Closed,Urgent,Repair,Roof Repair,Sarah Williams,USPS,16.0,0-30,Closed,Closed,"Ashland, WA|2024-04-17"
"Clayton, AK",2024-04-17,2024-03-18,2024-03-25,,,2025-01-24,,211.0,Closed,Normal,Repair,HVAC PM,Ashley Thompson,Internal,282.0,90+,Closed,Closed,"Clayton, AK|2024-04-17"
"Fairview, ME",2024-04-17,2024-06-07,2024-07-17,,2392678,2024-08-02,2932700,,Closed,Urgent,Repair,Painting,Brandon Davis,USPS,107.0,90+,Closed,Closed,"Fairview, ME|2024-04-17"
"Franklin, MS",2024-04-17,2024-05-03,2024-05-05,2024-05-06,2392832,2024-05-14,2932863,907.3,Closed,Urgent,Repair,Roof Repair,Ashley Thompson,USPS,27.0,0-30,Closed,Closed,"Franklin, MS|2024-04-17"
"Hamilton, TX",2024-04-17,,,,,2024-08-12,,150.0,Closed,Normal,Repair,Plumbing,Ashley Thompson,Internal,117.0,90+,Closed,Closed,"Hamilton, TX|2024-04-17"
"Newport, OH",2024-04-17,2024-05-07,2024-08-19,2024-07-24,2390252,2024-09-25,2930145,14648.31,Closed,Urgent,Repair,Flooring,Mike Johnson,USPS,161.0,90+,Closed,Closed,"Newport, OH|2024-04-17"
"Bristol, FL",2024-04-18,2024-04-18,2024-04-18,2024-04-18,,2024-05-01,,250.0,Closed,Normal,Repair,Signage,Mike Johnson,Internal,13.0,0-30,Closed,Closed,"Bristol, FL|2024-04-18"
"Lexington, TX",2024-04-18,,,,,2024-08-26,,,Closed,Normal,Repair,HVAC Repairs,Ashley Thompson,Internal,130.0,90+,Closed,Closed,"Lexington, TX|2024-04-18"
"Madison, NE",2024-04-18,2024-04-18,2024-04-18,2024-04-18,2393008,2024-08-06,2933068,,Closed,Urgent,Repair,Doors,Sarah Williams,USPS,110.0,90+,Closed,Closed,"Madison, NE|2024-04-18"
"Clayton, CO",2024-04-19,2024-05-06,2024-05-09,2024-05-23,2393482,2024-06-11,2933517,,Closed,Urgent,Repair,Plumbing,Brandon Davis,USPS,53.0,31-60,Closed,Closed,"Clayton, CO|2024-04-19"
"Cleveland, OR",2024-04-19,2024-06-21,2024-06-26,2024-06-26,2393232,2024-07-11,2933300,,Closed,Urgent,Repair,Plumbing,Brandon Davis,USPS,83.0,61-90,Closed,Closed,"Cleveland, OR|2024-04-19"
"Farmington, CA",2024-04-19,2024-10-01,2024-10-02,,,2024-11-11,,,Closed,Normal,Repair,Siding,Sarah Williams,Internal,206.0,90+,Closed,Closed,"Farmington, CA|2024-04-19"
"Hamilton, PA",2024-04-19,2024-05-20,2024-05-23,,,2024-06-11,,500.0,Closed,Normal,Repair,Landscaping,Ashley Thompson,Internal,53.0,31-60,Closed,Closed,"Hamilton, PA|2024-04-19"
"Oxford, LA",2024-04-19,2024-04-24,2024-04-24,2024-04-26,2393372,2024-05-14,2933455,,Closed,Urgent,Repair,Plumbing,Sarah Williams,USPS,25.0,0-30,Closed,Closed,"Oxford, LA|2024-04-19"
"Auburn, MS",2024-04-22,2024-04-23,2024-04-29,2024-05-03,,2024-05-24,,,Closed,Normal,Repair,Electrical Repairs,Brandon Davis,Internal,32.0,31-60,Closed,Closed,"Auburn, MS|2024-04-22"
"Danville, NM",2024-04-22,2024-04-29,2024-05-07,,,2024-05-13,,,Closed,Normal,Repair,Building Repairs,Brandon Davis,Internal,21.0,0-30,Closed,Closed,"Danville, NM|2024-04-22"
"Edison, NC",2024-04-22,2024-05-08,2024-05-28,,,2024-06-17,,1973.1,Closed,Normal,Repair,Painting,Mike Johnson,Internal,56.0,31-60,Closed,Closed,"Edison, NC|2024-04-22"
"Danville, NM",2024-04-23,2024-04-23,2024-04-24,2024-04-26,,2024-08-02,,300.0,Closed,Urgent,Repair,HVAC Repairs,Mike Johnson,Internal,101.0,90+,Closed,Closed,"Danville, NM|2024-04-23"
"Greenville, IL",2024-04-23,2024-08-20,2024-09-12,,,2024-11-22,,,Closed,Normal,Repair,Paving (Repair),Sarah Williams,Internal,213.0,90+,Closed,Closed,"Greenville, IL|2024-04-23"
"Arlington, IN",2024-04-24,2024-04-24,2024-04-26,2024-05-09,,2024-05-22,,300.0,Closed,Normal,Repair,Roof Repair,Mike Johnson,Internal,28.0,0-30,Closed,Closed,"Arlington, IN|2024-04-24"
"Gainesville, LA",2024-04-24,2024-05-10,2024-05-20,2024-05-22,2394008,2024-06-11,2934081,,Closed,Urgent,Repair,Vandalism,Sarah Williams,USPS,48.0,31-60,Closed,Closed,"Gainesville, LA|2024-04-24"
"Madison, CA",2024-04-24,2024-05-08,2024-05-13,2024-05-13,2393778,2024-05-22,2933806,,Closed,Urgent,Repair,Misc. Repairs,Brandon Davis,USPS,28.0,0-30,Closed,Closed,"Madison, CA|2024-04-24"
"Marion, GA",2024-04-25,2024-06-20,2024-07-15,2024-07-15,2394197,2024-07-19,2934299,,Closed,Urgent,Repair,Misc. Repairs,Brandon Davis,USPS,85.0,61-90,Closed,Closed,"Marion, GA|2024-04-25"
"Oxford, LA",2024-04-25,2024-04-25,2024-08-02,2024-08-13,2394156,2024-08-20,2934260,3600.0,Closed,Urgent,Repair,HVAC Repairs,Mike Johnson,USPS,117.0,90+,Closed,Closed,"Oxford, LA|2024-04-25"
"Salem, WI",2024-04-25,2024-05-16,2024-05-24,2024-06-20,2393966,2024-06-27,2934151,700.0,Closed,Urgent,Repair,Roof Repair,Sarah Williams,USPS,63.0,61-90,Closed,Closed,"Salem, WI|2024-04-25"
"Cleveland, OR",2024-04-26,2024-08-02,2024-08-25,2024-08-27,2395296,2024-09-10,2935396,6600.0,Closed,Urgent,Repair,Paving (Repair),Mike Johnson,USPS,137.0,90+,Closed,Closed,"Cleveland, OR|2024-04-26"
"Farmington, NM",2024-04-26,,2024-06-05,2024-06-05,2395399,2024-06-05,2935525,,Closed,Urgent,Repair,Concrete,Brandon Davis,USPS,40.0,31-60,Closed,Closed,"Farmington, NM|2024-04-26"
"Franklin, LA",2024-04-26,2024-05-08,2024-05-13,2024-05-30,2395327,2024-06-27,2935421,,Closed,Urgent,Repair,Roof Repair,Sarah Williams,USPS,62.0,61-90,Closed,Closed,"Franklin, LA|2024-04-26"
"Hamilton, CT",2024-04-26,2024-07-10,2024-10-03,2024-10-03,2395548,2024-11-08,2935683,,Closed,Urgent,Repair,Painting,Ashley Thompson,USPS,196.0,90+,Closed,Closed,"Hamilton, CT|2024-04-26"
"Hamilton, CT",2024-04-26,2024-08-09,2024-09-22,2024-09-24,2395549,2025-01-14,2935684,,Closed,Urgent,Repair,Concrete,Sarah Williams,USPS,263.0,90+,Closed,Closed,"Hamilton, CT|2024-04-26"
"Hamilton, CT",2024-04-26,2024-06-26,2024-07-10,2024-07-15,2395547,2024-08-20,2935682,,Closed,Urgent,Repair,Misc. Repairs,Sarah Williams,USPS,116.0,90+,Closed,Closed,"Hamilton, CT|2024-04-26"
"Hamilton, CT",2024-04-26,2024-07-10,2024-07-12,2024-07-15,2395546,2024-08-20,2935681,200.0,Closed,Urgent,Repair,Flooring,Sarah Williams,USPS,116.0,90+,Closed,Closed,"Hamilton, CT|2024-04-26"
"Clayton, AK",2024-04-29,,,,,2024-08-26,,0.0,Closed,Urgent,Repair,HVAC Repairs,Mike Johnson,Internal,119.0,90+,Closed,Closed,"Clayton, AK|2024-04-29"
"Fremont, SD",2024-04-29,,,,,2024-09-19,,650.0,Closed,Normal,Repair,Misc. Repairs,Ashley Thompson,Internal,143.0,90+,Closed,Closed,"Fremont, SD|2024-04-29"
"Springfield, CT",2024-04-29,2024-07-18,2024-09-13,2024-09-18,2394628,2025-03-03,2934739,64710.0,Closed,Urgent,Repair,Roof Replacement - Flat,Sarah Williams,USPS,308.0,90+,Closed,Closed,"Springfield, CT|2024-04-29"
"Anderson, MN",2024-04-30,2024-04-30,2024-05-01,2024-05-16,2396970,2024-08-06,2937263,0.0,Closed,Urgent,Repair,Doors,Mike Johnson,USPS,98.0,90+,Closed,Closed,"Anderson, MN|2024-04-30"
"Dayton, NE",2024-04-30,,2024-04-29,,,2024-05-06,,240.0,Closed,Urgent,Repair,HVAC PM,Ashley Thompson,Internal,6.0,0-30,Closed,Closed,"Dayton, NE|2024-04-30"
"Jackson, FL",2024-04-30,2024-05-15,2024-06-04,,,2024-12-30,,85.0,Closed,Urgent,Repair,HVAC PM,Ashley Thompson,Internal,244.0,90+,Closed,Closed,"Jackson, FL|2024-04-30"
"Lexington, WV",2024-04-30,2024-05-02,2024-05-06,2024-05-23,2395929,2024-06-07,2936128,,Closed,Urgent,Repair,Plumbing,Brandon Davis,USPS,38.0,31-60,Closed,Closed,"Lexington, WV|2024-04-30"
"Norwood, ID",2024-04-30,,2024-05-23,2024-05-23,2396042,2024-05-23,2936236,,Closed,Urgent,Repair,HVAC Repairs,Brandon Davis,USPS,23.0,0-30,Closed,Closed,"Norwood, ID|2024-04-30"
"Norwood, ID",2024-04-30,2024-06-24,2024-06-25,2024-07-09,2395867,2024-07-19,2936059,,Closed,Urgent,Repair,Plumbing,Sarah Williams,USPS,80.0,61-90,Closed,Closed,"Norwood, ID|2024-04-30"
"Oxford, LA",2024-04-30,2024-07-09,2024-07-15,2024-07-19,2395987,2024-08-08,2936216,,Closed,Urgent,Repair,Roof Repair,Sarah Williams,USPS,100.0,90+,Closed,Closed,"Oxford, LA|2024-04-30"
"Fairview, NY",2024-05-01,2024-08-12,2024-09-20,,,,,7541.73,Closed,Urgent,Repair,Building Repairs,Mike Johnson,Internal,721.0,90+,Closed,Closed,"Fairview, NY|2024-05-01"
"Greenville, IL",2024-05-01,2024-11-07,2024-12-26,,,2025-02-06,,4221.0,Closed,Normal,Repair,HVAC Repairs,Mike Johnson,Internal,281.0,90+,Closed,Closed,"Greenville, IL|2024-05-01"
"Arlington, CO",2024-05-02,2024-06-03,2024-06-14,2024-06-10,2396228,2024-09-25,2936531,,Closed,Urgent,Repair,HVAC Repairs,Brandon Davis,USPS,146.0,90+,Closed,Closed,"Arlington, CO|2024-05-02"
"Ashland, AL",2024-05-02,2024-04-01,2024-11-30,,,,,60.0,Closed,Normal,Repair,Landscaping,Ashley Thompson,Internal,720.0,90+,Closed,Closed,"Ashland, AL|2024-05-02"
"Columbia, HI",2024-05-02,,,,,,,18001.62,Closed,Urgent,Repair,Roof Replacement - Shingle,Ashley Thompson,Internal,720.0,90+,Closed,Closed,"Columbia, HI|2024-05-02"
"Edison, WY",2024-05-02,,,,,2025-05-08,,,Closed,Low,Repair,Masonry,Kevin Miller,Internal,371.0,90+,Closed,Closed,"Edison, WY|2024-05-02"
"Florence, MO",2024-05-02,,2024-07-05,2024-07-19,2396598,2024-07-22,2936782,,Closed,Urgent,Repair,Plumbing,Sarah Williams,USPS,81.0,61-90,Closed,Closed,"Florence, MO|2024-05-02"
"Florence, MO",2024-05-02,2024-07-23,2024-07-29,2024-08-07,2396598,2024-08-20,2936809,,Closed,Urgent,Repair,Building Repairs,Sarah Williams,USPS,110.0,90+,Closed,Closed,"Florence, MO|2024-05-02"
"Greenville, IL",2024-05-02,2024-08-20,,2024-09-10,2396624,2024-09-18,2936870,,Closed,Urgent,Repair,Misc. Repairs,Sarah Williams,USPS,139.0,90+,Closed,Closed,"Greenville, IL|2024-05-02"
"Greenville, SD",2024-05-02,2024-07-19,2024-09-05,2024-09-12,2396486,2024-09-26,2936789,500.0,Closed,Urgent,Repair,Structural,Mike Johnson,USPS,147.0,90+,Closed,Closed,"Greenville, SD|2024-05-02"
"Hudson, MO",2024-05-02,2024-05-10,2024-05-21,,,2024-06-11,,125.0,Closed,Low,Repair,Ceiling Tiles,Ashley Thompson,Internal,40.0,31-60,Closed,Closed,"Hudson, MO|2024-05-02"
"Lancaster, ID",2024-05-02,,,,,2024-06-17,,,Closed,Normal,Repair,HVAC Repairs,Ashley Thompson,Internal,46.0,31-60,Closed,Closed,"Lancaster, ID|2024-05-02"
"Lexington, WI",2024-05-02,,,,,2024-05-29,,,Closed,Normal,Repair,Misc. Repairs,Ashley Thompson,Internal,27.0,0-30,Closed,Closed,"Lexington, WI|2024-05-02"
"Newport, ME",2024-05-02,2024-07-18,2024-08-19,2024-08-21,2396123,2024-08-29,2936319,,Closed,Urgent,Repair,Concrete,Sarah Williams,USPS,119.0,90+,Closed,Closed,"Newport, ME|2024-05-02"
"Oakland, AR",2024-05-02,2024-06-27,2024-07-17,2024-07-25,2396719,2024-08-02,2936945,402.0,Closed,Urgent,Repair,Roof Repair,Mike Johnson,USPS,92.0,90+,Closed,Closed,"Oakland, AR|2024-05-02"
"Salem, WI",2024-05-02,2024-04-29,2024-04-29,2024-05-02,2396552,2024-05-02,2936777,,Closed,Urgent,Repair,HVAC Repairs,Sarah Williams,USPS,0.0,0-30,Closed,Closed,"Salem, WI|2024-05-02"
"Canton, IN",2024-05-03,2024-05-24,2024-05-30,2024-06-04,2398764,2024-06-11,2939139,,Closed,Urgent,Repair,Electrical Repairs,Brandon Davis,USPS,39.0,31-60,Closed,Closed,"Canton, IN|2024-05-03"
"Franklin, WA",2024-05-03,2024-08-02,2024-10-24,2024-10-31,,2024-10-31,,224.0,Closed,Urgent,Repair,HVAC PM,Brandon Davis,Internal,181.0,90+,Closed,Closed,"Franklin, WA|2024-05-03"
"Greenville, TX",2024-05-03,2024-07-02,2024-07-07,2024-07-08,2397453,2024-08-02,2937747,,Closed,Urgent,Repair,Roof Repair,Sarah Williams,USPS,91.0,90+,Closed,Closed,"Greenville, TX|2024-05-03"
"Hudson, CA",2024-05-03,2024-05-06,2024-05-07,2024-05-08,2397698,2024-06-03,2938011,105.0,Closed,Urgent,Repair,HVAC Repairs,Mike Johnson,USPS,31.0,31-60,Closed,Closed,"Hudson, CA|2024-05-03"
"Jackson, FL",2024-05-03,2024-05-06,2024-05-06,2024-05-06,2398780,2024-06-07,2939088,,Closed,Urgent,Repair,Electrical Repairs,Sarah Williams,USPS,35.0,31-60,Closed,Closed,"Jackson, FL|2024-05-03"
"Auburn, MS",2024-05-06,2024-05-08,2024-05-13,,,2024-05-24,,,Closed,Normal,Repair,Ceiling Tiles,Brandon Davis,Internal,18.0,0-30,Closed,Closed,"Auburn, MS|2024-05-06"
"Bloomington, MS",2024-05-06,2024-01-01,2024-10-31,,,2025-01-24,,240.0,Closed,Normal,Repair,HVAC PM,Ashley Thompson,Internal,263.0,90+,Closed,Closed,"Bloomington, MS|2024-05-06"
"Bloomington, MS",2024-05-06,2024-05-09,2024-05-09,2024-05-09,2396892,2024-05-09,2937003,0.0,Closed,Urgent,Repair,HVAC Repairs,Mike Johnson,USPS,3.0,0-30,Closed,Closed,"Bloomington, MS|2024-05-06"
"Clinton, OK",2024-05-06,,2024-04-30,,,2024-05-14,,166.38,Closed,Urgent,Repair,Electrical Repairs,Ashley Thompson,Internal,8.0,0-30,Closed,Closed,"Clinton, OK|2024-05-06"
"Clinton, VT",2024-05-06,2024-05-08,2024-05-15,2024-05-17,2396559,2024-06-12,2936787,,Closed,Urgent,Repair,HVAC Repairs,Brandon Davis,USPS,37.0,31-60,Closed,Closed,"Clinton, VT|2024-05-06"
"Edison, OH",2024-05-06,2024-03-01,2024-10-06,,,2025-03-03,,,Closed,Normal,Repair,Landscaping,Ashley Thompson,Internal,301.0,90+,Closed,Closed,"Edison, OH|2024-05-06"
"Cleveland, OR",2024-05-07,,,,,2024-06-14,,85.0,Closed,Normal,Repair,Electrical Repairs,Ashley Thompson,Internal,38.0,31-60,Closed,Closed,"Cleveland, OR|2024-05-07"
"Jackson, FL",2024-05-07,,,,,2024-05-29,,,Closed,Urgent,Repair,Landscaping,Ashley Thompson,Internal,22.0,0-30,Closed,Closed,"Jackson, FL|2024-05-07"
"Kingston, NE",2024-05-07,,,,,,,,Closed,Urgent,Repair,Glass,Ashley Thompson,Internal,715.0,90+,Closed,Closed,"Kingston, NE|2024-05-07"
"Madison, NE",2024-05-08,,2024-07-15,2024-07-16,2400163,2024-08-08,2940607,,Closed,Urgent,Repair,Doors,Sarah Williams,USPS,92.0,90+,Closed,Closed,"Madison, NE|2024-05-08"
"Mount Vernon, NC",2024-05-08,2024-05-08,2024-05-10,2024-06-19,2399220,2024-07-11,2939610,400.0,Closed,Urgent,Repair,Roof Repair,Mike Johnson,USPS,64.0,61-90,Closed,Closed,"Mount Vernon, NC|2024-05-08"
"Winchester, GA",2024-05-08,2024-04-16,2024-04-30,,,2024-08-16,,615.0,Closed,Urgent,Repair,HVAC Repairs,Ashley Thompson,Internal,100.0,90+,Closed,Closed,"Winchester, GA|2024-05-08"
"Hudson, MO",2024-05-09,2024-04-10,2024-05-15,,,2024-06-17,,91.16,Closed,Low,Repair,Misc. Repairs,Mike Johnson,Internal,39.0,31-60,Closed,Closed,"Hudson, MO|2024-05-09"
"Jackson, FL",2024-05-09,2024-06-07,2024-07-24,2024-07-02,2398591,2024-12-05,2938951,500.0,Closed,Urgent,Repair,Doors,Sarah Williams,USPS,210.0,90+,Closed,Closed,"Jackson, FL|2024-05-09"
"Rockville, NV",2024-05-09,2024-08-20,2024-08-24,2024-08-27,2399133,2024-10-15,2939441,,Closed,Urgent,Repair,Roof Replacement - Flat,Sarah Williams,USPS,159.0,90+,Closed,Closed,"Rockville, NV|2024-05-09"
"Danville, NE",2024-05-10,2024-08-09,2024-08-28,2024-08-29,2400089,2024-09-10,2940593,210.39,Closed,Urgent,Repair,Doors,Ashley Thompson,USPS,123.0,90+,Closed,Closed,"Danville, NE|2024-05-10"
"Danville, NE",2024-05-10,2024-07-18,2024-09-03,2024-09-05,2400232,2024-10-31,2940675,,Closed,Urgent,Repair,HVAC Repairs,Brandon Davis,USPS,174.0,90+,Closed,Closed,"Danville, NE|2024-05-10"
"Fairview, MT",2024-05-10,,2024-05-14,2024-05-14,2399772,2024-05-15,2940190,0.0,Closed,Urgent,Repair,Gutters,Mike Johnson,USPS,5.0,0-30,Closed,Closed,"Fairview, MT|2024-05-10"
"Fairview, MT",2024-05-10,2024-05-30,2024-06-24,2024-07-09,2399772,2024-08-29,2940189,,Closed,Urgent,Repair,Roof Repair,Mike Johnson,USPS,111.0,90+,Closed,Closed,"Fairview, MT|2024-05-10"
"Florence, KY",2024-05-10,2024-05-14,2024-10-29,,,,,,Closed,Urgent,Repair,Landscaping,Ashley Thompson,Internal,712.0,90+,Closed,Closed,"Florence, KY|2024-05-10"
"Gainesville, HI",2024-05-10,2024-06-19,2024-07-02,2024-07-03,2399870,2024-07-19,2940375,,Closed,Urgent,Repair,Plumbing,Sarah Williams,USPS,70.0,61-90,Closed,Closed,"Gainesville, HI|2024-05-10"
"Lancaster, WA",2024-05-10,2024-07-15,2024-08-11,2024-08-15,2399605,2024-10-09,2940074,500.0,Closed,Urgent,Repair,Drive Thru,Sarah Williams,USPS,152.0,90+,Closed,Closed,"Lancaster, WA|2024-05-10"
"Mount Vernon, TX",2024-05-10,2024-10-03,2024-10-11,2024-10-16,,2024-11-01,,20718.39,Closed,Urgent,Repair,Roof Replacement - Shingle,Mike Johnson,Internal,175.0,90+,Closed,Closed,"Mount Vernon, TX|2024-05-10"
"Oakland, NC",2024-05-10,2024-05-24,2024-05-30,2024-05-30,2398914,2024-06-21,2939284,,Closed,Urgent,Repair,Plumbing,Brandon Davis,USPS,42.0,31-60,Closed,Closed,"Oakland, NC|2024-05-10"
"Albany, WA",2024-05-11,2024-06-12,2024-06-18,2024-06-25,2401087,2024-07-15,2941589,500.0,Closed,Urgent,Repair,Roof Repair,Sarah Williams,USPS,65.0,61-90,Closed,Closed,"Albany, WA|2024-05-11"
"Ashland, AZ",2024-05-11,2024-05-15,2024-05-22,2024-05-22,2401376,2024-08-15,2941864,0.0,Closed,Urgent,Repair,HVAC Repairs,Mike Johnson,USPS,96.0,90+,Closed,Closed,"Ashland, AZ|2024-05-11"
"Ashland, PA",2024-05-11,2024-05-17,2024-05-28,2024-06-10,2400204,2024-06-13,2940653,,Closed,Urgent,Repair,Building Repairs,Brandon Davis,USPS,33.0,31-60,Closed,Closed,"Ashland, PA|2024-05-11"
"Clinton, KY",2024-05-11,2024-08-20,2024-09-30,2024-10-04,2400480,2025-01-30,2940927,,Closed,Urgent,Repair,Roof Replacement - Flat,Sarah Williams,USPS,264.0,90+,Closed,Closed,"Clinton, KY|2024-05-11"
"Farmington, NM",2024-05-11,,,,2401216,2024-07-19,2941684,,Closed,Urgent,Repair,Striping,Ashley Thompson,USPS,69.0,61-90,Closed,Closed,"Farmington, NM|2024-05-11"
"Farmington, NM",2024-05-11,2024-07-11,2024-07-26,2024-07-26,2401216,2024-08-02,2941683,,Closed,Urgent,Repair,Concrete,Brandon Davis,USPS,83.0,61-90,Closed,Closed,"Farmington, NM|2024-05-11"
"Lexington, WV",2024-05-11,2024-07-31,2024-08-12,2024-08-13,2399938,2024-08-21,2940349,,Closed,Urgent,Repair,Doors,Brandon Davis,USPS,102.0,90+,Closed,Closed,"Lexington, WV|2024-05-11"
"Milton, MO",2024-05-11,2024-08-20,2024-09-03,2024-09-17,2401365,2024-11-22,2941914,,Closed,Urgent,Repair,Electrical Repairs,Brandon Davis,USPS,195.0,90+,Closed,Closed,"Milton, MO|2024-05-11"
"Dayton, NE",2024-05-13,2024-04-01,2024-10-29,,,2025-01-24,,,Closed,Urgent,Repair,Landscaping,Ashley Thompson,Internal,256.0,90+,Closed,Closed,"Dayton, NE|2024-05-13"
"Fremont, SD",2024-05-13,,2024-08-09,2024-08-13,2399146,2024-08-29,2939513,,Closed,Urgent,Repair,Roof Repair,Sarah Williams,USPS,108.0,90+,Closed,Closed,"Fremont, SD|2024-05-13"
"Anderson, MS",2024-05-14,2024-06-07,2024-06-21,2024-07-23,2401801,2024-08-02,2942286,,Closed,Urgent,Repair,Roof Repair,Sarah Williams,USPS,80.0,61-90,Closed,Closed,"Anderson, MS|2024-05-14"
"Ashland, AZ",2024-05-14,,,,,2024-05-14,,350.0,Closed,Normal,Repair,HVAC PM,Mike Johnson,Internal,0.0,0-30,Closed,Closed,"Ashland, AZ|2024-05-14"
"Ashland, NY",2024-05-14,2024-06-21,2024-06-24,2024-06-28,2401485,2024-08-08,2942152,,Closed,Urgent,Repair,Plumbing,Brandon Davis,USPS,86.0,61-90,Closed,Closed,"Ashland, NY|2024-05-14"
"Centerville, HI",2024-05-14,2024-06-11,2024-06-17,2024-06-18,2401287,2024-06-24,2941812,,Closed,Urgent,Repair,Gutters,Sarah Williams,USPS,41.0,31-60,Closed,Closed,"Centerville, HI|2024-05-14"
"Dayton, NE",2024-05-14,2024-05-16,2024-07-16,2024-07-18,2401670,2024-08-08,2942214,200.0,Closed,Urgent,Repair,Landscaping,Ashley Thompson,USPS,86.0,61-90,Closed,Closed,"Dayton, NE|2024-05-14"
"Dover, VT",2024-05-14,,2024-05-10,2024-05-21,2401699,2024-05-24,2942183,,Closed,Urgent,Repair,Plumbing,Sarah Williams,USPS,10.0,0-30,Closed,Closed,"Dover, VT|2024-05-14"
"Franklin, GA",2024-05-14,,2024-05-15,,,2024-05-21,,,Closed,Normal,Repair,Building Repairs,Ashley Thompson,Internal,7.0,0-30,Closed,Closed,"Franklin, GA|2024-05-14"
"Fremont, WY",2024-05-14,2024-05-24,2024-05-29,2024-05-29,2401819,2024-06-11,2942332,,Closed,Urgent,Repair,Gutters,Brandon Davis,USPS,28.0,0-30,Closed,Closed,"Fremont, WY|2024-05-14"
"Bristol, LA",2024-05-16,2024-05-16,2024-06-06,,,2024-07-11,,65.0,Closed,Normal,Repair,Plumbing,Mike Johnson,Internal,56.0,31-60,Closed,Closed,"Bristol, LA|2024-05-16"
"Carrollton, OH",2024-05-17,,,,2402567,2024-05-29,2943101,,Closed,Urgent,Repair,HVAC Repairs,Ashley Thompson,USPS,12.0,0-30,Closed,Closed,"Carrollton, OH|2024-05-17"
"Centerville, LA",2024-05-17,2024-10-18,2024-10-31,2024-11-20,2402893,2025-01-28,2943467,8500.0,Closed,Urgent,Repair,Structural,Brandon Davis,USPS,256.0,90+,Closed,Closed,"Centerville, LA|2024-05-17"
"Centerville, LA",2024-05-17,,,2024-05-22,2402893,2024-05-23,2943468,0.0,Closed,Urgent,Repair,Structural,Mike Johnson,USPS,6.0,0-30,Closed,Closed,"Centerville, LA|2024-05-17"
"Clayton, NC",2024-05-17,2024-06-10,2024-06-13,2024-06-19,2403838,2024-07-15,2944464,,Closed,Urgent,Repair,Plumbing,Sarah Williams,USPS,59.0,31-60,Closed,Closed,"Clayton, NC|2024-05-17"
"Cleveland, OR",2024-05-17,2024-06-06,2024-06-25,2024-06-26,2403907,2024-07-11,2944561,1109.0,Closed,Urgent,Repair,HVAC Repairs,Mike Johnson,USPS,55.0,31-60,Closed,Closed,"Cleveland, OR|2024-05-17"
"Clinton, MO",2024-05-17,2024-06-13,2024-06-18,2024-07-26,2402464,2024-07-26,2942963,350.0,Closed,Urgent,Repair,Pest Control,Mike Johnson,USPS,70.0,61-90,Closed,Closed,"Clinton, MO|2024-05-17"
"Danville, AR",2024-05-17,2024-07-12,2024-10-19,2024-10-21,2387406,2024-11-22,2927216,1029.5,Closed,Urgent,Repair,Flooring,Mike Johnson,USPS,189.0,90+,Closed,Closed,"Danville, AR|2024-05-17"
"Florence, IL",2024-05-17,2024-06-17,2024-07-30,2024-07-30,2403699,2024-08-08,2944353,,Closed,Urgent,Repair,Structural,Brandon Davis,USPS,83.0,61-90,Closed,Closed,"Florence, IL|2024-05-17"
"Milton, MO",2024-05-17,2024-07-26,2024-08-31,2024-09-03,2402234,2024-10-16,2942769,6250.0,Closed,Urgent,Repair,Paving (Repair),Mike Johnson,USPS,152.0,90+,Closed,Closed,"Milton, MO|2024-05-17"
"Rockville, NY",2024-05-17,,,,,,,,Closed,Urgent,Repair,Gutters,Mike Johnson,Internal,705.0,90+,Closed,Closed,"Rockville, NY|2024-05-17"
"Rockville, NY",2024-05-17,,,,2402776,2024-07-09,2943383,,Closed,Urgent,Repair,Doors,Ashley Thompson,USPS,53.0,31-60,Closed,Closed,"Rockville, NY|2024-05-17"
"Bristol, LA",2024-05-20,2024-08-13,2024-08-13,2024-08-19,2402934,2024-08-21,2943495,,Closed,Urgent,Repair,Doors,Brandon Davis,USPS,93.0,90+,Closed,Closed,"Bristol, LA|2024-05-20"
"Bristol, LA",2024-05-20,2024-08-13,2024-08-13,2024-08-19,2402934,2024-08-19,2943497,,Closed,Urgent,Repair,Doors,Brandon Davis,USPS,91.0,90+,Closed,Closed,"Bristol, LA|2024-05-20"
"Clayton, SD",2024-05-20,2024-06-03,2024-06-07,2024-06-18,2403125,2024-06-21,2943751,150.0,Closed,Urgent,Repair,Doors,Ashley Thompson,USPS,32.0,31-60,Closed,Closed,"Clayton, SD|2024-05-20"
"Lexington, WI",2024-05-22,,2024-09-23,,,2024-09-26,,,Closed,Low,Repair,Roof Repair,Brandon Davis,Internal,127.0,90+,Closed,Closed,"Lexington, WI|2024-05-22"
"Greenville, IL",2024-05-23,,,,,2024-06-28,,0.0,Closed,Urgent,Repair,HVAC Repairs,Mike Johnson,Internal,36.0,31-60,Closed,Closed,"Greenville, IL|2024-05-23"
"Troy, NM",2024-05-23,2024-06-25,2024-07-03,2024-07-09,,2024-07-19,,2992.65,Closed,Urgent,Repair,HVAC Repairs,Mike Johnson,Internal,57.0,31-60,Closed,Closed,"Troy, NM|2024-05-23"
"Anderson, VA",2024-05-24,2024-06-19,2024-06-26,2024-06-26,2404328,2024-07-11,2944960,,Closed,Urgent,Repair,Electrical Repairs,Brandon Davis,USPS,48.0,31-60,Closed,Closed,"Anderson, VA|2024-05-24"
"Arlington, ID",2024-05-24,2024-06-14,2024-06-20,2024-06-24,2404964,2024-06-27,2945654,,Closed,Urgent,Repair,Doors,Brandon Davis,USPS,34.0,31-60,Closed,Closed,"Arlington, ID|2024-05-24"
"Ashland, AZ",2024-05-24,2024-06-03,2024-06-11,2024-06-12,2406033,2024-06-27,2946737,160.0,Closed,Urgent,Repair,HVAC Repairs,Ashley Thompson,USPS,34.0,31-60,Closed,Closed,"Ashland, AZ|2024-05-24"
"Auburn, MS",2024-05-24,2024-04-22,2024-05-24,,,2024-06-07,,,Closed,Low,Repair,Misc. Repairs,Brandon Davis,Internal,14.0,0-30,Closed,Closed,"Auburn, MS|2024-05-24"
"Burlington, NH",2024-05-24,2024-05-24,2024-06-03,2024-06-18,2404707,2024-07-11,2945345,485.0,Closed,Urgent,Repair,HVAC Repairs,Mike Johnson,USPS,48.0,31-60,Closed,Closed,"Burlington, NH|2024-05-24"
"Carrollton, IL",2024-05-24,2024-08-21,2024-09-12,2024-09-12,2406807,2024-09-25,2947527,,Closed,Urgent,Repair,Plumbing,Brandon Davis,USPS,124.0,90+,Closed,Closed,"Carrollton, IL|2024-05-24"
"Dayton, MA",2024-05-24,2024-06-06,2024-06-15,2024-06-24,2405031,2024-07-15,2945711,,Closed,Urgent,Repair,Plumbing,Sarah Williams,USPS,52.0,31-60,Closed,Closed,"Dayton, MA|2024-05-24"
"Dayton, MA",2024-05-24,2024-06-06,2024-06-15,2024-06-24,2405031,2024-07-15,2945681,,Closed,Urgent,Repair,Plumbing,Sarah Williams,USPS,52.0,31-60,Closed,Closed,"Dayton, MA|2024-05-24"
"Dayton, MA",2024-05-24,2024-06-06,2024-06-14,2024-06-24,2405031,2024-06-27,2945678,,Closed,Urgent,Repair,Electrical Repairs,Sarah Williams,USPS,34.0,31-60,Closed,Closed,"Dayton, MA|2024-05-24"
"Kingston, UT",2024-05-24,2024-05-24,2024-05-31,2024-07-16,2405820,2024-07-19,2946554,1794.25,Closed,Urgent,Repair,HVAC Repairs,Mike Johnson,USPS,56.0,31-60,Closed,Closed,"Kingston, UT|2024-05-24"
"Lancaster, UT",2024-05-24,2024-05-28,2024-05-28,2024-06-04,2404710,2024-07-11,2945356,425.0,Closed,Urgent,Repair,Roof Repair,Mike Johnson,USPS,48.0,31-60,Closed,Closed,"Lancaster, UT|2024-05-24"
"Milton, TN",2024-05-24,,2024-05-30,2024-06-18,2407004,2024-06-19,2947709,,Closed,Urgent,Repair,Doors,Sarah Williams,USPS,26.0,0-30,Closed,Closed,"Milton, TN|2024-05-24"
"Mount Vernon, AR",2024-05-24,2024-05-31,2024-06-17,2024-07-09,2404678,2024-07-19,2945268,,Closed,Urgent,Repair,Electrical Repairs,Brandon Davis,USPS,56.0,31-60,Closed,Closed,"Mount Vernon, AR|2024-05-24"
"Mount Vernon, AR",2024-05-24,2024-07-19,2024-07-25,2024-07-25,2404686,2024-11-01,2945417,,Closed,Urgent,Repair,Plumbing,Ashley Thompson,USPS,161.0,90+,Closed,Closed,"Mount Vernon, AR|2024-05-24"
"Mount Vernon, AR",2024-05-24,2024-09-17,2024-11-06,2024-11-12,2404685,2024-01-02,2945416,16274.5,Closed,Urgent,Repair,Asbestos Abatement,Mike Johnson,USPS,0.0,0-30,Closed,Closed,"Mount Vernon, AR|2024-05-24"
"Mount Vernon, MA",2024-05-24,2024-05-31,2024-06-04,2024-06-05,2406844,2024-06-27,2947568,750.0,Closed,Urgent,Repair,Plumbing,Mike Johnson,USPS,34.0,31-60,Closed,Closed,"Mount Vernon, MA|2024-05-24"
"Oxford, NH",2024-05-24,2024-05-31,2024-05-31,2024-05-31,2408284,2024-06-14,2949027,80.0,Closed,Urgent,Repair,HVAC Repairs,Ashley Thompson,USPS,21.0,0-30,Closed,Closed,"Oxford, NH|2024-05-24"
"Oxford, NH",2024-05-24,2024-06-03,2024-06-20,2024-06-21,,2024-06-21,,,Closed,Urgent,Repair,Plumbing,Ashley Thompson,Internal,28.0,0-30,Closed,Closed,"Oxford, NH|2024-05-24"
"Rockville, MS",2024-05-24,2024-06-18,2024-07-25,2024-07-30,2404148,2024-08-05,2944935,3112.0,Closed,Urgent,Repair,Ceiling Tiles,Ashley Thompson,USPS,73.0,61-90,Closed,Closed,"Rockville, MS|2024-05-24"
"Springfield, OR",2024-05-24,2024-06-07,2024-06-21,2024-06-26,2405740,2024-08-08,2946339,300.0,Closed,Urgent,Repair,Doors,Sarah Williams,USPS,76.0,61-90,Closed,Closed,"Springfield, OR|2024-05-24"
"Troy, AR",2024-05-24,,2024-06-06,2024-06-06,2406214,2024-06-10,2946921,,Closed,Urgent,Repair,Concrete,Mike Johnson,USPS,17.0,0-30,Closed,Closed,"Troy, AR|2024-05-24"
"Arlington, IN",2024-05-27,2024-07-01,2024-08-06,,,2025-03-09,,6300.0,Closed,Normal,Repair,Roof Replacement - Flat,Ashley Thompson,Internal,286.0,90+,Closed,Closed,"Arlington, IN|2024-05-27"
"Carrollton, OH",2024-05-28,,,,2406820,2024-05-29,2947575,,Closed,Urgent,Repair,Dock Lift,Mike Johnson,USPS,1.0,0-30,Closed,Closed,"Carrollton, OH|2024-05-28"
"Newport, WA",2024-05-28,,2024-06-26,,,2024-06-26,,,Closed,Normal,Repair,Misc. Repairs,Brandon Davis,Internal,29.0,0-30,Closed,Closed,"Newport, WA|2024-05-28"
"Danville, NM",2024-05-29,2024-07-23,2024-07-29,2024-08-01,2407284,2024-08-08,2948087,500.0,Closed,Urgent,Repair,HVAC Repairs,Ashley Thompson,USPS,71.0,61-90,Closed,Closed,"Danville, NM|2024-05-29"
"Mount Vernon, MA",2024-05-29,2024-05-31,2024-06-06,,,2024-07-11,,508.0,Closed,Urgent,Repair,HVAC Repairs,Mike Johnson,Internal,43.0,31-60,Closed,Closed,"Mount Vernon, MA|2024-05-29"
"Mount Vernon, MA",2024-05-29,2024-06-27,2024-07-09,2024-07-16,,2024-08-02,,1326.0,Closed,Urgent,Repair,Building Repairs,Mike Johnson,Internal,65.0,61-90,Closed,Closed,"Mount Vernon, MA|2024-05-29"
"Norwood, ID",2024-05-29,2024-05-30,2024-05-31,2024-06-03,2407917,2024-06-27,2948660,172.0,Closed,Urgent,Repair,HVAC Repairs,Mike Johnson,USPS,29.0,0-30,Closed,Closed,"Norwood, ID|2024-05-29"
"Rockville, NY",2024-05-29,2024-05-31,2024-06-05,2024-06-08,2407470,2024-06-10,2948271,0.0,Closed,Urgent,Repair,HVAC Repairs,Mike Johnson,USPS,12.0,0-30,Closed,Closed,"Rockville, NY|2024-05-29"
"Centerville, RI",2024-05-30,2024-05-31,2024-06-05,2024-07-05,,2024-07-05,,,Closed,Normal,Repair,Roof Repair,Sarah Williams,Internal,36.0,31-60,Closed,Closed,"Centerville, RI|2024-05-30"
"Clayton, ME",2024-05-31,2024-09-25,2024-10-31,2024-11-04,2408424,2024-11-08,2949222,1750.0,Closed,Urgent,Repair,Ceiling Tiles,Ashley Thompson,USPS,161.0,90+,Closed,Closed,"Clayton, ME|2024-05-31"
"Hudson, MO",2024-05-31,2024-06-05,2024-06-11,2024-07-09,2408108,2024-07-09,2948911,,Closed,Urgent,Repair,Roof Repair,Sarah Williams,USPS,39.0,31-60,Closed,Closed,"Hudson, MO|2024-05-31"
"Lexington, WV",2024-05-31,2024-06-03,2024-06-06,2024-06-19,2374008,2024-09-11,2913104,,Closed,Urgent,Repair,Electrical Repairs,Brandon Davis,USPS,103.0,90+,Closed,Closed,"Lexington, WV|2024-05-31"
"Mount Vernon, AR",2024-05-31,2024-07-19,2024-08-06,,,2024-11-08,,,Closed,Urgent,Repair,Doors,Ashley Thompson,Internal,161.0,90+,Closed,Closed,"Mount Vernon, AR|2024-05-31"
"Mount Vernon, MA",2024-05-31,2024-05-31,2024-06-04,2024-06-20,2408016,2024-06-20,2948776,0.0,Closed,Urgent,Repair,Plumbing,Mike Johnson,USPS,20.0,0-30,Closed,Closed,"Mount Vernon, MA|2024-05-31"
"Mount Vernon, MA",2024-05-31,2024-06-03,2024-06-03,2024-06-05,2408525,2024-06-27,2949314,180.0,Closed,Urgent,Repair,Doors,Mike Johnson,USPS,27.0,0-30,Closed,Closed,"Mount Vernon, MA|2024-05-31"
"Rockville, NY",2024-05-31,2024-07-23,2024-08-12,2024-10-15,2407597,2024-10-17,2948346,,Closed,Urgent,Repair,Misc. Repairs,Sarah Williams,USPS,139.0,90+,Closed,Closed,"Rockville, NY|2024-05-31"
"Auburn, HI",2024-06-03,2024-12-27,2024-03-19,,,2025-01-24,,300.0,Closed,Normal,Repair,HVAC PM,Ashley Thompson,Internal,235.0,90+,Closed,Closed,"Auburn, HI|2024-06-03"
"Cleveland, NV",2024-06-03,,,,,,,75.0,Closed,Urgent,Repair,Gutters,Ashley Thompson,Internal,688.0,90+,Closed,Closed,"Cleveland, NV|2024-06-03"
"Dayton, AK",2024-06-03,2025-05-08,2025-07-18,,,2025-10-07,,675.0,Closed,Normal,Repair,Vandalism,Kevin Miller,Internal,491.0,90+,Closed,Closed,"Dayton, AK|2024-06-03"
"Dayton, AK",2024-06-03,2024-07-01,2024-07-02,,,2024-10-31,,,Closed,Normal,Repair,Roof Repair,Ashley Thompson,Internal,150.0,90+,Closed,Closed,"Dayton, AK|2024-06-03"
"Milton, MO",2024-06-03,,,,2389085,2024-08-21,2947876,,Closed,Urgent,Repair,HVAC Repairs,Ashley Thompson,USPS,79.0,61-90,Closed,Closed,"Milton, MO|2024-06-03"
"Norwood, GA",2024-06-03,2024-07-19,2024-10-02,2024-10-02,2408608,2024-11-01,2949489,250.0,Closed,Urgent,Repair,Ceiling Tiles,Ashley Thompson,USPS,151.0,90+,Closed,Closed,"Norwood, GA|2024-06-03"
"Auburn, MS",2024-06-04,2024-06-05,2024-06-06,2024-06-06,,2024-08-02,,,Closed,Urgent,Repair,Misc. Repairs,Brandon Davis,Internal,59.0,31-60,Closed,Closed,"Auburn, MS|2024-06-04"
"Oakland, MI",2024-06-04,2024-05-20,2024-05-22,,,2024-06-21,,867.94,Closed,Normal,Repair,HVAC PM,Ashley Thompson,Internal,17.0,0-30,Closed,Closed,"Oakland, MI|2024-06-04"
"Canton, IN",2024-06-05,2024-06-05,2024-06-11,2024-06-11,,2024-08-21,,967.0,Closed,Urgent,Repair,HVAC Repairs,Mike Johnson,Internal,77.0,61-90,Closed,Closed,"Canton, IN|2024-06-05"
"Danville, NM",2024-06-05,2024-06-12,2024-06-20,2024-06-26,2408969,2024-07-11,2949797,,Closed,Normal,Repair,Doors,Brandon Davis,USPS,36.0,31-60,Closed,Closed,"Danville, NM|2024-06-05"
"Edison, MN",2024-06-05,2024-07-24,2024-09-11,2024-09-16,2410929,2025-03-03,2951824,,Closed,Emergency,Repair,Drive Thru,Sarah Williams,USPS,271.0,90+,Closed,Closed,"Edison, MN|2024-06-05"
"Greenville, IL",2024-06-05,2024-06-01,2024-06-07,2024-09-17,2409493,2024-09-26,2950297,1400.51,Closed,Urgent,Repair,HVAC Repairs,Mike Johnson,USPS,113.0,90+,Closed,Closed,"Greenville, IL|2024-06-05"
"Kingston, WY",2024-06-05,,,,,2024-06-11,,80.0,Closed,Normal,Repair,Landscaping,Ashley Thompson,Internal,6.0,0-30,Closed,Closed,"Kingston, WY|2024-06-05"
"Kingston, WY",2024-06-05,,,,,2024-06-11,,80.0,Closed,Normal,Repair,Landscaping,Ashley Thompson,Internal,6.0,0-30,Closed,Closed,"Kingston, WY|2024-06-05"
"Ashland, AZ",2024-06-06,2024-06-26,2024-08-14,2024-08-16,2409929,2024-08-20,2950877,11300.0,Closed,Urgent,Repair,HVAC Repairs,Mike Johnson,USPS,75.0,61-90,Closed,Closed,"Ashland, AZ|2024-06-06"
"Fairview, MD",2024-06-06,,2024-06-25,,,2024-06-25,,0.0,Closed,Urgent,Repair,HVAC Repairs,Mike Johnson,Internal,19.0,0-30,Closed,Closed,"Fairview, MD|2024-06-06"
"Fairview, MD",2024-06-06,2024-06-06,2024-06-06,,,2024-08-02,,,Closed,Urgent,Repair,HVAC Repairs,Ashley Thompson,Internal,57.0,31-60,Closed,Closed,"Fairview, MD|2024-06-06"
"Hudson, OR",2024-06-06,,2024-06-19,,2410327,2024-06-19,2951194,,Closed,Normal,Repair,Masonry,Brandon Davis,USPS,13.0,0-30,Closed,Closed,"Hudson, OR|2024-06-06"
"Jackson, FL",2024-06-06,,,2024-06-12,2410816,2024-06-12,2951739,,Closed,Urgent,Repair,Ceiling Tiles,Ashley Thompson,USPS,6.0,0-30,Closed,Closed,"Jackson, FL|2024-06-06"
"Mount Vernon, NC",2024-06-06,2024-06-07,2024-06-19,2024-06-20,2409871,2024-07-11,2950568,568.6,Closed,Urgent,Repair,Roof Repair,Mike Johnson,USPS,35.0,31-60,Closed,Closed,"Mount Vernon, NC|2024-06-06"
"Oxford, PA",2024-06-06,,2024-06-13,2024-06-20,2409310,2024-06-27,2950251,,Closed,Normal,Repair,Building Repairs,Sarah Williams,USPS,21.0,0-30,Closed,Closed,"Oxford, PA|2024-06-06"
"Oxford, PA",2024-06-06,2024-06-07,2024-06-13,2024-06-20,2409310,2024-07-15,2950248,,Closed,Normal,Repair,Roof Repair,Sarah Williams,USPS,39.0,31-60,Closed,Closed,"Oxford, PA|2024-06-06"
"Bloomington, MS",2024-06-07,,2024-06-17,2024-06-17,2410637,2024-06-18,2951534,,Closed,Normal,Repair,HVAC Repairs,Brandon Davis,USPS,11.0,0-30,Closed,Closed,"Bloomington, MS|2024-06-07"
"Danville, NE",2024-06-07,2024-07-02,2024-07-30,2024-07-30,2410792,2024-08-08,2951660,,Closed,Normal,Repair,Gutters,Brandon Davis,USPS,62.0,61-90,Closed,Closed,"Danville, NE|2024-06-07"
"Dover, VT",2024-06-07,2024-09-03,2024-09-23,2024-09-23,2410947,2024-10-17,2951802,,Closed,Urgent,Repair,HVAC Repairs,Sarah Williams,USPS,132.0,90+,Closed,Closed,"Dover, VT|2024-06-07"
"Edison, CT",2024-06-07,,2024-11-26,,,2024-12-05,,,Closed,Normal,Repair,HVAC PM,Ashley Thompson,Internal,181.0,90+,Closed,Closed,"Edison, CT|2024-06-07"
"Farmington, LA",2024-06-07,2024-06-07,2024-06-10,2024-06-10,2412107,2024-07-11,2953080,46.01,Closed,Emergency,Repair,HVAC Repairs,Mike Johnson,USPS,34.0,31-60,Closed,Closed,"Farmington, LA|2024-06-07"
"Greenville, NM",2024-06-07,,2024-05-01,,,2024-06-14,,130.0,Closed,Urgent,Repair,HVAC Repairs,Ashley Thompson,Internal,7.0,0-30,Closed,Closed,"Greenville, NM|2024-06-07"
"Hamilton, WA",2024-06-07,2024-06-07,2024-06-14,,,2024-06-26,,194.5,Closed,Normal,Repair,HVAC PM,Ashley Thompson,Internal,19.0,0-30,Closed,Closed,"Hamilton, WA|2024-06-07"
"Jackson, FL",2024-06-07,2024-10-07,2024-10-17,2024-10-17,2410818,2024-10-17,2951741,,Closed,Normal,Repair,Painting,Brandon Davis,USPS,132.0,90+,Closed,Closed,"Jackson, FL|2024-06-07"
"Jackson, FL",2024-06-07,2024-10-07,2024-10-17,2024-10-17,2410817,2024-11-04,2951740,,Closed,Normal,Repair,Painting,Brandon Davis,USPS,150.0,90+,Closed,Closed,"Jackson, FL|2024-06-07"
"Jackson, FL",2024-06-07,2024-08-05,2024-08-09,,,2024-08-20,,350.0,Closed,Normal,Repair,Electrical Repairs,Sarah Williams,Internal,74.0,61-90,Closed,Closed,"Jackson, FL|2024-06-07"
"Troy, AR",2024-06-07,2024-06-07,2024-06-08,,,2024-06-17,,50.0,Closed,Normal,Repair,Misc. Repairs,Mike Johnson,Internal,10.0,0-30,Closed,Closed,"Troy, AR|2024-06-07"
"Canton, WV",2024-06-10,2024-08-09,2025-02-10,2025-02-10,2406019,2025-02-21,2946707,,Closed,Urgent,Repair,Plumbing,Brandon Davis,USPS,256.0,90+,Closed,Closed,"Canton, WV|2024-06-10"
"Centerville, LA",2024-06-10,,2024-07-29,,,2024-07-29,,0.0,Closed,Normal,Repair,Roof Repair,Mike Johnson,Internal,49.0,31-60,Closed,Closed,"Centerville, LA|2024-06-10"
"Danville, MA",2024-06-10,,2025-09-28,,,,,259.8,Payment,Normal,Repair,HVAC Repairs,Ashley Thompson,Internal,681.0,90+,Financial Processing,Open,"Danville, MA|2024-06-10"
"Dayton, CT",2024-06-10,,,,,2024-06-11,,,Closed,Normal,Repair,Doors,Brandon Davis,Internal,1.0,0-30,Closed,Closed,"Dayton, CT|2024-06-10"
"Lexington, TX",2024-06-10,2024-06-26,2024-06-26,2024-06-26,2411397,2024-07-11,2952394,85.0,Closed,Urgent,Repair,HVAC Repairs,Ashley Thompson,USPS,31.0,31-60,Closed,Closed,"Lexington, TX|2024-06-10"
"Farmington, NM",2024-06-11,2024-07-15,2024-07-26,2024-07-26,2411617,2024-07-26,2952607,,Closed,Normal,Repair,Asbestos Abatement,Brandon Davis,USPS,45.0,31-60,Closed,Closed,"Farmington, NM|2024-06-11"
"Lexington, WV",2024-06-11,,,,2407403,2024-08-21,2948177,,Closed,Urgent,Repair,HVAC Repairs,Ashley Thompson,USPS,71.0,61-90,Closed,Closed,"Lexington, WV|2024-06-11"
"Oakland, MI",2024-06-11,2025-05-01,,,,,,1000.0,Contracted,Urgent,Repair,Flooring,Kevin Miller,Internal,680.0,90+,In Progress,Open,"Oakland, MI|2024-06-11"
"Rockville, NY",2024-06-12,2024-07-02,2024-09-06,,,2024-10-24,,,Closed,Urgent,Repair,HVAC Repairs,Ashley Thompson,Internal,134.0,90+,Closed,Closed,"Rockville, NY|2024-06-12"
"Rockville, NY",2024-06-12,2024-07-02,2024-09-06,,,2024-10-24,,,Closed,Urgent,Repair,HVAC Repairs,Ashley Thompson,Internal,134.0,90+,Closed,Closed,"Rockville, NY|2024-06-12"
"Rockville, NY",2024-06-12,2024-07-02,2024-09-06,,,2024-10-24,,,Closed,Urgent,Repair,HVAC Repairs,Ashley Thompson,Internal,134.0,90+,Closed,Closed,"Rockville, NY|2024-06-12"
"Auburn, MS",2024-06-13,2024-06-13,2024-06-24,,,2024-07-19,,,Closed,Normal,Repair,Pest Control,Brandon Davis,Internal,36.0,31-60,Closed,Closed,"Auburn, MS|2024-06-13"
"Carrollton, DE",2024-06-13,2024-06-18,2024-06-21,2024-06-25,2414137,,2955178,110.0,Closed,Urgent,Repair,Plumbing,Ashley Thompson,USPS,678.0,90+,Closed,Closed,"Carrollton, DE|2024-06-13"
"Clinton, VA",2024-06-13,2024-06-13,2024-06-15,,,2024-06-17,,0.0,Closed,Urgent,Repair,HVAC Repairs,Ashley Thompson,Internal,4.0,0-30,Closed,Closed,"Clinton, VA|2024-06-13"
"Danville, NM",2024-06-13,,2024-06-13,,,2024-06-21,,,Closed,Normal,Repair,Misc. Repairs,Brandon Davis,Internal,8.0,0-30,Closed,Closed,"Danville, NM|2024-06-13"
"Edison, WY",2024-06-13,2024-07-18,2024-08-16,2024-08-19,2412954,2024-09-10,2954044,,Closed,Normal,Repair,Roof Repair,Brandon Davis,USPS,89.0,61-90,Closed,Closed,"Edison, WY|2024-06-13"
"Edison, WY",2024-06-13,2024-07-17,2024-07-29,2024-08-05,2412953,2024-09-10,2954043,,Closed,Normal,Repair,Electrical Repairs,Brandon Davis,USPS,89.0,61-90,Closed,Closed,"Edison, WY|2024-06-13"
"Hamilton, PA",2024-06-13,1924-06-01,1924-12-19,,,1925-01-08,,,Closed,Normal,Repair,Landscaping,Ashley Thompson,Internal,0.0,0-30,Closed,Closed,"Hamilton, PA|2024-06-13"
"Lancaster, GA",2024-06-13,,,,,2024-07-16,,,Closed,Urgent,Repair,Roof Repair,Mike Johnson,Internal,33.0,31-60,Closed,Closed,"Lancaster, GA|2024-06-13"
"Lancaster, GA",2024-06-13,,,,,2024-07-16,,0.0,Closed,Urgent,Repair,Roof Repair,Mike Johnson,Internal,33.0,31-60,Closed,Closed,"Lancaster, GA|2024-06-13"
"Newport, OH",2024-06-13,,2024-06-20,,,2024-06-20,,600.0,Closed,Urgent,Repair,Structural,Mike Johnson,Internal,7.0,0-30,Closed,Closed,"Newport, OH|2024-06-13"
"Winchester, IN",2024-06-13,2024-07-30,2024-08-21,2024-08-22,2412755,2024-11-22,2953782,,Closed,Normal,Repair,Doors,Sarah Williams,USPS,162.0,90+,Closed,Closed,"Winchester, IN|2024-06-13"
"Ashland, IN",2024-06-17,,2024-06-18,2024-06-18,2412079,2024-06-18,2953047,,Closed,Normal,Repair,HVAC Repairs,Brandon Davis,USPS,1.0,0-30,Closed,Closed,"Ashland, IN|2024-06-17"
"Ashland, NY",2024-06-17,,,2024-06-24,2412037,2024-06-26,2953025,,Closed,Urgent,Repair,HVAC Repairs,Sarah Williams,USPS,9.0,0-30,Closed,Closed,"Ashland, NY|2024-06-17"
"Danville, NM",2024-06-17,2024-07-02,2024-07-18,,,2024-07-18,,,Closed,Urgent,Repair,Janitorial,Brandon Davis,Internal,31.0,31-60,Closed,Closed,"Danville, NM|2024-06-17"
"Georgetown, ME",2024-06-17,2024-06-18,2024-06-18,2024-06-18,2412402,2024-07-11,2953450,174.0,Closed,Urgent,Repair,HVAC Repairs,Ashley Thompson,USPS,24.0,0-30,Closed,Closed,"Georgetown, ME|2024-06-17"
"Newport, OK",2024-06-17,2024-07-22,2024-09-23,2024-09-05,2412456,2025-01-30,2953460,,Closed,Normal,Repair,Gutters,Sarah Williams,USPS,227.0,90+,Closed,Closed,"Newport, OK|2024-06-17"
"Norwood, ID",2024-06-17,2024-06-17,2024-06-17,,,,,315.0,Closed,Urgent,Repair,HVAC Repairs,Mike Johnson,Internal,674.0,90+,Closed,Closed,"Norwood, ID|2024-06-17"
"Oxford, PA",2024-06-17,2024-11-19,2025-04-21,2025-06-11,,2025-08-18,,43415.38,Closed,Normal,Repair,Roof Replacement - Flat,Brandon Davis,Internal,427.0,90+,Closed,Closed,"Oxford, PA|2024-06-17"
"Arlington, WV",2024-06-18,2024-07-02,2024-07-30,2024-07-31,2414229,2024-12-04,2955288,,Closed,Urgent,Repair,Concrete,Sarah Williams,USPS,169.0,90+,Closed,Closed,"Arlington, WV|2024-06-18"
"Ashland, AZ",2024-06-18,,2024-06-21,2024-06-21,2415344,2024-06-21,2956428,,Closed,Normal,Repair,Building Repairs,Brandon Davis,USPS,3.0,0-30,Closed,Closed,"Ashland, AZ|2024-06-18"
"Auburn, TN",2024-06-18,,2024-06-21,2024-06-21,2415469,2024-06-21,2956606,0.0,Closed,Urgent,Repair,Paving (Repair),Mike Johnson,USPS,3.0,0-30,Closed,Closed,"Auburn, TN|2024-06-18"
"Auburn, TN",2024-06-18,2025-01-31,2025-02-14,2025-02-18,2415469,2025-02-27,2956602,13537.5,Closed,Urgent,Repair,Concrete,Kevin Miller,USPS,254.0,90+,Closed,Closed,"Auburn, TN|2024-06-18"
"Bloomington, AZ",2024-06-18,2024-06-19,2024-06-19,2024-06-25,2413574,2024-07-11,2954566,75.0,Closed,Urgent,Repair,Plumbing,Ashley Thompson,USPS,23.0,0-30,Closed,Closed,"Bloomington, AZ|2024-06-18"
"Bloomington, AZ",2024-06-18,2024-08-15,2024-10-04,2024-10-07,2413574,2024-10-24,2954629,15141.0,Closed,Urgent,Repair,Paving (Replacement),Ashley Thompson,USPS,128.0,90+,Closed,Closed,"Bloomington, AZ|2024-06-18"
"Bloomington, AZ",2024-06-18,2024-08-15,2024-08-23,2024-08-23,2413574,2024-08-29,2954630,,Closed,Urgent,Repair,Building Repairs,Ashley Thompson,USPS,72.0,61-90,Closed,Closed,"Bloomington, AZ|2024-06-18"
"Clayton, NC",2024-06-18,2024-07-18,2024-08-05,2024-08-06,2413885,2024-08-29,2954948,107.0,Closed,Urgent,Repair,HVAC Repairs,Ashley Thompson,USPS,72.0,61-90,Closed,Closed,"Clayton, NC|2024-06-18"
"Clinton, ME",2024-06-18,2024-09-10,2024-10-05,2024-10-15,2413817,2024-11-08,2954862,1400.0,Closed,Normal,Repair,Drive Thru,Sarah Williams,USPS,143.0,90+,Closed,Closed,"Clinton, ME|2024-06-18"
"Dover, NH",2024-06-18,2024-07-05,2024-07-09,2024-07-10,2413446,2024-08-02,2954483,1250.0,Closed,Normal,Repair,Paving (Repair),Sarah Williams,USPS,45.0,31-60,Closed,Closed,"Dover, NH|2024-06-18"
"Farmington, NM",2024-06-18,2024-09-23,2024-10-09,2024-10-22,2415261,2024-10-22,2956360,,Closed,Normal,Repair,Paving (Repair),Brandon Davis,USPS,126.0,90+,Closed,Closed,"Farmington, NM|2024-06-18"
"Georgetown, ME",2024-06-18,2024-06-19,2024-07-19,,,2024-08-02,,500.0,Closed,Urgent,Repair,Roof Repair,Ashley Thompson,Internal,45.0,31-60,Closed,Closed,"Georgetown, ME|2024-06-18"
"Hamilton, OH",2024-06-18,2024-07-18,2024-07-30,2024-07-31,2414645,2024-08-16,2955718,200.0,Closed,Urgent,Repair,Electrical Repairs,Ashley Thompson,USPS,59.0,31-60,Closed,Closed,"Hamilton, OH|2024-06-18"
"Kingston, HI",2024-06-18,,,,,,,2600.0,Closed,Urgent,Repair,Misc. Repairs,Ashley Thompson,Internal,673.0,90+,Closed,Closed,"Kingston, HI|2024-06-18"
"Lancaster, ID",2024-06-18,2024-06-19,2024-07-10,2024-07-19,2416034,2024-08-08,2957044,,Closed,Normal,Repair,Doors,Sarah Williams,USPS,51.0,31-60,Closed,Closed,"Lancaster, ID|2024-06-18"
"Lancaster, PA",2024-06-18,2024-08-15,2024-08-28,2024-09-04,2415064,2024-09-10,2956196,,Closed,Normal,Repair,Roof Repair,Brandon Davis,USPS,84.0,61-90,Closed,Closed,"Lancaster, PA|2024-06-18"
"Newport, ME",2024-06-18,2024-07-22,2024-08-19,2024-08-21,2415843,2024-08-29,2956922,,Closed,Normal,Repair,Overhead Doors,Sarah Williams,USPS,72.0,61-90,Closed,Closed,"Newport, ME|2024-06-18"
"Bloomington, WY",2024-06-19,2024-06-19,2024-06-25,2024-06-28,2416790,2024-09-09,2957860,,Closed,Urgent,Repair,HVAC Repairs,Sarah Williams,USPS,82.0,61-90,Closed,Closed,"Bloomington, WY|2024-06-19"
"Fairview, ME",2024-06-19,,,,,2024-09-24,,,Closed,Normal,Repair,Misc. Repairs,Brandon Davis,Internal,97.0,90+,Closed,Closed,"Fairview, ME|2024-06-19"
"Kingston, NE",2024-06-19,,,,,,,,Closed,Urgent,Repair,Painting,Ashley Thompson,Internal,672.0,90+,Closed,Closed,"Kingston, NE|2024-06-19"
"Kingston, NE",2024-06-19,,,,,,,,Closed,Urgent,Repair,Roof Replacement - Shingle,Ashley Thompson,Internal,672.0,90+,Closed,Closed,"Kingston, NE|2024-06-19"
"Ashland, WA",2024-06-20,2024-08-22,2024-08-28,2024-08-28,2416480,2024-09-10,2957581,,Closed,Normal,Repair,Concrete,Brandon Davis,USPS,82.0,61-90,Closed,Closed,"Ashland, WA|2024-06-20"
"Dover, AK",2024-06-20,2024-06-25,2024-07-26,,,2024-08-02,,255.55,Closed,Normal,Repair,Concrete,Mike Johnson,Internal,43.0,31-60,Closed,Closed,"Dover, AK|2024-06-20"
"Georgetown, SD",2024-06-20,2024-06-21,2024-06-24,2024-06-26,2417194,2024-07-19,2958358,,Closed,Urgent,Repair,HVAC Repairs,Sarah Williams,USPS,29.0,0-30,Closed,Closed,"Georgetown, SD|2024-06-20"
"Cleveland, ID",2024-06-21,2024-06-21,2024-06-21,2024-06-21,2417479,2024-07-19,2958673,249.95,Closed,Emergency,Repair,HVAC Repairs,Mike Johnson,USPS,28.0,0-30,Closed,Closed,"Cleveland, ID|2024-06-21"
"Jackson, LA",2024-06-21,2024-06-21,2024-06-21,2024-06-27,2417767,2024-07-15,2958907,,Closed,Emergency,Repair,Roof Repair,Sarah Williams,USPS,24.0,0-30,Closed,Closed,"Jackson, LA|2024-06-21"
"Lancaster, VA",2024-06-21,2024-06-21,2024-06-28,2024-07-10,2418406,2024-09-27,2959600,,Closed,Emergency,Repair,HVAC Repairs,Mike Johnson,USPS,98.0,90+,Closed,Closed,"Lancaster, VA|2024-06-21"
"Arlington, CO",2024-06-24,2024-08-22,2024-09-04,2024-09-09,2417553,2024-10-24,2958704,,Closed,Normal,Repair,HVAC Repairs,Brandon Davis,USPS,122.0,90+,Closed,Closed,"Arlington, CO|2024-06-24"
"Arlington, CO",2024-06-24,2024-10-01,2024-11-07,2024-11-07,2417821,2024-12-18,2959016,,Closed,Normal,Repair,HVAC Repairs,Brandon Davis,USPS,177.0,90+,Closed,Closed,"Arlington, CO|2024-06-24"
"Clinton, SC",2024-06-24,2024-08-20,2024-08-29,2024-08-29,2417847,2024-09-25,2959043,,Closed,Normal,Repair,Roof Repair,Brandon Davis,USPS,93.0,90+,Closed,Closed,"Clinton, SC|2024-06-24"
"Columbia, MO",2024-06-24,2024-06-24,2024-06-28,2024-07-29,2417911,2024-07-29,2959173,,Closed,Urgent,Repair,Roof Repair,Sarah Williams,USPS,35.0,31-60,Closed,Closed,"Columbia, MO|2024-06-24"
"Danville, NM",2024-06-24,,,,190383,2024-08-16,2393542,125.0,Closed,Urgent,Repair,Doors,Ashley Thompson,USPS,53.0,31-60,Closed,Closed,"Danville, NM|2024-06-24"
"Franklin, DE",2024-06-24,2024-06-24,2024-06-25,2024-06-26,2417515,2024-07-11,2958689,547.69,Closed,Urgent,Repair,HVAC Repairs,Mike Johnson,USPS,17.0,0-30,Closed,Closed,"Franklin, DE|2024-06-24"
"Winchester, NM",2024-06-24,2024-07-25,2024-08-02,2024-08-05,2417822,2024-08-07,2958910,350.0,Closed,Urgent,Repair,Gutters,Ashley Thompson,USPS,44.0,31-60,Closed,Closed,"Winchester, NM|2024-06-24"
"Winchester, SC",2024-06-24,2024-08-14,2024-08-15,2024-08-29,2417675,2024-09-20,2958812,,Closed,Normal,Repair,Roof Repair,Sarah Williams,USPS,88.0,61-90,Closed,Closed,"Winchester, SC|2024-06-24"
"Ashland, AZ",2024-06-25,2024-06-25,2024-06-26,2024-06-26,2418665,2024-07-23,2959880,85.0,Closed,Urgent,Repair,Plumbing,Ashley Thompson,USPS,28.0,0-30,Closed,Closed,"Ashland, AZ|2024-06-25"
"Dayton, MA",2024-06-25,,2024-06-18,,,2024-07-11,,,Closed,Urgent,Repair,HVAC Repairs,Ashley Thompson,Internal,16.0,0-30,Closed,Closed,"Dayton, MA|2024-06-25"
"Franklin, DE",2024-06-25,2024-06-26,2024-06-27,2024-07-03,2418395,2024-07-11,2959548,220.0,Closed,Urgent,Repair,Doors,Ashley Thompson,USPS,16.0,0-30,Closed,Closed,"Franklin, DE|2024-06-25"
"Gainesville, NY",2024-06-25,2024-07-17,2024-07-23,2024-08-02,2418668,2024-08-08,2959954,465.0,Closed,Urgent,Repair,Vandalism,Sarah Williams,USPS,44.0,31-60,Closed,Closed,"Gainesville, NY|2024-06-25"
"Centerville, LA",2024-06-26,2024-07-29,2024-08-27,2024-09-06,2419848,2024-11-01,2961045,475.0,Closed,Urgent,Repair,Roof Repair,Mike Johnson,USPS,128.0,90+,Closed,Closed,"Centerville, LA|2024-06-26"
"Centerville, MS",2024-06-26,2024-07-03,2024-07-10,2024-07-10,2419065,2024-07-19,2960245,,Closed,Normal,Repair,HVAC Repairs,Brandon Davis,USPS,23.0,0-30,Closed,Closed,"Centerville, MS|2024-06-26"
"Cleveland, MN",2024-06-26,2024-06-04,2024-06-05,2024-06-26,,2024-08-02,,,Closed,Normal,Repair,Misc. Repairs,Brandon Davis,Internal,37.0,31-60,Closed,Closed,"Cleveland, MN|2024-06-26"
"Clinton, MN",2024-06-26,,2024-06-26,,,2024-06-26,,,Closed,Normal,Repair,Violation,Brandon Davis,Internal,0.0,0-30,Closed,Closed,"Clinton, MN|2024-06-26"
"Danville, NM",2024-06-26,2024-07-23,2024-09-06,,,2024-09-10,,,Closed,Urgent,Repair,Fencing,Brandon Davis,Internal,76.0,61-90,Closed,Closed,"Danville, NM|2024-06-26"
"Florence, MO",2024-06-26,2024-06-26,2024-08-15,2024-08-15,,2024-08-21,,,Closed,Normal,Repair,Utilities,Brandon Davis,Internal,56.0,31-60,Closed,Closed,"Florence, MO|2024-06-26"
"Florence, UT",2024-06-26,2024-06-27,2024-07-15,2024-07-15,2418685,2024-07-15,2959904,,Closed,Normal,Repair,Roof Repair,Brandon Davis,USPS,19.0,0-30,Closed,Closed,"Florence, UT|2024-06-26"
"Georgetown, NJ",2024-06-26,2024-06-28,2024-06-29,2024-07-10,2420068,2024-07-19,2961354,158.09,Closed,Urgent,Repair,HVAC Repairs,Mike Johnson,USPS,23.0,0-30,Closed,Closed,"Georgetown, NJ|2024-06-26"
"Hamilton, AZ",2024-06-26,2024-06-28,2024-07-08,2024-07-09,2419181,2024-07-19,2960344,5112.0,Closed,Urgent,Repair,HVAC Repairs,Mike Johnson,USPS,23.0,0-30,Closed,Closed,"Hamilton, AZ|2024-06-26"
"Lexington, TX",2024-06-26,2024-07-22,2024-07-26,2024-07-30,2420256,2024-08-08,2961441,1000.0,Closed,Urgent,Repair,Ceiling Tiles,Ashley Thompson,USPS,43.0,31-60,Closed,Closed,"Lexington, TX|2024-06-26"
"Milton, MO",2024-06-26,2024-06-24,2024-06-26,2024-07-02,2419426,2024-07-19,2960628,,Closed,Normal,Repair,HVAC Repairs,Brandon Davis,USPS,23.0,0-30,Closed,Closed,"Milton, MO|2024-06-26"
"Milton, MO",2024-06-26,2024-07-23,2024-07-25,2024-07-29,2419423,2024-08-02,2960625,750.0,Closed,Urgent,Repair,Roof Repair,Mike Johnson,USPS,37.0,31-60,Closed,Closed,"Milton, MO|2024-06-26"
"Winchester, WY",2024-06-26,2024-09-17,2024-10-30,2024-11-05,2419883,2024-12-17,2961099,,Closed,Urgent,Repair,Gutters,Ashley Thompson,USPS,174.0,90+,Closed,Closed,"Winchester, WY|2024-06-26"
"Burlington, AR",2024-06-27,,,,,2024-11-14,,,Closed,Urgent,Repair,Plumbing,Mike Johnson,Internal,140.0,90+,Closed,Closed,"Burlington, AR|2024-06-27"
"Madison, NE",2024-06-27,2024-07-31,2024-08-21,2024-08-21,,2024-08-21,,,Closed,Normal,Repair,Plumbing,Brandon Davis,Internal,55.0,31-60,Closed,Closed,"Madison, NE|2024-06-27"
"Winchester, GA",2024-06-28,2024-07-02,2024-08-08,,2421232,2024-08-16,2962544,178.0,Closed,Urgent,Repair,Ceiling Tiles,Ashley Thompson,USPS,49.0,31-60,Closed,Closed,"Winchester, GA|2024-06-28"
"Ashland, IN",2024-07-01,2024-07-24,2024-08-05,2024-08-05,2420561,2024-09-25,2961825,,Closed,Normal,Repair,Paving (Repair),Brandon Davis,USPS,86.0,61-90,Closed,Closed,"Ashland, IN|2024-07-01"
"Ashland, IN",2024-07-01,2024-07-24,2024-09-10,2024-09-10,2420495,2024-09-10,2961713,,Closed,Normal,Repair,Doors,Brandon Davis,USPS,71.0,61-90,Closed,Closed,"Ashland, IN|2024-07-01"
"Clinton, OK",2024-07-01,2024-05-25,2024-06-10,,,2024-07-11,,181.37,Closed,Urgent,Repair,HVAC PM,Ashley Thompson,Internal,10.0,0-30,Closed,Closed,"Clinton, OK|2024-07-01"
"Danville, NM",2024-07-01,2024-07-02,2024-07-18,,,2024-08-02,,,Closed,Urgent,Repair,Landscaping,Brandon Davis,Internal,32.0,31-60,Closed,Closed,"Danville, NM|2024-07-01"
"Danville, OH",2024-07-01,2024-08-07,2024-08-16,2024-08-16,2419717,2024-09-10,2960898,,Closed,Normal,Repair,Misc. Repairs,Sarah Williams,USPS,71.0,61-90,Closed,Closed,"Danville, OH|2024-07-01"
"Dayton, PA",2024-07-01,2024-07-18,2024-07-18,2024-10-04,2419630,2025-01-30,2960828,,Closed,Normal,Repair,Roof Repair,Sarah Williams,USPS,213.0,90+,Closed,Closed,"Dayton, PA|2024-07-01"
"Dayton, PA",2024-07-01,2024-10-03,2024-10-04,2024-10-07,2419715,2024-11-01,2960896,,Closed,Normal,Repair,Ceiling Tiles,Sarah Williams,USPS,123.0,90+,Closed,Closed,"Dayton, PA|2024-07-01"
"Georgetown, ME",2024-07-01,,2024-10-24,2024-10-24,2420076,2025-02-04,2961298,,Closed,Normal,Repair,Roof Repair,Sarah Williams,USPS,218.0,90+,Closed,Closed,"Georgetown, ME|2024-07-01"
"Georgetown, SD",2024-07-01,2024-06-28,2024-07-01,2024-07-01,2421055,2024-10-03,2962319,,Closed,Urgent,Repair,HVAC Repairs,Mike Johnson,USPS,94.0,90+,Closed,Closed,"Georgetown, SD|2024-07-01"
"Jackson, PA",2024-07-01,,,,,2024-07-09,,,Closed,Urgent,Repair,Utilities,Ashley Thompson,Internal,8.0,0-30,Closed,Closed,"Jackson, PA|2024-07-01"
"Jackson, TN",2024-07-01,,,,,2024-10-28,,,Closed,Urgent,Repair,Doors,Ashley Thompson,Internal,119.0,90+,Closed,Closed,"Jackson, TN|2024-07-01"
"Winchester, WY",2024-07-01,2024-09-12,2024-10-01,2024-10-07,2420468,2024-12-18,2961778,650.0,Closed,Normal,Repair,Roof Repair,Sarah Williams,USPS,170.0,90+,Closed,Closed,"Winchester, WY|2024-07-01"
"Riverside, MA",2024-07-02,2024-07-30,2024-08-01,2024-08-12,2421686,2024-08-14,2963036,,Closed,Normal,Repair,Roof Repair,Sarah Williams,USPS,43.0,31-60,Closed,Closed,"Riverside, MA|2024-07-02"
"Anderson, FL",2024-07-03,2024-07-31,2024-08-09,2024-08-27,2422758,2024-09-10,2964069,260.0,Closed,Urgent,Repair,Ceiling Tiles,Ashley Thompson,USPS,69.0,61-90,Closed,Closed,"Anderson, FL|2024-07-03"
"Clinton, GA",2024-07-03,2024-08-12,2024-08-31,2024-09-03,2421428,2024-09-10,2962780,1887.0,Closed,Urgent,Repair,Paving (Repair),Mike Johnson,USPS,69.0,61-90,Closed,Closed,"Clinton, GA|2024-07-03"
"Clinton, SC",2024-07-03,2024-07-18,2024-07-29,2024-07-29,2422666,2024-07-29,2963951,,Closed,Urgent,Repair,HVAC Repairs,Brandon Davis,USPS,26.0,0-30,Closed,Closed,"Clinton, SC|2024-07-03"
"Dover, KS",2024-07-03,2024-07-11,2024-07-18,2024-07-22,2421732,2024-08-08,2963034,130.0,Closed,Urgent,Repair,Plumbing,Ashley Thompson,USPS,36.0,31-60,Closed,Closed,"Dover, KS|2024-07-03"
"Farmington, CA",2024-07-03,2024-07-11,2024-07-12,2024-07-12,2421831,2024-08-08,2963139,500.0,Closed,Urgent,Repair,Doors,Ashley Thompson,USPS,36.0,31-60,Closed,Closed,"Farmington, CA|2024-07-03"
"Florence, IL",2024-07-03,2024-07-03,2024-07-10,,,2024-08-13,,1561.0,Closed,Urgent,Repair,HVAC Repairs,Ashley Thompson,Internal,41.0,31-60,Closed,Closed,"Florence, IL|2024-07-03"
"Winchester, WY",2024-07-03,2024-09-17,2024-10-30,2024-11-05,2419909,2024-12-17,2961130,1200.0,Closed,Urgent,Repair,Structural,Ashley Thompson,USPS,167.0,90+,Closed,Closed,"Winchester, WY|2024-07-03"
"Ashland, AZ",2024-07-05,,,,2409929,,2964359,,Closed,Urgent,Repair,HVAC Repairs,Ashley Thompson,USPS,656.0,90+,Closed,Closed,"Ashland, AZ|2024-07-05"
"Fairview, MD",2024-07-05,2024-08-09,2024-08-30,2024-09-04,2422686,2024-11-22,2964007,,Closed,Normal,Repair,HVAC Repairs,Sarah Williams,USPS,140.0,90+,Closed,Closed,"Fairview, MD|2024-07-05"
"Farmington, CA",2024-07-05,,2024-07-03,2024-07-08,2421826,2024-07-09,2963136,,Closed,Normal,Repair,HVAC Repairs,Sarah Williams,USPS,4.0,0-30,Closed,Closed,"Farmington, CA|2024-07-05"
"Anderson, FL",2024-07-08,,2024-07-05,2024-07-08,2422758,2024-07-22,2964068,,Closed,Normal,Repair,Roof Repair,Sarah Williams,USPS,14.0,0-30,Closed,Closed,"Anderson, FL|2024-07-08"
"Mount Vernon, MA",2024-07-08,2024-07-10,2024-07-12,2024-07-15,2422535,2024-08-14,2963846,,Closed,Normal,Repair,Roof Repair,Sarah Williams,USPS,37.0,31-60,Closed,Closed,"Mount Vernon, MA|2024-07-08"
"Oxford, LA",2024-07-08,2024-08-02,2024-08-28,2024-09-03,2422572,2024-09-10,2963908,,Closed,Normal,Repair,Paving (Repair),Sarah Williams,USPS,64.0,61-90,Closed,Closed,"Oxford, LA|2024-07-08"
"Rockville, NV",2024-07-08,2024-10-04,2024-10-31,2024-11-07,2424109,2024-11-22,2965517,,Closed,Normal,Repair,Drive Thru,Sarah Williams,USPS,137.0,90+,Closed,Closed,"Rockville, NV|2024-07-08"
"Anderson, MA",2024-07-09,,,,,,,,Closed,Urgent,Repair,Drive Thru,Ashley Thompson,Internal,652.0,90+,Closed,Closed,"Anderson, MA|2024-07-09"
"Arlington, CO",2024-07-09,,2024-07-09,2024-07-09,2421599,2024-07-09,2962903,,Closed,Normal,Repair,HVAC Repairs,Brandon Davis,USPS,0.0,0-30,Closed,Closed,"Arlington, CO|2024-07-09"
"Bloomington, MS",2024-07-09,2024-07-09,2024-07-24,2024-07-24,2424395,2024-08-21,2965769,,Closed,Emergency,Repair,HVAC Repairs,Brandon Davis,USPS,43.0,31-60,Closed,Closed,"Bloomington, MS|2024-07-09"
"Bristol, GA",2024-07-09,2024-07-09,2024-07-09,2024-07-09,2423641,2024-09-10,2964968,,Closed,Urgent,Repair,HVAC Repairs,Brandon Davis,USPS,63.0,61-90,Closed,Closed,"Bristol, GA|2024-07-09"
"Cleveland, OR",2024-07-09,2024-07-09,2024-07-09,2024-07-10,2424197,2024-08-02,2965558,122.49,Closed,Urgent,Repair,HVAC Repairs,Mike Johnson,USPS,24.0,0-30,Closed,Closed,"Cleveland, OR|2024-07-09"
"Gainesville, AK",2024-07-09,2024-07-09,2024-07-19,2024-08-12,2423039,2024-08-20,2964393,,Closed,Normal,Repair,HVAC Repairs,Sarah Williams,USPS,42.0,31-60,Closed,Closed,"Gainesville, AK|2024-07-09"
"Hamilton, AZ",2024-07-09,2024-07-25,2024-08-05,2024-08-12,2423455,2024-08-28,2964818,1200.0,Closed,Urgent,Repair,Paving (Repair),Ashley Thompson,USPS,50.0,31-60,Closed,Closed,"Hamilton, AZ|2024-07-09"
"Lexington, WV",2024-07-09,2024-07-09,2024-07-09,2024-07-10,2424394,2024-07-19,2965815,148.82,Closed,Urgent,Repair,HVAC Repairs,Mike Johnson,USPS,10.0,0-30,Closed,Closed,"Lexington, WV|2024-07-09"
"Marion, GA",2024-07-09,2024-09-17,2024-10-24,2024-10-24,2421951,2024-11-04,2963269,,Closed,Normal,Repair,Roof Repair,Brandon Davis,USPS,118.0,90+,Closed,Closed,"Marion, GA|2024-07-09"
"Bloomington, WY",2024-07-10,2024-07-09,2024-07-16,2024-07-16,2424027,2024-11-20,2965448,,Closed,Emergency,Repair,HVAC Repairs,Sarah Williams,USPS,133.0,90+,Closed,Closed,"Bloomington, WY|2024-07-10"
"Hudson, MO",2024-07-10,2015-07-10,2024-07-30,2024-09-10,2425411,2024-11-04,2966848,,Closed,Emergency,Repair,HVAC Repairs,Mike Johnson,USPS,117.0,90+,Closed,Closed,"Hudson, MO|2024-07-10"
"Danville, NM",2024-07-11,,2024-07-11,,,2024-07-15,,,Closed,Normal,Repair,Building Repairs,Brandon Davis,Internal,4.0,0-30,Closed,Closed,"Danville, NM|2024-07-11"
"Dover, KS",2024-07-11,,,2024-07-12,2424824,,2966243,,Closed,Urgent,Repair,HVAC Repairs,Ashley Thompson,USPS,650.0,90+,Closed,Closed,"Dover, KS|2024-07-11"
"Fairview, AL",2024-07-11,2024-07-12,2024-07-12,2024-07-16,2424791,2024-08-02,2966203,120.0,Closed,Urgent,Repair,HVAC Repairs,Ashley Thompson,USPS,22.0,0-30,Closed,Closed,"Fairview, AL|2024-07-11"
"Fairview, MT",2024-07-11,2024-10-31,2024-11-20,2024-11-21,2425032,2024-12-04,2966421,13352.82,Closed,Normal,Repair,Roof Replacement - Shingle,Mike Johnson,USPS,146.0,90+,Closed,Closed,"Fairview, MT|2024-07-11"
"Hudson, MO",2024-07-11,2024-07-24,2024-07-30,2024-08-13,2425411,2024-09-26,2967252,1096.95,Closed,Urgent,Repair,HVAC Repairs,Mike Johnson,USPS,77.0,61-90,Closed,Closed,"Hudson, MO|2024-07-11"
"Rockville, NV",2024-07-11,2024-07-11,2024-07-11,2024-07-12,2424109,2024-10-10,2965516,300.0,Closed,Emergency,Repair,Drive Thru,Mike Johnson,USPS,91.0,90+,Closed,Closed,"Rockville, NV|2024-07-11"
"Ashland, AZ",2024-07-15,2024-10-02,2024-10-02,2024-10-02,2425774,2024-10-22,2967217,,Closed,Normal,Repair,Roof Repair,Brandon Davis,USPS,99.0,90+,Closed,Closed,"Ashland, AZ|2024-07-15"
"Ashland, NC",2024-07-15,,2024-07-22,2024-07-22,2424761,2024-08-20,2966072,200.0,Closed,Urgent,Repair,Storm/Flood Cleanup,Mike Johnson,USPS,36.0,31-60,Closed,Closed,"Ashland, NC|2024-07-15"
"Auburn, FL",2024-07-15,2024-08-29,2024-08-31,2024-09-03,2421888,2024-09-10,2963204,600.0,Closed,Urgent,Repair,Concrete,Ashley Thompson,USPS,57.0,31-60,Closed,Closed,"Auburn, FL|2024-07-15"
"Auburn, TN",2024-07-15,2024-07-17,2024-07-17,2024-11-07,2426414,2024-11-22,2967889,100.0,Closed,Urgent,Repair,Plumbing,Ashley Thompson,USPS,130.0,90+,Closed,Closed,"Auburn, TN|2024-07-15"
"Clinton, ME",2024-07-15,2024-10-11,2024-10-23,2024-10-25,2424218,2024-11-01,2965605,1500.0,Closed,Urgent,Repair,Paving (Repair),Kevin Miller,USPS,109.0,90+,Closed,Closed,"Clinton, ME|2024-07-15"
"Danville, SD",2024-07-15,2024-07-22,2024-07-23,2024-08-02,2425064,2024-08-08,2966473,,Closed,Normal,Repair,Doors,Brandon Davis,USPS,24.0,0-30,Closed,Closed,"Danville, SD|2024-07-15"
"Dayton, VT",2024-07-15,2024-09-16,2024-10-10,2024-10-23,2425542,2024-11-22,2966941,,Closed,Normal,Repair,Roof Replacement - Shingle,Sarah Williams,USPS,130.0,90+,Closed,Closed,"Dayton, VT|2024-07-15"
"Georgetown, MO",2024-07-15,2024-07-16,2024-07-26,2024-08-12,2424801,2024-08-14,2966215,,Closed,Normal,Repair,Roof Repair,Sarah Williams,USPS,30.0,0-30,Closed,Closed,"Georgetown, MO|2024-07-15"
"Hamilton, ND",2024-07-15,2024-07-13,2024-07-13,2024-07-13,,2024-08-29,,354.0,Closed,Urgent,Repair,HVAC Repairs,Mike Johnson,Internal,45.0,31-60,Closed,Closed,"Hamilton, ND|2024-07-15"
"Jackson, FL",2024-07-15,2024-09-19,2024-10-24,2024-11-05,2426203,2025-01-20,2967630,,Closed,Normal,Repair,Roof Repair,Sarah Williams,USPS,189.0,90+,Closed,Closed,"Jackson, FL|2024-07-15"
"Lancaster, VA",2024-07-15,2024-07-15,2024-07-18,2024-08-07,2424205,2024-08-16,2965565,350.0,Closed,Urgent,Repair,Plumbing,Ashley Thompson,USPS,32.0,31-60,Closed,Closed,"Lancaster, VA|2024-07-15"
"Lexington, AL",2024-07-15,,2024-07-23,2024-08-05,2425939,2024-08-14,2967361,,Closed,Normal,Repair,Roof Repair,Sarah Williams,USPS,30.0,0-30,Closed,Closed,"Lexington, AL|2024-07-15"
"Mount Vernon, AR",2024-07-15,2024-07-18,2024-07-29,2024-07-29,2425451,2024-08-08,2966915,285.6,Closed,Normal,Repair,Electrical Repairs,Brandon Davis,USPS,24.0,0-30,Closed,Closed,"Mount Vernon, AR|2024-07-15"
"Salem, NM",2024-07-15,2024-07-18,2024-07-24,2024-08-06,2423450,2024-09-09,2964795,,Closed,Normal,Repair,Roof Repair,Sarah Williams,USPS,56.0,31-60,Closed,Closed,"Salem, NM|2024-07-15"
"Auburn, TN",2024-07-16,2024-07-17,2024-07-19,2024-07-22,2427336,2024-10-03,2968804,885.0,Closed,Urgent,Repair,HVAC Repairs,Mike Johnson,USPS,79.0,61-90,Closed,Closed,"Auburn, TN|2024-07-16"
"Greenville, IL",2024-07-16,2024-08-20,2024-08-30,2024-09-05,2426458,2024-11-22,2967953,,Closed,Urgent,Repair,Paving (Repair),Sarah Williams,USPS,129.0,90+,Closed,Closed,"Greenville, IL|2024-07-16"
"Norwood, ID",2024-07-16,2024-07-16,2024-07-17,2024-07-18,2427036,2024-08-20,2968496,190.0,Closed,Urgent,Repair,HVAC Repairs,Mike Johnson,USPS,35.0,31-60,Closed,Closed,"Norwood, ID|2024-07-16"
"Norwood, ID",2024-07-16,2024-08-14,2024-09-13,2024-09-17,2426894,2024-09-25,2968494,6800.0,Closed,Urgent,Repair,Paving (Repair),Mike Johnson,USPS,71.0,61-90,Closed,Closed,"Norwood, ID|2024-07-16"
"Winchester, GA",2024-07-16,2024-07-16,2024-08-06,2024-11-08,2426927,2024-11-11,2968384,,Closed,Normal,Repair,Roof Repair,Sarah Williams,USPS,118.0,90+,Closed,Closed,"Winchester, GA|2024-07-16"
"Gainesville, NH",2024-07-17,2024-07-18,2024-07-30,,,2024-08-08,,175.0,Closed,Low,Repair,Pest Control,Ashley Thompson,Internal,22.0,0-30,Closed,Closed,"Gainesville, NH|2024-07-17"
"Georgetown, ME",2024-07-17,2024-07-17,2024-07-18,2024-07-23,2427649,2024-08-15,2969258,500.0,Closed,Emergency,Repair,HVAC Repairs,Mike Johnson,USPS,29.0,0-30,Closed,Closed,"Georgetown, ME|2024-07-17"
"Jackson, KS",2024-07-17,,,,2427491,,2968984,,Closed,Normal,Repair,Misc. Repairs,Sarah Williams,USPS,644.0,90+,Closed,Closed,"Jackson, KS|2024-07-17"
"Jackson, WA",2024-07-17,,,,2427649,2024-07-22,2969258,,Closed,Emergency,Repair,HVAC Repairs,Mike Johnson,USPS,5.0,0-30,Closed,Closed,"Jackson, WA|2024-07-17"
"Norwood, ID",2024-07-17,,2024-05-31,,,2024-08-02,,440.0,Closed,Low,Repair,HVAC Repairs,Mike Johnson,Internal,16.0,0-30,Closed,Closed,"Norwood, ID|2024-07-17"
"Norwood, ID",2024-07-17,2024-09-19,2024-10-07,2024-10-07,2427017,2024-10-24,2968487,,Closed,Normal,Repair,Concrete,Sarah Williams,USPS,99.0,90+,Closed,Closed,"Norwood, ID|2024-07-17"
"Norwood, ID",2024-07-17,2024-09-19,2024-10-07,2024-10-07,2427035,2024-10-24,2968495,,Closed,Normal,Repair,Concrete,Sarah Williams,USPS,99.0,90+,Closed,Closed,"Norwood, ID|2024-07-17"
"Norwood, ID",2024-07-17,2024-09-19,2024-10-07,,,2024-10-24,,,Closed,Normal,Repair,Misc. Repairs,Sarah Williams,Internal,99.0,90+,Closed,Closed,"Norwood, ID|2024-07-17"
"Norwood, ID",2024-07-17,2024-07-18,2024-07-19,2024-09-09,2427019,2024-09-25,2968488,,Closed,Normal,Repair,Roof Repair,Brandon Davis,USPS,70.0,61-90,Closed,Closed,"Norwood, ID|2024-07-17"
"Clayton, NC",2024-07-18,2024-07-18,2024-08-05,,,,,444.0,Dispute,Urgent,Repair,HVAC PM,Ashley Thompson,Internal,643.0,90+,Risk,Open,"Clayton, NC|2024-07-18"
"Danville, NM",2024-07-18,2024-07-17,2024-07-17,2024-07-18,,2024-08-02,,200.0,Closed,Urgent,Repair,HVAC Repairs,Mike Johnson,Internal,15.0,0-30,Closed,Closed,"Danville, NM|2024-07-18"
"Springfield, NC",2024-07-18,2024-10-03,2024-10-29,2024-11-05,2428087,2024-12-05,2969616,,Closed,Normal,Repair,Roof Repair,Sarah Williams,USPS,140.0,90+,Closed,Closed,"Springfield, NC|2024-07-18"
"Farmington, KS",2024-07-19,2024-09-16,2024-10-21,2024-10-28,2427024,2024-11-08,2968515,1200.0,Closed,Urgent,Repair,Structural,Mike Johnson,USPS,112.0,90+,Closed,Closed,"Farmington, KS|2024-07-19"
"Georgetown, ME",2024-07-19,2024-09-12,2024-10-18,2024-10-21,2428762,2024-12-12,2970250,3000.0,Closed,Urgent,Repair,Paving (Repair),Ashley Thompson,USPS,146.0,90+,Closed,Closed,"Georgetown, ME|2024-07-19"
"Georgetown, NC",2024-07-19,,,2024-08-20,2428048,2024-10-09,2969545,,Closed,Normal,Repair,Masonry,Sarah Williams,USPS,82.0,61-90,Closed,Closed,"Georgetown, NC|2024-07-19"
"Lancaster, GA",2024-07-19,2024-07-20,2024-08-29,2024-09-03,2428630,2024-09-30,2970197,,Closed,Urgent,Repair,Roof Repair,Mike Johnson,USPS,73.0,61-90,Closed,Closed,"Lancaster, GA|2024-07-19"
"Lexington, CO",2024-07-19,2024-09-09,2024-09-10,2024-09-18,2429056,2024-09-24,2970590,,Closed,Urgent,Repair,Roof Repair,Ashley Thompson,USPS,67.0,61-90,Closed,Closed,"Lexington, CO|2024-07-19"
"Lexington, CO",2024-07-19,2024-08-13,2024-08-16,2024-08-19,2429056,2024-09-10,2970613,250.0,Closed,Urgent,Repair,Gutters,Ashley Thompson,USPS,53.0,31-60,Closed,Closed,"Lexington, CO|2024-07-19"
"Madison, NE",2024-07-19,2024-07-22,2024-07-23,2024-07-23,2428173,2024-08-08,2969773,,Closed,Normal,Repair,Roof Repair,Brandon Davis,USPS,20.0,0-30,Closed,Closed,"Madison, NE|2024-07-19"
"Carrollton, OH",2024-07-22,,2024-07-26,2024-07-26,2428568,2024-07-26,2970114,,Closed,Normal,Repair,Plumbing,Brandon Davis,USPS,4.0,0-30,Closed,Closed,"Carrollton, OH|2024-07-22"
"Clinton, SC",2024-07-22,,,,2422666,,2969081,,Closed,Urgent,Repair,HVAC Repairs,Ashley Thompson,USPS,639.0,90+,Closed,Closed,"Clinton, SC|2024-07-22"
"Edison, GA",2024-07-22,,,,,,,133.5,Closed,Urgent,Repair,Electrical Repairs,Ashley Thompson,Internal,639.0,90+,Closed,Closed,"Edison, GA|2024-07-22"
"Fairview, AL",2024-07-22,2025-10-20,,,,,,450.0,Contracted,Normal,Repair,Misc. Repairs,Jessica Martin,Internal,639.0,90+,In Progress,Open,"Fairview, AL|2024-07-22"
"Hamilton, CT",2024-07-22,2024-07-17,2024-07-18,2024-07-23,2427788,2024-09-25,2969278,112.5,Closed,Urgent,Repair,HVAC Repairs,Mike Johnson,USPS,65.0,61-90,Closed,Closed,"Hamilton, CT|2024-07-22"
"Hamilton, WA",2024-07-22,2024-07-22,2024-07-22,2024-07-23,2429635,2024-08-02,2971225,248.83,Closed,Emergency,Repair,HVAC Repairs,Mike Johnson,USPS,11.0,0-30,Closed,Closed,"Hamilton, WA|2024-07-22"
"Jackson, WA",2024-07-22,2024-08-02,2024-08-07,2024-08-12,2428343,2024-08-20,2969810,,Closed,Normal,Repair,Roof Repair,Sarah Williams,USPS,29.0,0-30,Closed,Closed,"Jackson, WA|2024-07-22"
"Manchester, AR",2024-07-22,2024-08-09,2024-08-15,2024-08-20,2429341,2024-08-29,2971324,125.0,Closed,Urgent,Repair,Painting,Ashley Thompson,USPS,38.0,31-60,Closed,Closed,"Manchester, AR|2024-07-22"
"Clinton, SC",2024-07-23,,,2024-07-23,2430342,2024-07-25,2971943,,Closed,Urgent,Repair,Drive Thru,Sarah Williams,USPS,2.0,0-30,Closed,Closed,"Clinton, SC|2024-07-23"
"Hamilton, ND",2024-07-23,2023-07-23,2024-07-25,2024-07-25,2430384,2024-08-29,2972004,1612.81,Closed,Emergency,Repair,HVAC Repairs,Mike Johnson,USPS,37.0,31-60,Closed,Closed,"Hamilton, ND|2024-07-23"
"Hamilton, MS",2024-07-24,2024-08-01,2024-08-06,2024-08-08,2429803,2024-08-16,2971414,225.0,Closed,Urgent,Repair,Ceiling Tiles,Ashley Thompson,USPS,23.0,0-30,Closed,Closed,"Hamilton, MS|2024-07-24"
"Bristol, NJ",2024-07-25,2024-08-27,2024-09-03,2024-09-03,2430746,2024-09-25,2972379,600.0,Closed,Normal,Repair,Roof Repair,Brandon Davis,USPS,62.0,61-90,Closed,Closed,"Bristol, NJ|2024-07-25"
"Clinton, SC",2024-07-25,2024-09-20,2024-10-21,2024-10-28,2430141,2024-12-05,2971740,3000.0,Closed,Normal,Repair,Drive Thru,Sarah Williams,USPS,133.0,90+,Closed,Closed,"Clinton, SC|2024-07-25"
"Georgetown, PA",2024-07-25,2024-08-26,2024-09-04,2024-09-12,2430575,2024-09-25,2972188,506.47,Closed,Urgent,Repair,Roof Repair,Ashley Thompson,USPS,62.0,61-90,Closed,Closed,"Georgetown, PA|2024-07-25"
"Greenville, NC",2024-07-25,2024-07-25,2024-09-03,,,2024-09-26,,488.8,Closed,Normal,Repair,Paving (Repair),Mike Johnson,Internal,63.0,61-90,Closed,Closed,"Greenville, NC|2024-07-25"
"Madison, NE",2024-07-25,2024-10-03,2024-10-04,2024-10-04,2430742,2024-10-16,2972377,,Closed,Normal,Repair,Ceiling Tiles,Ashley Thompson,USPS,83.0,61-90,Closed,Closed,"Madison, NE|2024-07-25"
"Oakland, OR",2024-07-25,2024-08-27,2024-08-28,2024-08-28,,2024-09-10,,480.0,Closed,Urgent,Repair,Gutters,Ashley Thompson,Internal,47.0,31-60,Closed,Closed,"Oakland, OR|2024-07-25"
"Madison, NH",2024-07-26,,,,2413746,2024-07-26,2954802,,Closed,Normal,Repair,Concrete,Brandon Davis,USPS,0.0,0-30,Closed,Closed,"Madison, NH|2024-07-26"
"Madison, SD",2024-07-26,2024-09-27,2024-11-05,2024-11-07,2413746,2024-11-22,2954802,,Closed,Normal,Repair,Concrete,Brandon Davis,USPS,119.0,90+,Closed,Closed,"Madison, SD|2024-07-26"
"Riverside, VT",2024-07-26,2024-09-16,2024-10-02,2024-10-07,2431584,2024-10-16,2973322,795.0,Closed,Urgent,Repair,Roof Repair,Mike Johnson,USPS,82.0,61-90,Closed,Closed,"Riverside, VT|2024-07-26"
"Riverside, VT",2024-07-26,2024-09-16,2024-09-17,2024-09-20,2431637,2024-11-22,2973324,592.24,Closed,Urgent,Repair,Roof Repair,Mike Johnson,USPS,119.0,90+,Closed,Closed,"Riverside, VT|2024-07-26"
"Riverside, VT",2024-07-26,2024-09-16,2024-10-02,2024-10-02,2431581,2024-10-16,2973318,500.0,Closed,Urgent,Repair,Ceiling Tiles,Mike Johnson,USPS,82.0,61-90,Closed,Closed,"Riverside, VT|2024-07-26"
"Riverside, VT",2024-07-26,2024-09-16,2024-11-19,2024-11-21,2431581,2024-11-22,2973321,4650.0,Closed,Urgent,Repair,Roof Repair,Mike Johnson,USPS,119.0,90+,Closed,Closed,"Riverside, VT|2024-07-26"
"Danville, NM",2024-07-29,2024-10-03,2024-10-17,2024-12-27,2431711,2025-03-03,2973422,1000.0,Closed,Normal,Repair,Roof Repair,Brandon Davis,USPS,217.0,90+,Closed,Closed,"Danville, NM|2024-07-29"
"Danville, OR",2024-07-29,2024-07-29,2024-07-29,2024-07-31,2432263,2024-09-10,2974064,275.5,Closed,Urgent,Repair,Doors,Mike Johnson,USPS,43.0,31-60,Closed,Closed,"Danville, OR|2024-07-29"
"Fremont, MD",2024-07-29,2024-07-29,2024-07-31,2024-08-01,2432035,2024-08-08,2973737,388.76,Closed,Urgent,Repair,HVAC Repairs,Mike Johnson,USPS,10.0,0-30,Closed,Closed,"Fremont, MD|2024-07-29"
"Jackson, LA",2024-07-29,2024-09-16,2024-09-26,2024-09-30,2431209,2024-10-03,2972882,,Closed,Normal,Repair,Ceiling Tiles,Sarah Williams,USPS,66.0,61-90,Closed,Closed,"Jackson, LA|2024-07-29"
"Bristol, OH",2024-07-30,2024-07-30,2024-07-31,2024-08-05,,2024-08-14,,,Closed,Urgent,Repair,HVAC Repairs,Sarah Williams,Internal,15.0,0-30,Closed,Closed,"Bristol, OH|2024-07-30"
"Milton, MO",2024-07-30,,,,,2024-09-09,,,Closed,Normal,Repair,Landscaping,Ashley Thompson,Internal,41.0,31-60,Closed,Closed,"Milton, MO|2024-07-30"
"Bloomington, MI",2024-08-02,2024-11-14,2025-02-14,2025-02-19,2431858,2025-05-31,2973582,25700.0,Closed,Normal,Repair,Roof Replacement - Flat,Sarah Williams,USPS,302.0,90+,Closed,Closed,"Bloomington, MI|2024-08-02"
"Burlington, AR",2024-08-02,2024-08-05,2024-08-05,2024-08-06,2432992,2024-08-08,2974882,130.0,Closed,Urgent,Repair,Plumbing,Ashley Thompson,USPS,6.0,0-30,Closed,Closed,"Burlington, AR|2024-08-02"
"Danville, NM",2024-08-02,2024-10-07,2024-10-16,2024-10-16,,2024-10-16,,,Closed,Normal,Repair,Misc. Repairs,Brandon Davis,Internal,75.0,61-90,Closed,Closed,"Danville, NM|2024-08-02"
"Mount Vernon, MA",2024-08-02,2025-04-22,2025-05-26,2025-06-08,,2025-06-24,,3827.0,Closed,Urgent,Repair,HVAC Repairs,Sarah Williams,Internal,326.0,90+,Closed,Closed,"Mount Vernon, MA|2024-08-02"
"Riverside, AR",2024-08-02,2024-08-05,2024-08-07,2024-08-07,2433205,2024-08-20,2974995,,Closed,Normal,Repair,Electrical Repairs,Brandon Davis,USPS,18.0,0-30,Closed,Closed,"Riverside, AR|2024-08-02"
"Anderson, FL",2024-08-03,2024-08-05,2024-08-09,,2422758,2024-09-10,2964069,,Closed,Urgent,Repair,Ceiling Tiles,Ashley Thompson,USPS,38.0,31-60,Closed,Closed,"Anderson, FL|2024-08-03"
"Centerville, MS",2024-08-05,2024-09-25,2024-10-08,2024-10-10,2432563,2024-10-24,2974281,,Closed,Normal,Repair,Electrical Repairs,Brandon Davis,USPS,80.0,61-90,Closed,Closed,"Centerville, MS|2024-08-05"
"Centerville, MS",2024-08-05,2024-08-08,2024-08-28,2024-09-03,2432563,2024-09-10,2974212,,Closed,Normal,Repair,HVAC Repairs,Brandon Davis,USPS,36.0,31-60,Closed,Closed,"Centerville, MS|2024-08-05"
"Clayton, AK",2024-08-05,2024-08-08,2024-08-12,2024-10-17,2433465,2024-11-01,2975254,50.0,Closed,Urgent,Repair,Flooring,Ashley Thompson,USPS,88.0,61-90,Closed,Closed,"Clayton, AK|2024-08-05"
"Fremont, MD",2024-08-05,,,,,2025-02-20,,6000.0,Closed,Normal,Repair,HVAC Repairs,Mike Johnson,Internal,199.0,90+,Closed,Closed,"Fremont, MD|2024-08-05"
"Hamilton, AZ",2024-08-05,2024-08-05,2024-08-05,2024-08-06,2434681,2024-08-29,2976533,99.05,Closed,Emergency,Repair,HVAC Repairs,Mike Johnson,USPS,24.0,0-30,Closed,Closed,"Hamilton, AZ|2024-08-05"
"Hamilton, CT",2024-08-05,2024-08-08,2024-08-21,2024-08-21,2433579,2024-08-29,2975326,200.0,Closed,Urgent,Repair,Flooring,Ashley Thompson,USPS,24.0,0-30,Closed,Closed,"Hamilton, CT|2024-08-05"
"Hamilton, ND",2024-08-05,2024-08-05,2024-08-06,2024-08-09,2432579,2024-08-29,2974324,67.5,Closed,Urgent,Repair,HVAC Repairs,Mike Johnson,USPS,24.0,0-30,Closed,Closed,"Hamilton, ND|2024-08-05"
"Hamilton, ND",2024-08-05,,2024-08-05,2024-08-09,2432579,2024-08-09,2974325,,Closed,Normal,Repair,Doors,Brandon Davis,USPS,4.0,0-30,Closed,Closed,"Hamilton, ND|2024-08-05"
"Hamilton, OH",2024-08-05,2024-08-05,2024-08-08,2024-08-20,2433982,2024-10-16,2975742,607.61,Closed,Emergency,Repair,HVAC Repairs,Mike Johnson,USPS,72.0,61-90,Closed,Closed,"Hamilton, OH|2024-08-05"
"Jackson, NM",2024-08-05,,2024-07-31,,,2024-12-17,,137.0,Closed,Normal,Repair,Pest Control,Mike Johnson,Internal,134.0,90+,Closed,Closed,"Jackson, NM|2024-08-05"
"Lancaster, UT",2024-08-05,,2024-08-05,2024-08-05,2432376,2024-08-05,2974114,0.0,Closed,Urgent,Repair,Roof Repair,Mike Johnson,USPS,0.0,0-30,Closed,Closed,"Lancaster, UT|2024-08-05"
"Madison, MS",2024-08-05,2024-08-07,2024-08-07,2024-08-07,2433731,2024-08-16,2975553,90.0,Closed,Urgent,Repair,Plumbing,Ashley Thompson,USPS,11.0,0-30,Closed,Closed,"Madison, MS|2024-08-05"
"Salem, WI",2024-08-05,2024-08-07,2024-08-07,2024-08-12,2433784,2024-08-16,2975531,130.0,Closed,Urgent,Repair,Plumbing,Ashley Thompson,USPS,11.0,0-30,Closed,Closed,"Salem, WI|2024-08-05"
"Winchester, NM",2024-08-05,2024-09-12,2024-09-14,2024-09-17,2432387,2024-10-03,2974130,,Closed,Normal,Repair,Drive Thru,Sarah Williams,USPS,59.0,31-60,Closed,Closed,"Winchester, NM|2024-08-05"
"Burlington, AL",2024-08-06,2024-08-06,2024-08-08,2024-08-08,2432666,2024-08-21,2974494,,Closed,Normal,Repair,Electrical Repairs,Brandon Davis,USPS,15.0,0-30,Closed,Closed,"Burlington, AL|2024-08-06"
"Carrollton, OH",2024-08-06,2024-08-09,2024-09-03,2024-09-10,2433893,2024-10-03,2975706,,Closed,Normal,Repair,Electrical Repairs,Brandon Davis,USPS,58.0,31-60,Closed,Closed,"Carrollton, OH|2024-08-06"
"Franklin, LA",2024-08-06,,,,2433893,2024-08-06,2975706,,Closed,Normal,Repair,Electrical Repairs,Brandon Davis,USPS,0.0,0-30,Closed,Closed,"Franklin, LA|2024-08-06"
"Lancaster, CA",2024-08-06,,,,,,,256.87,Closed,Urgent,Repair,Misc. Repairs,Ashley Thompson,Internal,624.0,90+,Closed,Closed,"Lancaster, CA|2024-08-06"
"Oxford, LA",2024-08-06,2024-08-06,2024-08-09,2024-08-13,,2024-09-10,,183.69,Closed,Normal,Repair,Plumbing,Mike Johnson,Internal,35.0,31-60,Closed,Closed,"Oxford, LA|2024-08-06"
"Bloomington, AZ",2024-08-07,2024-08-09,2024-08-14,2024-08-14,2434924,2024-08-16,2976709,198.0,Closed,Urgent,Repair,Plumbing,Ashley Thompson,USPS,9.0,0-30,Closed,Closed,"Bloomington, AZ|2024-08-07"
"Clayton, NC",2024-08-07,2024-08-23,2024-08-26,2024-09-17,2435086,2024-09-24,2976934,230.0,Closed,Urgent,Repair,HVAC Repairs,Ashley Thompson,USPS,48.0,31-60,Closed,Closed,"Clayton, NC|2024-08-07"
"Cleveland, OR",2024-08-07,2024-08-08,2024-08-12,2024-08-20,2435123,2024-08-29,2976931,815.33,Closed,Urgent,Repair,HVAC Repairs,Mike Johnson,USPS,22.0,0-30,Closed,Closed,"Cleveland, OR|2024-08-07"
"Danville, UT",2024-08-07,2024-08-15,2024-08-27,2024-08-27,,2024-09-10,,,Closed,Urgent,Repair,Plumbing,Ashley Thompson,Internal,34.0,31-60,Closed,Closed,"Danville, UT|2024-08-07"
"Kingston, UT",2024-08-07,,2024-08-13,,2435269,2024-08-15,2977128,0.0,Closed,Urgent,Repair,Dock Lift,Mike Johnson,USPS,8.0,0-30,Closed,Closed,"Kingston, UT|2024-08-07"
"Anderson, AR",2024-08-08,2024-08-14,2024-08-20,2024-08-21,2436243,2024-09-26,2978123,19985.0,Closed,Emergency,Repair,HVAC Repairs,Mike Johnson,USPS,49.0,31-60,Closed,Closed,"Anderson, AR|2024-08-08"
"Cleveland, ID",2024-08-08,2024-10-17,2024-10-30,2024-11-05,2434991,2024-11-07,2976873,,Closed,Normal,Repair,Misc. Repairs,Sarah Williams,USPS,91.0,90+,Closed,Closed,"Cleveland, ID|2024-08-08"
"Danville, ME",2024-08-08,2024-09-11,2024-10-02,2024-10-03,2434774,2025-08-11,2976634,,Closed,Normal,Repair,Paving (Repair),Brandon Davis,USPS,368.0,90+,Closed,Closed,"Danville, ME|2024-08-08"
"Fairview, WV",2024-08-08,2024-09-16,2024-10-03,2024-10-04,2436033,2024-10-16,2977931,450.0,Closed,Urgent,Repair,Flooring,Ashley Thompson,USPS,69.0,61-90,Closed,Closed,"Fairview, WV|2024-08-08"
"Salem, NM",2024-08-08,2024-08-06,2024-08-14,2024-08-20,2435398,2024-11-01,2977230,,Closed,Normal,Repair,Roof Repair,Sarah Williams,USPS,85.0,61-90,Closed,Closed,"Salem, NM|2024-08-08"
"Winchester, NM",2024-08-08,2024-08-08,2024-08-09,2024-08-09,2435792,2024-10-24,2977652,125.0,Closed,Emergency,Repair,HVAC Repairs,Mike Johnson,USPS,77.0,61-90,Closed,Closed,"Winchester, NM|2024-08-08"
"Danville, MA",2024-08-09,2024-09-24,2024-11-18,2024-11-25,2435698,2024-12-05,2977521,3605.0,Payment,Normal,Repair,Striping,Brandon Davis,USPS,118.0,90+,Financial Processing,Open,"Danville, MA|2024-08-09"
"Edison, NC",2024-08-09,,,,2436755,2024-08-28,2978666,0.0,Closed,Urgent,Repair,Painting,Mike Johnson,USPS,19.0,0-30,Closed,Closed,"Edison, NC|2024-08-09"
"Edison, NC",2024-08-09,2024-08-19,2024-08-20,2024-08-21,2436755,2024-08-29,2978665,150.0,Closed,Urgent,Repair,Electrical Repairs,Mike Johnson,USPS,20.0,0-30,Closed,Closed,"Edison, NC|2024-08-09"
"Fremont, MD",2024-08-09,2024-08-09,2024-08-09,2024-08-12,2435538,2024-08-20,2977348,55.0,Closed,Urgent,Repair,HVAC Repairs,Mike Johnson,USPS,11.0,0-30,Closed,Closed,"Fremont, MD|2024-08-09"
"Gainesville, MD",2024-08-09,2024-09-16,2024-10-25,2024-10-25,2436056,2024-11-08,2977849,325.0,Closed,Urgent,Repair,Building Repairs,Mike Johnson,USPS,91.0,90+,Closed,Closed,"Gainesville, MD|2024-08-09"
"Lancaster, UT",2024-08-09,2024-08-14,2024-09-13,2024-09-16,2436635,2024-10-16,2978519,90.0,Closed,Urgent,Repair,Ceiling Tiles,Ashley Thompson,USPS,68.0,61-90,Closed,Closed,"Lancaster, UT|2024-08-09"
"Carrollton, OH",2024-08-12,2024-09-05,2024-09-11,2024-09-11,2436189,2024-10-03,2978049,,Closed,Normal,Repair,Plumbing,Brandon Davis,USPS,52.0,31-60,Closed,Closed,"Carrollton, OH|2024-08-12"
"Farmington, NM",2024-08-12,2024-09-23,2024-10-09,2024-10-22,2436020,2024-11-04,2977917,,Closed,Normal,Repair,Paving (Repair),Brandon Davis,USPS,84.0,61-90,Closed,Closed,"Farmington, NM|2024-08-12"
"Milton, MO",2024-08-12,2024-10-01,2024-11-08,2024-11-07,2436223,2024-11-22,2978100,,Closed,Normal,Repair,HVAC Repairs,Brandon Davis,USPS,102.0,90+,Closed,Closed,"Milton, MO|2024-08-12"
"Carrollton, DE",2024-08-13,2024-08-23,2024-08-26,,,2024-10-17,,,Closed,Normal,Repair,Gutters,Sarah Williams,Internal,65.0,61-90,Closed,Closed,"Carrollton, DE|2024-08-13"
"Dayton, PA",2024-08-13,2024-10-22,2024-10-28,2024-10-30,2436782,2025-01-08,2978715,,Closed,Normal,Repair,Gutters,Sarah Williams,USPS,148.0,90+,Closed,Closed,"Dayton, PA|2024-08-13"
"Fairview, MN",2024-08-13,,2024-09-11,2024-10-15,2436921,2024-10-17,2978820,,Closed,Normal,Repair,Misc. Repairs,Sarah Williams,USPS,65.0,61-90,Closed,Closed,"Fairview, MN|2024-08-13"
"Fairview, NY",2024-08-13,2024-08-29,2024-09-10,,,2024-09-26,,125.0,Closed,Normal,Repair,HVAC Repairs,Mike Johnson,Internal,44.0,31-60,Closed,Closed,"Fairview, NY|2024-08-13"
"Florence, MO",2024-08-13,,,2024-08-13,2436473,2024-08-14,2978401,,Closed,Normal,Repair,HVAC Repairs,Sarah Williams,USPS,1.0,0-30,Closed,Closed,"Florence, MO|2024-08-13"
"Salem, WI",2024-08-13,,,,2437635,,2979557,,Closed,Urgent,Repair,Concrete,Ashley Thompson,USPS,617.0,90+,Closed,Closed,"Salem, WI|2024-08-13"
"Salem, WI",2024-08-13,,,,2437494,,2979428,,Closed,Urgent,Repair,Structural,Ashley Thompson,USPS,617.0,90+,Closed,Closed,"Salem, WI|2024-08-13"
"Clayton, MI",2024-08-14,2024-08-16,2024-08-19,2024-08-21,,2024-08-29,,803.7,Closed,Urgent,Repair,Building Repairs,Ashley Thompson,Internal,15.0,0-30,Closed,Closed,"Clayton, MI|2024-08-14"
"Fremont, MD",2024-08-14,2024-08-14,2024-09-18,,,2025-01-08,,1336.0,Closed,Normal,Repair,HVAC PM,Mike Johnson,Internal,147.0,90+,Closed,Closed,"Fremont, MD|2024-08-14"
"Anderson, FL",2024-08-15,2024-09-04,2024-09-12,2024-09-18,,2024-10-09,,,Closed,Urgent,Repair,Vandalism,Ashley Thompson,Internal,55.0,31-60,Closed,Closed,"Anderson, FL|2024-08-15"
"Auburn, HI",2024-08-15,2024-08-15,2024-08-15,,,2025-01-24,,300.0,Closed,Urgent,Repair,HVAC PM,Ashley Thompson,Internal,162.0,90+,Closed,Closed,"Auburn, HI|2024-08-15"
"Bloomington, WV",2024-08-15,2024-10-18,2025-02-26,2025-02-26,2437662,2025-04-03,2979605,,Closed,Normal,Repair,Doors,Brandon Davis,USPS,231.0,90+,Closed,Closed,"Bloomington, WV|2024-08-15"
"Columbia, MS",2024-08-15,,,,,2024-08-19,,,Closed,Normal,Repair,Roof Repair,Brandon Davis,Internal,4.0,0-30,Closed,Closed,"Columbia, MS|2024-08-15"
"Edison, NC",2024-08-15,2024-08-19,2024-08-20,2024-08-21,,2024-08-29,,200.0,Closed,Urgent,Repair,Doors,Mike Johnson,Internal,14.0,0-30,Closed,Closed,"Edison, NC|2024-08-15"
"Madison, KS",2024-08-16,,,,2438551,,2980530,,Closed,Urgent,Repair,Ceiling Tiles,Ashley Thompson,USPS,614.0,90+,Closed,Closed,"Madison, KS|2024-08-16"
"Madison, KS",2024-08-16,,,,2438551,,2980570,,Closed,Urgent,Repair,Building Repairs,Ashley Thompson,USPS,614.0,90+,Closed,Closed,"Madison, KS|2024-08-16"
"Oxford, NE",2024-08-16,2024-10-22,2024-11-04,2024-11-12,2438543,2024-11-22,2980560,950.0,Closed,Urgent,Repair,Gutters,Ashley Thompson,USPS,98.0,90+,Closed,Closed,"Oxford, NE|2024-08-16"
"Albany, NJ",2024-08-19,2024-10-10,2024-10-21,2024-10-21,2434333,2024-11-08,2976178,,Closed,Urgent,Repair,Flooring,Ashley Thompson,USPS,81.0,61-90,Closed,Closed,"Albany, NJ|2024-08-19"
"Arlington, ID",2024-08-19,2024-08-20,2024-08-26,2024-08-26,2439212,2024-09-03,2981206,6250.0,Closed,Urgent,Repair,HVAC Repairs,Mike Johnson,USPS,15.0,0-30,Closed,Closed,"Arlington, ID|2024-08-19"
"Ashland, WA",2024-08-19,2024-08-19,2024-08-20,2024-08-20,2439637,2024-08-29,2981636,164.0,Closed,Urgent,Repair,HVAC Repairs,Mike Johnson,USPS,10.0,0-30,Closed,Closed,"Ashland, WA|2024-08-19"
"Clayton, AK",2024-08-19,,2024-08-28,2024-08-28,2438279,2024-08-28,2980229,,Closed,Normal,Repair,Electrical Repairs,Brandon Davis,USPS,9.0,0-30,Closed,Closed,"Clayton, AK|2024-08-19"
"Clayton, SD",2024-08-19,2024-08-21,2024-08-22,2024-08-22,2438392,2024-09-10,2980381,,Closed,Normal,Repair,Electrical Repairs,Brandon Davis,USPS,22.0,0-30,Closed,Closed,"Clayton, SD|2024-08-19"
"Columbia, MS",2024-08-19,2024-11-15,2024-12-03,2024-12-03,2438538,2024-12-03,2980472,,Closed,Normal,Repair,Roof Repair,Brandon Davis,USPS,106.0,90+,Closed,Closed,"Columbia, MS|2024-08-19"
"Dayton, NE",2024-08-19,2024-09-04,2024-09-05,2024-09-17,2438386,2024-10-01,2980374,,Closed,Urgent,Repair,Plumbing,Sarah Williams,USPS,43.0,31-60,Closed,Closed,"Dayton, NE|2024-08-19"
"Florence, OK",2024-08-19,2024-10-07,2024-11-09,2018-11-12,2439534,2024-12-04,2981536,481.5,Closed,Urgent,Repair,Siding,Ashley Thompson,USPS,107.0,90+,Closed,Closed,"Florence, OK|2024-08-19"
"Rockville, NY",2024-08-19,2024-08-21,2024-09-05,2024-09-09,2438570,2024-10-31,2980551,,Closed,Normal,Repair,Plumbing,Brandon Davis,USPS,73.0,61-90,Closed,Closed,"Rockville, NY|2024-08-19"
"Springfield, OR",2024-08-19,2024-10-01,2024-11-01,2024-11-14,2439059,2024-11-22,2981053,,Closed,Normal,Repair,Roof Repair,Sarah Williams,USPS,95.0,90+,Closed,Closed,"Springfield, OR|2024-08-19"
"Anderson, AR",2024-08-20,,,,2436243,,2980553,,Closed,Urgent,Repair,HVAC Repairs,Ashley Thompson,USPS,610.0,90+,Closed,Closed,"Anderson, AR|2024-08-20"
"Franklin, GA",2024-08-20,,2024-09-02,2024-09-20,,2025-01-30,,,Closed,Unknown,Repair,Ceiling Tiles,Sarah Williams,Internal,163.0,90+,Closed,Closed,"Franklin, GA|2024-08-20"
"Madison, NH",2024-08-20,2024-08-21,2024-08-22,2024-08-22,2440367,2025-05-31,2982476,104.48,Closed,Urgent,Repair,Plumbing,Ashley Thompson,USPS,284.0,90+,Closed,Closed,"Madison, NH|2024-08-20"
"Auburn, HI",2024-08-21,2024-09-19,2024-09-27,2024-10-04,2440109,2024-10-31,2982152,600.0,Closed,Normal,Repair,Concrete,Sarah Williams,USPS,71.0,61-90,Closed,Closed,"Auburn, HI|2024-08-21"
"Bloomington, ME",2024-08-21,2024-08-22,2024-08-28,2024-10-11,2441041,2024-11-04,2983122,,Closed,Normal,Repair,Roof Repair,Brandon Davis,USPS,75.0,61-90,Closed,Closed,"Bloomington, ME|2024-08-21"
"Bristol, ND",2024-08-21,2024-09-06,2024-09-23,2024-09-24,2440593,2024-10-03,2982676,,Closed,Normal,Repair,Roof Repair,Brandon Davis,USPS,43.0,31-60,Closed,Closed,"Bristol, ND|2024-08-21"
"Clayton, AK",2024-08-21,2024-10-04,2024-11-29,2024-12-02,2440384,2024-12-04,2982462,250.0,Closed,Urgent,Repair,Paving (Repair),Mike Johnson,USPS,105.0,90+,Closed,Closed,"Clayton, AK|2024-08-21"
"Cleveland, ID",2024-08-21,2024-08-21,2024-08-23,2024-08-27,2440163,2024-09-10,2982163,449.95,Closed,Urgent,Repair,HVAC Repairs,Mike Johnson,USPS,20.0,0-30,Closed,Closed,"Cleveland, ID|2024-08-21"
"Danville, NM",2024-08-21,2024-08-21,2024-08-22,,,2024-09-10,,,Closed,Normal,Repair,Plumbing,Sarah Williams,Internal,20.0,0-30,Closed,Closed,"Danville, NM|2024-08-21"
"Farmington, CA",2024-08-21,2024-09-13,2024-09-13,2024-09-13,2439652,2024-09-13,2981651,,Closed,Normal,Repair,Electrical Repairs,Brandon Davis,USPS,23.0,0-30,Closed,Closed,"Farmington, CA|2024-08-21"
"Florence, IL",2024-08-21,,,,,2024-12-02,,,Closed,Urgent,Repair,Plumbing,Ashley Thompson,Internal,103.0,90+,Closed,Closed,"Florence, IL|2024-08-21"
"Madison, CA",2024-08-21,2024-09-17,2024-09-20,2024-09-20,2439700,2024-10-03,2981683,,Closed,Normal,Repair,Electrical Repairs,Brandon Davis,USPS,43.0,31-60,Closed,Closed,"Madison, CA|2024-08-21"
"Oxford, LA",2024-08-21,2024-08-21,2024-08-22,2024-08-26,2440143,2024-10-03,2982170,,Closed,Normal,Repair,Plumbing,Sarah Williams,USPS,43.0,31-60,Closed,Closed,"Oxford, LA|2024-08-21"
"Franklin, WA",2024-08-22,,,,2403339,2024-08-28,2943879,,Closed,Urgent,Repair,Paving (Repair),Ashley Thompson,USPS,6.0,0-30,Closed,Closed,"Franklin, WA|2024-08-22"
"Plymouth, IA",2024-08-22,2024-10-18,2024-11-14,2024-11-20,2439293,2024-12-04,2981347,250.0,Closed,Urgent,Repair,Roof Repair,Ashley Thompson,USPS,104.0,90+,Closed,Closed,"Plymouth, IA|2024-08-22"
"Rockville, NY",2024-08-22,2024-06-01,2024-07-23,,,2024-08-29,,101.0,Closed,Urgent,Repair,Pest Control,Ashley Thompson,Internal,7.0,0-30,Closed,Closed,"Rockville, NY|2024-08-22"
"Bristol, LA",2024-08-23,,2024-09-20,2024-09-23,2441850,2024-09-24,2984026,0.0,Closed,Urgent,Repair,Flooring,Mike Johnson,USPS,32.0,31-60,Closed,Closed,"Bristol, LA|2024-08-23"
"Bristol, LA",2024-08-23,2024-08-22,2024-08-22,2024-08-26,2441850,2024-08-26,2984064,969.8,Closed,Urgent,Repair,Roof Repair,Mike Johnson,USPS,3.0,0-30,Closed,Closed,"Bristol, LA|2024-08-23"
"Bristol, LA",2024-08-23,2024-09-20,2024-09-23,2024-09-26,2441850,2024-11-01,2984025,300.0,Closed,Urgent,Repair,Ceiling Tiles,Mike Johnson,USPS,70.0,61-90,Closed,Closed,"Bristol, LA|2024-08-23"
"Bristol, LA",2024-08-23,,2024-09-20,2024-09-23,2441850,2024-09-24,2984065,0.0,Closed,Urgent,Repair,Building Repairs,Mike Johnson,USPS,32.0,31-60,Closed,Closed,"Bristol, LA|2024-08-23"
"Bristol, LA",2024-08-23,,2024-09-20,2024-09-23,2441850,2024-09-23,2984067,0.0,Closed,Urgent,Repair,Electrical Repairs,Mike Johnson,USPS,31.0,31-60,Closed,Closed,"Bristol, LA|2024-08-23"
"Danville, NM",2024-08-23,2024-08-23,2024-09-23,,,2024-10-24,,9050.0,Closed,Normal,Repair,Asbestos Abatement,Mike Johnson,Internal,62.0,61-90,Closed,Closed,"Danville, NM|2024-08-23"
"Arlington, MN",2024-08-26,2024-08-26,2024-08-27,2024-09-06,2441229,2024-09-10,2983305,,Closed,Normal,Repair,HVAC Repairs,Sarah Williams,USPS,15.0,0-30,Closed,Closed,"Arlington, MN|2024-08-26"
"Ashland, IN",2024-08-26,,,2024-09-10,2441373,2024-09-12,2983450,0.0,Closed,Normal,Repair,Painting,Mike Johnson,USPS,17.0,0-30,Closed,Closed,"Ashland, IN|2024-08-26"
"Georgetown, IL",2024-08-26,2024-09-23,2024-10-25,2024-10-28,2442387,2024-11-01,2984661,5400.0,Closed,Urgent,Repair,Painting,Ashley Thompson,USPS,67.0,61-90,Closed,Closed,"Georgetown, IL|2024-08-26"
"Manchester, AR",2024-08-26,2024-10-07,2024-11-12,2024-11-12,2442029,2024-11-22,2984236,3350.0,Closed,Urgent,Repair,Painting,Ashley Thompson,USPS,88.0,61-90,Closed,Closed,"Manchester, AR|2024-08-26"
"Milton, CA",2024-08-26,2024-10-24,2024-11-12,2024-11-13,2441765,2024-11-22,2983899,,Closed,Normal,Repair,Roof Repair,Sarah Williams,USPS,88.0,61-90,Closed,Closed,"Milton, CA|2024-08-26"
"Milton, NJ",2024-08-26,2025-01-13,2025-01-15,2025-01-17,2441723,2025-01-30,2983877,500.0,Closed,Normal,Repair,Roof Repair,Sarah Williams,USPS,157.0,90+,Closed,Closed,"Milton, NJ|2024-08-26"
"Milton, TN",2024-08-26,2024-09-13,2024-09-19,2023-09-20,2440890,2024-10-17,2982993,,Closed,Normal,Repair,Doors,Sarah Williams,USPS,52.0,31-60,Closed,Closed,"Milton, TN|2024-08-26"
"Mount Vernon, MA",2024-08-26,2024-09-11,2024-10-04,2024-10-16,2442492),2024-11-01,2984702,276.05,Closed,Urgent,Repair,Doors,Mike Johnson,USPS,67.0,61-90,Closed,Closed,"Mount Vernon, MA|2024-08-26"
"Mount Vernon, MA",2024-08-26,,2024-08-26,2024-08-26,2442515,2024-08-26,2984705,0.0,Closed,Urgent,Repair,Painting,Mike Johnson,USPS,0.0,0-30,Closed,Closed,"Mount Vernon, MA|2024-08-26"
"Winchester, NM",2024-08-26,2024-08-14,2024-08-23,2024-08-26,2441186,2025-03-09,2983268,1140.0,Closed,Urgent,Repair,HVAC Repairs,Ashley Thompson,USPS,195.0,90+,Closed,Closed,"Winchester, NM|2024-08-26"
"Clayton, OH",2024-08-28,2024-08-30,2024-08-30,2024-08-30,2441545,2024-10-03,2983645,,Closed,Normal,Repair,Plumbing,Brandon Davis,USPS,36.0,31-60,Closed,Closed,"Clayton, OH|2024-08-28"
"Danville, NM",2024-08-28,2024-09-03,2024-09-06,2024-09-06,,2024-09-09,,,Closed,Normal,Repair,Vandalism,Brandon Davis,Internal,12.0,0-30,Closed,Closed,"Danville, NM|2024-08-28"
"Danville, NM",2024-08-28,,2024-08-29,,,2024-08-29,,,Closed,Normal,Repair,Vandalism,Brandon Davis,Internal,1.0,0-30,Closed,Closed,"Danville, NM|2024-08-28"
"Fairview, NM",2024-08-28,2024-09-06,2024-11-05,2024-11-08,2442720,2024-12-02,2984847,,Closed,Normal,Repair,Roof Repair,Brandon Davis,USPS,96.0,90+,Closed,Closed,"Fairview, NM|2024-08-28"
"Florence, IL",2024-08-28,,2024-08-28,,,2024-11-08,,145.5,Closed,Urgent,Repair,Plumbing,Ashley Thompson,Internal,72.0,61-90,Closed,Closed,"Florence, IL|2024-08-28"
"Georgetown, ME",2024-08-28,2024-10-18,2024-11-04,2024-11-04,2441506,2024-11-22,2983565,,Closed,Normal,Repair,Doors,Brandon Davis,USPS,86.0,61-90,Closed,Closed,"Georgetown, ME|2024-08-28"
"Georgetown, ME",2024-08-28,,2024-09-13,2024-09-20,2441506,2024-09-23,2983564,,Closed,Normal,Repair,Doors,Brandon Davis,USPS,26.0,0-30,Closed,Closed,"Georgetown, ME|2024-08-28"
"Lexington, CO",2024-08-28,2024-09-04,2024-09-06,2024-09-30,2442645,2024-10-03,2984826,,Closed,Normal,Repair,Plumbing,Brandon Davis,USPS,36.0,31-60,Closed,Closed,"Lexington, CO|2024-08-28"
"Madison, NE",2024-08-28,2024-09-10,2024-09-25,2024-09-25,2440679,2024-10-24,2982705,,Closed,Normal,Repair,Plumbing,Brandon Davis,USPS,57.0,31-60,Closed,Closed,"Madison, NE|2024-08-28"
"Rockville, NV",2024-08-28,2024-09-09,2024-10-08,2024-11-01,2442672,2024-11-08,2984870,400.0,Closed,Urgent,Repair,Ceiling Tiles,Ashley Thompson,USPS,72.0,61-90,Closed,Closed,"Rockville, NV|2024-08-28"
"Rockville, NY",2024-08-28,2024-09-04,2024-09-06,2024-09-17,2442670,2024-10-24,2984867,,Closed,Urgent,Repair,HVAC Repairs,Ashley Thompson,USPS,57.0,31-60,Closed,Closed,"Rockville, NY|2024-08-28"
"Ashland, AZ",2024-08-29,2024-08-29,2024-08-30,2024-09-04,2443569,2024-09-17,2985813,,Closed,Urgent,Repair,HVAC Repairs,Mike Johnson,USPS,19.0,0-30,Closed,Closed,"Ashland, AZ|2024-08-29"
"Bristol, LA",2024-08-29,2024-09-18,2024-09-25,2024-09-30,2443102,2024-11-01,2985321,2000.0,Closed,Urgent,Repair,Roof Repair,Mike Johnson,USPS,64.0,61-90,Closed,Closed,"Bristol, LA|2024-08-29"
"Carrollton, OH",2024-08-29,,2024-08-26,2024-08-29,2442795,2024-09-10,2984993,,Closed,Normal,Repair,HVAC Repairs,Sarah Williams,USPS,12.0,0-30,Closed,Closed,"Carrollton, OH|2024-08-29"
"Clinton, KY",2024-08-29,2024-10-29,2024-11-21,2024-11-22,2442721,2024-12-05,2984851,,Closed,Normal,Repair,Ceiling Tiles,Sarah Williams,USPS,98.0,90+,Closed,Closed,"Clinton, KY|2024-08-29"
"Farmington, CA",2024-08-29,2024-09-06,2024-10-02,2024-10-22,2443275,2024-11-11,2985410,,Closed,Normal,Repair,Roof Repair,Sarah Williams,USPS,74.0,61-90,Closed,Closed,"Farmington, CA|2024-08-29"
"Florence, MO",2024-08-29,2024-08-29,2024-08-29,,,2025-02-18,,500.0,Closed,Normal,Repair,HVAC Repairs,Sarah Williams,Internal,173.0,90+,Closed,Closed,"Florence, MO|2024-08-29"
"Manchester, GA",2024-08-29,2024-09-11,2024-09-23,2024-09-30,2443347,2024-10-03,2985553,,Closed,Normal,Repair,Roof Repair,Brandon Davis,USPS,35.0,31-60,Closed,Closed,"Manchester, GA|2024-08-29"
"Canton, AL",2024-08-30,2024-08-30,2024-09-03,2024-09-03,2444738,2024-09-10,2987038,,Closed,Emergency,Repair,Plumbing,Brandon Davis,USPS,11.0,0-30,Closed,Closed,"Canton, AL|2024-08-30"
"Lexington, WV",2024-08-30,2024-10-08,2024-10-08,2024-10-15,2444061,2025-02-27,2986282,387.44,Closed,Urgent,Repair,Electrical Repairs,Kevin Miller,USPS,181.0,90+,Closed,Closed,"Lexington, WV|2024-08-30"
"Newport, NV",2024-08-30,2024-09-13,2024-09-14,2024-09-30,2443435,2024-10-16,2985616,200.0,Closed,Urgent,Repair,Siding,Ashley Thompson,USPS,47.0,31-60,Closed,Closed,"Newport, NV|2024-08-30"
"Bristol, LA",2024-09-03,,2024-09-06,2024-09-06,2441586,2024-09-06,2983754,,Closed,Urgent,Repair,Roof Repair,Mike Johnson,USPS,3.0,0-30,Closed,Closed,"Bristol, LA|2024-09-03"
"Columbia, MO",2024-09-03,2024-09-20,2024-10-04,2024-10-15,2443581,2024-11-01,2985831,,Closed,Normal,Repair,Striping,Sarah Williams,USPS,59.0,31-60,Closed,Closed,"Columbia, MO|2024-09-03"
"Farmington, VT",2024-09-03,2024-09-05,2024-09-10,2024-09-10,2443895,2024-09-26,2986101,,Closed,Urgent,Repair,Electrical Repairs,Brandon Davis,USPS,23.0,0-30,Closed,Closed,"Farmington, VT|2024-09-03"
"Greenville, NM",2024-09-03,2024-04-09,2024-08-22,,,2024-09-10,,313.0,Closed,Urgent,Repair,HVAC PM,Ashley Thompson,Internal,7.0,0-30,Closed,Closed,"Greenville, NM|2024-09-03"
"Milton, NH",2024-09-03,2024-10-29,2024-11-12,2024-11-20,2443407,2024-12-18,2985637,,Closed,Urgent,Repair,Roof Repair,Brandon Davis,USPS,106.0,90+,Closed,Closed,"Milton, NH|2024-09-03"
"Bloomington, ME",2024-09-04,2025-04-23,2025-06-11,2025-06-30,,2025-07-16,,32815.5,Closed,Normal,Repair,Roof Replacement - Flat,Mike Johnson,Internal,315.0,90+,Closed,Closed,"Bloomington, ME|2024-09-04"
"Edison, NM",2024-09-04,2024-10-14,2024-11-26,2024-12-06,2445277,2025-01-23,2987574,,Closed,Urgent,Repair,Roof Repair,Brandon Davis,USPS,141.0,90+,Closed,Closed,"Edison, NM|2024-09-04"
"Bristol, WY",2024-09-05,,,,,,,160.0,Closed,Urgent,Repair,Electrical Repairs,Ashley Thompson,Internal,594.0,90+,Closed,Closed,"Bristol, WY|2024-09-05"
"Clayton, NC",2024-09-05,2024-08-05,2024-08-26,,,2024-09-26,,250.0,Closed,Urgent,Repair,HVAC PM,Ashley Thompson,Internal,21.0,0-30,Closed,Closed,"Clayton, NC|2024-09-05"
"Lexington, WI",2024-09-05,2024-06-04,2024-06-04,,,2024-09-05,,,Closed,Normal,Repair,Electrical Repairs,Brandon Davis,Internal,0.0,0-30,Closed,Closed,"Lexington, WI|2024-09-05"
"Rockville, GA",2024-09-05,,,2024-12-05,2445966,2024-12-05,2988251,,Closed,Normal,Repair,Roof Repair,Sarah Williams,USPS,91.0,90+,Closed,Closed,"Rockville, GA|2024-09-05"
"Rockville, KY",2024-09-05,,,2024-09-05,2445627,2024-09-06,2987906,,Closed,Normal,Repair,Roof Repair,Sarah Williams,USPS,1.0,0-30,Closed,Closed,"Rockville, KY|2024-09-05"
"Springfield, WY",2024-09-05,2024-10-28,2024-11-07,2024-11-14,2444817,2025-02-18,2987075,,Closed,Normal,Repair,Roof Repair,Sarah Williams,USPS,166.0,90+,Closed,Closed,"Springfield, WY|2024-09-05"
"Ashland, AZ",2024-09-06,,2024-09-17,2024-09-17,2446096,2024-09-17,2988366,0.0,Closed,Urgent,Repair,HVAC Repairs,Mike Johnson,USPS,11.0,0-30,Closed,Closed,"Ashland, AZ|2024-09-06"
"Ashland, WA",2024-09-06,2024-09-09,2024-09-10,2024-09-13,2445801,2024-09-25,2988082,,Closed,Urgent,Repair,Electrical Repairs,Brandon Davis,USPS,19.0,0-30,Closed,Closed,"Ashland, WA|2024-09-06"
"Ashland, WA",2024-09-06,2024-09-09,2024-09-10,2024-09-13,2445801,2024-10-03,2988123,250.0,Closed,Urgent,Repair,Plumbing,Ashley Thompson,USPS,27.0,0-30,Closed,Closed,"Ashland, WA|2024-09-06"
"Cleveland, OR",2024-09-06,2024-11-11,2024-12-03,,,2025-01-15,,975.0,Closed,Urgent,Repair,HVAC PM,Ashley Thompson,Internal,131.0,90+,Closed,Closed,"Cleveland, OR|2024-09-06"
"Dover, AK",2024-09-06,2024-09-11,2024-09-13,2024-09-18,2446099,2024-10-17,2988368,,Closed,Normal,Repair,Plumbing,Sarah Williams,USPS,41.0,31-60,Closed,Closed,"Dover, AK|2024-09-06"
"Georgetown, ME",2024-09-06,2024-09-13,2024-09-13,2024-09-17,2443724,2024-09-26,2985955,,Closed,Normal,Repair,Electrical Repairs,Brandon Davis,USPS,20.0,0-30,Closed,Closed,"Georgetown, ME|2024-09-06"
"Lancaster, LA",2024-09-06,2024-10-25,2024-11-09,2024-11-12,2445939,2024-12-04,2988208,,Closed,Normal,Repair,Roof Replacement - Shingle,Sarah Williams,USPS,89.0,61-90,Closed,Closed,"Lancaster, LA|2024-09-06"
"Dover, NH",2024-09-09,2024-09-18,2024-10-15,2024-10-16,2445874,2024-11-01,2988214,480.0,Closed,Urgent,Repair,Painting,Ashley Thompson,USPS,53.0,31-60,Closed,Closed,"Dover, NH|2024-09-09"
"Georgetown, AL",2024-09-09,2024-09-16,2024-09-19,2024-09-20,2445218,2024-09-20,2987462,,Closed,Urgent,Repair,Roof Repair,Ashley Thompson,USPS,11.0,0-30,Closed,Closed,"Georgetown, AL|2024-09-09"
"Milton, NE",2024-09-09,2024-09-10,2024-09-12,2024-09-23,2446677,2024-09-26,2989023,450.0,Closed,Urgent,Repair,Landscaping,Ashley Thompson,USPS,17.0,0-30,Closed,Closed,"Milton, NE|2024-09-09"
"Plymouth, AL",2024-09-09,,,,,2025-03-27,,,Closed,Normal,Repair,Structural,Kevin Miller,Internal,199.0,90+,Closed,Closed,"Plymouth, AL|2024-09-09"
"Salem, SC",2024-09-09,2024-10-09,2024-11-11,2024-11-12,2447843,2024-11-12,2990314,350.0,Closed,Urgent,Repair,Glass,Ashley Thompson,USPS,64.0,61-90,Closed,Closed,"Salem, SC|2024-09-09"
"Centerville, WY",2024-09-10,2024-09-25,2024-09-27,2024-09-30,2448175,2024-10-24,2990608,493.0,Closed,Urgent,Repair,HVAC Repairs,Mike Johnson,USPS,44.0,31-60,Closed,Closed,"Centerville, WY|2024-09-10"
"Arlington, VT",2024-09-11,2024-10-25,2025-01-14,2025-01-04,2446903,2025-02-12,2989200,,Closed,Urgent,Repair,Building Repairs,Brandon Davis,USPS,154.0,90+,Closed,Closed,"Arlington, VT|2024-09-11"
"Arlington, VT",2024-09-11,,2024-10-16,2024-10-16,2446903,2024-10-16,2989270,,Closed,Urgent,Repair,Doors,Brandon Davis,USPS,35.0,31-60,Closed,Closed,"Arlington, VT|2024-09-11"
"Arlington, VT",2024-09-11,2024-11-06,2024-11-26,2024-12-02,2446903,2024-12-04,2989199,3000.0,Closed,Urgent,Repair,Concrete,Mike Johnson,USPS,84.0,61-90,Closed,Closed,"Arlington, VT|2024-09-11"
"Arlington, VT",2024-09-11,2024-11-06,2024-11-26,2024-12-02,2446903,2024-12-04,2989252,500.0,Closed,Urgent,Repair,Concrete,Mike Johnson,USPS,84.0,61-90,Closed,Closed,"Arlington, VT|2024-09-11"
"Auburn, NH",2024-09-11,2024-09-26,2024-10-04,2024-10-07,2447078,2024-10-16,2989479,400.0,Closed,Urgent,Repair,Roof Repair,Mike Johnson,USPS,35.0,31-60,Closed,Closed,"Auburn, NH|2024-09-11"
"Clayton, PA",2024-09-11,2024-09-23,2024-10-10,2024-10-11,2446604,2024-10-24,2988939,312.0,Closed,Urgent,Repair,Gutters,Ashley Thompson,USPS,43.0,31-60,Closed,Closed,"Clayton, PA|2024-09-11"
"Georgetown, ME",2024-09-11,,2024-10-10,2024-03-22,,2024-11-04,,,Closed,Normal,Repair,Doors,Brandon Davis,Internal,54.0,31-60,Closed,Closed,"Georgetown, ME|2024-09-11"
"Norwood, NJ",2024-09-11,2024-10-04,2024-10-05,2024-10-07,2447056,2024-10-24,2989426,275.0,Closed,Urgent,Repair,Painting,Ashley Thompson,USPS,43.0,31-60,Closed,Closed,"Norwood, NJ|2024-09-11"
"Anderson, MS",2024-09-12,2024-10-28,2025-01-09,2025-01-16,2448782,2025-01-23,2991312,,Closed,Urgent,Repair,Structural,Ashley Thompson,USPS,133.0,90+,Closed,Closed,"Anderson, MS|2024-09-12"
"Anderson, MS",2024-09-12,2024-10-28,2025-01-09,2025-01-23,2448782,2025-01-23,2991357,250.0,Closed,Urgent,Repair,Structural,Ashley Thompson,USPS,133.0,90+,Closed,Closed,"Anderson, MS|2024-09-12"
"Anderson, MS",2024-09-12,2024-10-28,2025-01-09,2025-01-16,2448782,2025-01-23,2991331,250.0,Closed,Urgent,Repair,Structural,Ashley Thompson,USPS,133.0,90+,Closed,Closed,"Anderson, MS|2024-09-12"
"Anderson, NE",2024-09-12,2024-10-16,2024-10-18,2024-10-24,2448867,2024-12-18,2991428,,Closed,Normal,Repair,HVAC Repairs,Sarah Williams,USPS,97.0,90+,Closed,Closed,"Anderson, NE|2024-09-12"
"Anderson, NE",2024-09-12,,2024-09-18,,,2025-02-13,,,Closed,Normal,Repair,HVAC Repairs,Sarah Williams,Internal,154.0,90+,Closed,Closed,"Anderson, NE|2024-09-12"
"Riverside, WV",2024-09-12,,,,2447999,2024-09-12,2990350,,Closed,Urgent,Repair,Roof Repair,Ashley Thompson,USPS,0.0,0-30,Closed,Closed,"Riverside, WV|2024-09-12"
"Troy, IA",2024-09-12,2024-09-12,2024-09-26,,,2024-10-24,,320.0,Closed,Urgent,Repair,HVAC PM,Ashley Thompson,Internal,42.0,31-60,Closed,Closed,"Troy, IA|2024-09-12"
"Cleveland, CO",2024-09-13,,2024-09-25,2024-09-25,2448935,2024-09-25,2991459,0.0,Closed,Urgent,Repair,HVAC Repairs,Mike Johnson,USPS,12.0,0-30,Closed,Closed,"Cleveland, CO|2024-09-13"
"Cleveland, OR",2024-09-13,,,,,,,13500.0,Assigned,Normal,Repair,Masonry,Sarah Williams,Internal,586.0,90+,Not Started,Open,"Cleveland, OR|2024-09-13"
"Fairview, MD",2024-09-13,,2024-09-16,2024-09-16,2449259,2024-09-16,2991834,,Closed,Normal,Repair,Doors,Mike Johnson,USPS,3.0,0-30,Closed,Closed,"Fairview, MD|2024-09-13"
"Farmington, KS",2024-09-13,2024-10-11,2024-10-18,2024-10-28,2448439,2024-12-18,2991040,,Closed,Normal,Repair,Roof Repair,Sarah Williams,USPS,96.0,90+,Closed,Closed,"Farmington, KS|2024-09-13"
"Florence, MO",2024-09-13,2024-10-04,2024-10-10,2024-10-22,2448577,2024-11-08,2991029,,Closed,Normal,Repair,Roof Repair,Sarah Williams,USPS,56.0,31-60,Closed,Closed,"Florence, MO|2024-09-13"
"Franklin, DE",2024-09-13,2024-10-03,2024-10-19,2024-10-21,2448485,2024-11-08,2991002,,Closed,Urgent,Repair,Concrete,Ashley Thompson,USPS,56.0,31-60,Closed,Closed,"Franklin, DE|2024-09-13"
"Georgetown, SD",2024-09-13,2024-11-15,2024-11-20,2024-12-10,2448272,2024-12-16,2990807,,Closed,Urgent,Repair,Roof Repair,Brandon Davis,USPS,94.0,90+,Closed,Closed,"Georgetown, SD|2024-09-13"
"Georgetown, SD",2024-09-13,2024-12-04,2024-12-04,2024-12-06,2448515,2024-12-16,2991013,,Closed,Urgent,Repair,Gutters,Brandon Davis,USPS,94.0,90+,Closed,Closed,"Georgetown, SD|2024-09-13"
"Madison, CA",2024-09-13,,,,2448944,2024-09-23,2991495,,Closed,Urgent,Repair,Fencing,Ashley Thompson,USPS,10.0,0-30,Closed,Closed,"Madison, CA|2024-09-13"
"Milton, MO",2024-09-13,2024-09-13,2024-09-17,2024-09-20,2448801,2024-11-22,2991284,743.59,Closed,Urgent,Repair,Roof Repair,Mike Johnson,USPS,70.0,61-90,Closed,Closed,"Milton, MO|2024-09-13"
"Fairview, MD",2024-09-15,2024-09-20,2024-09-27,,,2024-12-17,,101.42,Closed,Normal,Repair,Roof Repair,Mike Johnson,Internal,93.0,90+,Closed,Closed,"Fairview, MD|2024-09-15"
"Auburn, NH",2024-09-16,2024-09-17,2024-09-19,2024-09-19,2449994,2024-10-24,2992565,,Closed,Urgent,Repair,Electrical Repairs,Brandon Davis,USPS,38.0,31-60,Closed,Closed,"Auburn, NH|2024-09-16"
"Centerville, LA",2024-09-16,2024-12-15,2024-12-16,2024-12-19,2447028,2025-01-08,2989406,,Closed,Urgent,Repair,Roof Repair,Brandon Davis,USPS,114.0,90+,Closed,Closed,"Centerville, LA|2024-09-16"
"Clinton, ME",2024-09-16,2025-01-14,2025-01-16,2025-01-31,2448929,2025-02-13,2991452,,Closed,Normal,Repair,Misc. Repairs,Sarah Williams,USPS,150.0,90+,Closed,Closed,"Clinton, ME|2024-09-16"
"Greenville, WI",2024-09-16,2024-10-29,2024-11-05,2024-11-07,2449894,2024-12-18,2992490,,Closed,Normal,Repair,Roof Repair,Sarah Williams,USPS,93.0,90+,Closed,Closed,"Greenville, WI|2024-09-16"
"Hudson, CA",2024-09-16,,2024-09-16,2024-09-16,2450305,2024-09-16,2992968,,Closed,Urgent,Repair,HVAC Repairs,Brandon Davis,USPS,0.0,0-30,Closed,Closed,"Hudson, CA|2024-09-16"
"Clinton, SC",2024-09-17,2024-09-18,,,,,,,Contracted,Normal,Repair,HVAC PM,Ashley Thompson,Internal,582.0,90+,In Progress,Open,"Clinton, SC|2024-09-17"
"Fairview, NY",2024-09-17,2024-09-17,2024-10-11,,,2024-11-22,,342.54,Closed,Normal,Repair,HVAC Repairs,Mike Johnson,Internal,66.0,61-90,Closed,Closed,"Fairview, NY|2024-09-17"
"Farmington, LA",2024-09-17,2024-10-09,2024-10-10,2024-10-17,2450306,2024-11-08,2992929,,Closed,Urgent,Repair,HVAC Repairs,Ashley Thompson,USPS,52.0,31-60,Closed,Closed,"Farmington, LA|2024-09-17"
"Florence, IL",2024-09-17,2024-10-31,2024-12-04,2024-12-20,2450062,2025-01-15,2992674,375.0,Closed,Urgent,Repair,Concrete,Ashley Thompson,USPS,120.0,90+,Closed,Closed,"Florence, IL|2024-09-17"
"Centerville, MS",2024-09-18,,2024-12-03,2024-12-03,2450432,2025-02-12,2993154,495.0,Closed,Urgent,Repair,HVAC Repairs,Brandon Davis,USPS,147.0,90+,Closed,Closed,"Centerville, MS|2024-09-18"
"Clinton, VA",2024-09-18,2024-10-30,2024-12-15,,2449929,2024-12-19,2992564,683.0,Closed,Normal,Repair,Painting,Kevin Miller,USPS,92.0,90+,Closed,Closed,"Clinton, VA|2024-09-18"
"Danville, SD",2024-09-18,2024-09-19,2024-09-19,2024-09-20,2451047,2024-09-26,2993709,,Closed,Urgent,Repair,HVAC Repairs,Ashley Thompson,USPS,8.0,0-30,Closed,Closed,"Danville, SD|2024-09-18"
"Georgetown, NJ",2024-09-18,2024-10-10,2024-11-04,2024-11-06,2447674,2024-11-22,2990090,,Closed,Urgent,Repair,Paving (Repair),Brandon Davis,USPS,65.0,61-90,Closed,Closed,"Georgetown, NJ|2024-09-18"
"Madison, NE",2024-09-18,2025-12-22,2025-01-27,2025-01-28,2450558,2025-02-06,2993174,305.95,Closed,Urgent,Repair,Plumbing,Brandon Davis,USPS,141.0,90+,Closed,Closed,"Madison, NE|2024-09-18"
"Madison, NH",2024-09-18,2024-09-20,2024-09-27,2024-10-02,2451274,2025-05-31,2994012,63.49,Closed,Urgent,Repair,Plumbing,Ashley Thompson,USPS,255.0,90+,Closed,Closed,"Madison, NH|2024-09-18"
"Oxford, NH",2024-09-18,,2024-10-02,2024-10-02,2450886,2024-10-02,2993537,,Closed,Urgent,Repair,Electrical Repairs,Brandon Davis,USPS,14.0,0-30,Closed,Closed,"Oxford, NH|2024-09-18"
"Troy, PA",2024-09-18,2024-10-07,2024-11-16,2024-12-05,2450490,2024-12-19,2993143,450.0,Closed,Normal,Repair,Siding,Kevin Miller,USPS,92.0,90+,Closed,Closed,"Troy, PA|2024-09-18"
"Fairview, IL",2024-09-19,,2024-10-01,2024-10-01,2430987,2024-10-01,2972655,0.0,Closed,Urgent,Repair,Gutters,Mike Johnson,USPS,12.0,0-30,Closed,Closed,"Fairview, IL|2024-09-19"
"Ashland, WA",2024-09-20,2024-09-20,2024-09-23,,,2024-09-30,,,Closed,Urgent,Repair,Electrical Repairs,Brandon Davis,Internal,10.0,0-30,Closed,Closed,"Ashland, WA|2024-09-20"
"Clinton, ME",2024-09-20,2024-10-07,2024-10-09,2024-10-15,2448911,2024-11-01,2991434,,Closed,Normal,Repair,Concrete,Sarah Williams,USPS,42.0,31-60,Closed,Closed,"Clinton, ME|2024-09-20"
"Lancaster, IA",2024-09-20,2024-09-20,2024-09-20,2024-10-11,2451451,2024-10-24,2994214,219.0,Closed,Urgent,Repair,HVAC Repairs,Mike Johnson,USPS,34.0,31-60,Closed,Closed,"Lancaster, IA|2024-09-20"
"Clinton, MO",2024-09-23,2024-10-08,2024-10-08,2024-10-10,2452223,2024-10-24,2994992,225.0,Closed,Urgent,Repair,Plumbing,Ashley Thompson,USPS,31.0,31-60,Closed,Closed,"Clinton, MO|2024-09-23"
"Hudson, OR",2024-09-23,,,2024-10-22,2452468,2024-10-22,2995264,,Closed,Urgent,Repair,Drive Thru,Ashley Thompson,USPS,29.0,0-30,Closed,Closed,"Hudson, OR|2024-09-23"
"Marion, GA",2024-09-23,2024-10-29,2025-02-09,2025-02-12,2452349,2025-02-27,2995124,,Closed,Urgent,Repair,Flooring,Ashley Thompson,USPS,157.0,90+,Closed,Closed,"Marion, GA|2024-09-23"
"Anderson, VA",2024-09-24,2024-10-07,2024-11-10,2024-11-14,2451769,2024-11-22,2994540,175.0,Closed,Urgent,Repair,Concrete,Kevin Miller,USPS,59.0,31-60,Closed,Closed,"Anderson, VA|2024-09-24"
"Clayton, OH",2024-09-24,2024-09-24,2024-09-24,2024-09-24,2451627,2024-10-03,2994311,,Closed,Urgent,Repair,Plumbing,Brandon Davis,USPS,9.0,0-30,Closed,Closed,"Clayton, OH|2024-09-24"
"Danville, MA",2024-09-24,2024-09-25,2024-09-25,2024-10-02,2452292,2024-10-16,2995153,1675.0,Closed,Urgent,Repair,Roof Repair,Mike Johnson,USPS,22.0,0-30,Closed,Closed,"Danville, MA|2024-09-24"
"Fairview, ME",2024-09-24,2025-03-19,2025-05-14,2025-06-01,2451954,2025-06-12,2994745,969.0,Closed,Urgent,Repair,Misc. Repairs,Ashley Thompson,USPS,261.0,90+,Closed,Closed,"Fairview, ME|2024-09-24"
"Lexington, WV",2024-09-24,2024-10-28,2024-11-18,2025-01-22,2452436,2025-02-13,2995182,175.0,Closed,Urgent,Repair,Ceiling Tiles,Kevin Miller,USPS,142.0,90+,Closed,Closed,"Lexington, WV|2024-09-24"
"Lexington, WV",2024-09-24,2024-09-27,2024-10-17,2024-10-23,2452436,2024-11-22,2995183,300.0,Closed,Urgent,Repair,Doors,Kevin Miller,USPS,59.0,31-60,Closed,Closed,"Lexington, WV|2024-09-24"
"Madison, CA",2024-09-24,2024-09-25,2024-09-25,2024-10-02,2451099,2024-10-17,2993751,,Closed,Urgent,Repair,HVAC Repairs,Brandon Davis,USPS,23.0,0-30,Closed,Closed,"Madison, CA|2024-09-24"
"Ashland, ND",2024-09-25,2024-09-25,2024-11-06,,,2024-12-05,,,Closed,Urgent,Repair,HVAC PM,Ashley Thompson,Internal,71.0,61-90,Closed,Closed,"Ashland, ND|2024-09-25"
"Centerville, WY",2024-09-25,2024-09-25,2024-09-27,,,2024-10-24,,125.0,Closed,Normal,Repair,HVAC PM,Mike Johnson,Internal,29.0,0-30,Closed,Closed,"Centerville, WY|2024-09-25"
"Clayton, MI",2024-09-25,2024-09-25,2024-09-26,2024-09-30,,2024-10-24,,88.34,Closed,Urgent,Repair,HVAC Repairs,Mike Johnson,Internal,29.0,0-30,Closed,Closed,"Clayton, MI|2024-09-25"
"Columbia, MS",2024-09-25,,,,,2024-09-26,,,Closed,Normal,Repair,Roof Repair,Brandon Davis,Internal,1.0,0-30,Closed,Closed,"Columbia, MS|2024-09-25"
"Dover, VT",2024-09-25,,,,,2024-09-25,,,Closed,Urgent,Repair,Misc. Repairs,Ashley Thompson,Internal,0.0,0-30,Closed,Closed,"Dover, VT|2024-09-25"
"Kingston, OK",2024-09-25,2024-09-25,2025-05-21,2025-05-22,,2025-06-10,,2100.0,Closed,Urgent,Repair,Painting,Ashley Thompson,Internal,258.0,90+,Closed,Closed,"Kingston, OK|2024-09-25"
"Kingston, OK",2024-09-25,2025-03-27,2025-05-01,,,2025-06-10,,250.0,Closed,Urgent,Repair,Structural,Kevin Miller,Internal,258.0,90+,Closed,Closed,"Kingston, OK|2024-09-25"
"Norwood, ID",2024-09-25,2024-09-23,2025-04-17,,,2025-05-14,,1500.0,Closed,Normal,Repair,HVAC PM,Ashley Thompson,Internal,231.0,90+,Closed,Closed,"Norwood, ID|2024-09-25"
"Columbia, MO",2024-09-26,2024-11-06,2024-12-18,2024-12-18,2454004,2025-06-10,2996877,,Closed,Urgent,Repair,HVAC Repairs,Brandon Davis,USPS,257.0,90+,Closed,Closed,"Columbia, MO|2024-09-26"
"Danville, MA",2024-09-26,2024-11-22,,,,2025-05-14,,2675.0,Closed,Normal,Repair,HVAC PM,Mike Johnson,Internal,230.0,90+,Closed,Closed,"Danville, MA|2024-09-26"
"Florence, OK",2024-09-26,2024-09-26,2024-09-27,2024-10-01,2452172,,2994977,676.24,Dispute,Urgent,Repair,HVAC Repairs,Ashley Thompson,USPS,573.0,90+,Risk,Open,"Florence, OK|2024-09-26"
"Hamilton, AK",2024-09-26,2024-10-07,2024-10-08,2024-10-09,2453088,2024-10-08,2996013,125.0,Closed,Normal,Repair,Vandalism,Kevin Miller,USPS,12.0,0-30,Closed,Closed,"Hamilton, AK|2024-09-26"
"Lancaster, PA",2024-09-26,2024-10-09,2024-10-17,2024-10-17,2453528,2024-11-04,2996332,,Closed,Urgent,Repair,Roof Repair,Brandon Davis,USPS,39.0,31-60,Closed,Closed,"Lancaster, PA|2024-09-26"
"Oxford, LA",2024-09-26,2024-10-09,2024-10-15,2024-10-15,2454023,2024-10-15,2454023,150.0,Closed,Normal,Repair,Electrical Repairs,Kevin Miller,USPS,19.0,0-30,Closed,Closed,"Oxford, LA|2024-09-26"
"Springfield, NC",2024-09-26,2024-11-21,2024-12-04,2034-12-26,2453593,2025-06-24,2996449,451.36,Closed,Normal,Repair,Ceiling Tiles,Sarah Williams,USPS,271.0,90+,Closed,Closed,"Springfield, NC|2024-09-26"
"Auburn, MO",2024-09-27,,,,,,,,Closed,Urgent,Repair,Roof Replacement - Shingle,Ashley Thompson,Internal,572.0,90+,Closed,Closed,"Auburn, MO|2024-09-27"
"Cleveland, ID",2024-09-27,2024-10-28,2024-12-30,2024-12-31,2440651,2025-08-11,2982752,1950.0,Closed,Urgent,Repair,Flooring,Brandon Davis,USPS,318.0,90+,Closed,Closed,"Cleveland, ID|2024-09-27"
"Greenville, NC",2024-09-27,2024-10-18,2024-11-01,,,2024-11-22,,2380.0,Closed,Normal,Repair,Misc. Repairs,Mike Johnson,Internal,56.0,31-60,Closed,Closed,"Greenville, NC|2024-09-27"
"Newport, OH",2024-09-27,2024-10-04,2024-11-02,2024-12-12,2453276,2024-12-17,2996117,617.65,Closed,Urgent,Repair,Flooring,Mike Johnson,USPS,81.0,61-90,Closed,Closed,"Newport, OH|2024-09-27"
"Albany, AL",2024-09-30,,2024-10-10,2024-10-24,2454570,2024-11-11,2997471,271.61,Closed,Urgent,Repair,Roof Repair,Kevin Miller,USPS,42.0,31-60,Closed,Closed,"Albany, AL|2024-09-30"
"Ashland, WA",2024-09-30,2024-09-20,2024-09-23,2024-10-07,2452610,2024-10-17,2995454,,Closed,Urgent,Repair,Electrical Repairs,Brandon Davis,USPS,17.0,0-30,Closed,Closed,"Ashland, WA|2024-09-30"
"Cleveland, OR",2024-09-30,2024-11-07,,2025-08-19,2454671,2025-08-19,2997565,,Closed,Urgent,Repair,Doors,Kevin Miller,USPS,323.0,90+,Closed,Closed,"Cleveland, OR|2024-09-30"
"Lexington, TX",2024-09-30,,2024-10-02,2024-10-02,2454568,2024-10-02,2997412,,Closed,Urgent,Repair,HVAC Repairs,Brandon Davis,USPS,2.0,0-30,Closed,Closed,"Lexington, TX|2024-09-30"
"Anderson, VA",2024-10-01,2024-10-01,2024-10-01,2024-10-02,2455438,2024-11-01,2998454,,Closed,Normal,Repair,HVAC Repairs,Sarah Williams,USPS,31.0,31-60,Closed,Closed,"Anderson, VA|2024-10-01"
"Anderson, VA",2024-10-01,2024-10-07,2024-10-24,2024-11-20,2455388,2024-12-04,2998416,50.0,Closed,Urgent,Repair,Concrete,Kevin Miller,USPS,64.0,61-90,Closed,Closed,"Anderson, VA|2024-10-01"
"Bloomington, MS",2024-10-01,2024-10-01,2024-10-02,2024-12-02,2456257,2024-12-05,2999295,,Closed,Urgent,Repair,HVAC Repairs,Brandon Davis,USPS,65.0,61-90,Closed,Closed,"Bloomington, MS|2024-10-01"
"Clayton, ME",2024-10-01,2024-09-01,2024-09-25,2024-09-25,,2025-08-25,,,Closed,Urgent,Repair,Roof Replacement - Flat,Brandon Davis,Internal,328.0,90+,Closed,Closed,"Clayton, ME|2024-10-01"
"Mount Vernon, MA",2024-10-01,2024-10-01,2024-10-04,2024-10-16,2455369,2024-11-01,2998355,1120.0,Closed,Urgent,Repair,HVAC PM,Mike Johnson,USPS,31.0,31-60,Closed,Closed,"Mount Vernon, MA|2024-10-01"
"Danville, NM",2024-10-02,2025-02-25,2025-05-08,2025-03-26,,2025-08-18,,28327.0,Closed,Normal,Repair,Roof Replacement - Flat,Brandon Davis,Internal,320.0,90+,Closed,Closed,"Danville, NM|2024-10-02"
"Dayton, CT",2024-10-02,,,,2457057,,3000157,,Closed,Urgent,Repair,Doors,Ashley Thompson,USPS,567.0,90+,Closed,Closed,"Dayton, CT|2024-10-02"
"Florence, UT",2024-10-02,2024-10-04,2024-10-08,2024-10-10,2455937,2024-10-10,2998970,,Closed,Urgent,Repair,Roof Repair,Brandon Davis,USPS,8.0,0-30,Closed,Closed,"Florence, UT|2024-10-02"
"Jackson, OH",2024-10-02,2024-10-02,2024-10-30,2024-10-30,2455459,2024-11-08,2998435,254.0,Closed,Urgent,Repair,Plumbing,Mike Johnson,USPS,37.0,31-60,Closed,Closed,"Jackson, OH|2024-10-02"
"Jackson, OH",2024-10-02,2024-10-02,2024-10-02,2024-10-16,2451583,2024-11-01,2994329,199.0,Closed,Urgent,Repair,HVAC Repairs,Mike Johnson,USPS,30.0,0-30,Closed,Closed,"Jackson, OH|2024-10-02"
"Lancaster, PA",2024-10-02,2025-04-01,2025-05-11,2025-05-20,,2025-06-11,,26000.0,Closed,Normal,Repair,Roof Replacement - Flat,Brandon Davis,Internal,252.0,90+,Closed,Closed,"Lancaster, PA|2024-10-02"
"Milton, ME",2024-10-02,2024-10-02,2024-10-03,2024-10-23,2455966,2024-11-01,2998993,,Closed,Normal,Repair,Roof Repair,Sarah Williams,USPS,30.0,0-30,Closed,Closed,"Milton, ME|2024-10-02"
"Springfield, OR",2024-10-02,,2024-10-02,,,2025-01-20,,,Closed,Urgent,Repair,Violation,Ashley Thompson,Internal,110.0,90+,Closed,Closed,"Springfield, OR|2024-10-02"
"Georgetown, SD",2024-10-03,,,,2447094,,2989510,,Closed,Urgent,Repair,HVAC Repairs,Mike Johnson,USPS,566.0,90+,Closed,Closed,"Georgetown, SD|2024-10-03"
"Hamilton, CT",2024-10-03,2024-09-02,2024-09-11,2024-10-03,,2024-10-16,,,Closed,Urgent,Repair,Siding,Ashley Thompson,Internal,13.0,0-30,Closed,Closed,"Hamilton, CT|2024-10-03"
"Ashland, AZ",2024-10-04,2024-10-04,2024-10-08,2024-10-30,2456922,2024-10-30,3000007,0.0,Closed,Urgent,Repair,HVAC Repairs,Mike Johnson,USPS,26.0,0-30,Closed,Closed,"Ashland, AZ|2024-10-04"
"Bloomington, MS",2024-10-04,2024-10-17,2025-02-28,2025-03-30,2456277,2025-03-30,2999270,,Closed,Urgent,Repair,Roof Repair,Kevin Miller,USPS,177.0,90+,Closed,Closed,"Bloomington, MS|2024-10-04"
"Burlington, CO",2024-10-04,2024-10-14,2024-10-18,2024-10-22,2456508,2024-12-05,2999605,304.0,Closed,Urgent,Repair,Doors,Kevin Miller,USPS,62.0,61-90,Closed,Closed,"Burlington, CO|2024-10-04"
"Clinton, GA",2024-10-04,2024-10-10,2024-10-24,2024-10-25,2456038,2024-11-08,2999047,825.0,Closed,Urgent,Repair,Electrical Repairs,Brandon Davis,USPS,35.0,31-60,Closed,Closed,"Clinton, GA|2024-10-04"
"Danville, MA",2024-10-04,2024-08-16,2024-09-19,,,2024-11-01,,1623.75,Closed,Normal,Repair,HVAC Repairs,Mike Johnson,Internal,28.0,0-30,Closed,Closed,"Danville, MA|2024-10-04"
"Farmington, VT",2024-10-04,2024-10-17,2024-11-27,2024-12-02,2456810,2024-12-16,2999945,,Closed,Urgent,Repair,HVAC PM,Brandon Davis,USPS,73.0,61-90,Closed,Closed,"Farmington, VT|2024-10-04"
"Farmington, VT",2024-10-04,2025-01-30,,,2456812,2025-03-12,2999948,,Closed,Urgent,Repair,Flooring,Brandon Davis,USPS,159.0,90+,Closed,Closed,"Farmington, VT|2024-10-04"
"Greenville, IL",2024-10-04,2024-11-26,2024-12-02,2024-12-10,2456294,2025-01-14,2999374,2100.0,Closed,Normal,Repair,Paving (Repair),Sarah Williams,USPS,102.0,90+,Closed,Closed,"Greenville, IL|2024-10-04"
"Hamilton, ND",2024-10-04,2024-10-18,2024-10-18,2024-10-25,2456532,2024-11-04,2999677,,Closed,Urgent,Repair,Doors,Brandon Davis,USPS,31.0,31-60,Closed,Closed,"Hamilton, ND|2024-10-04"
"Troy, OH",2024-10-04,2024-11-07,2025-02-03,2025-02-13,2456698,2025-02-21,2999797,300.0,Closed,Normal,Repair,Siding,Kevin Miller,USPS,140.0,90+,Closed,Closed,"Troy, OH|2024-10-04"
"Auburn, HI",2024-10-07,2024-10-17,2024-10-17,2024-10-17,2457617,2024-11-11,3000508,40.0,Closed,Normal,Repair,Doors,Kevin Miller,USPS,35.0,31-60,Closed,Closed,"Auburn, HI|2024-10-07"
"Auburn, NH",2024-10-07,2024-11-04,2025-01-20,2025-01-23,,2025-02-06,,7350.0,Closed,Normal,Repair,Roof Replacement - Shingle,Mike Johnson,Internal,122.0,90+,Closed,Closed,"Auburn, NH|2024-10-07"
"Centerville, RI",2024-10-07,2024-10-07,2024-10-10,2024-10-15,2457727,2024-12-04,3000896,,Closed,Normal,Repair,HVAC Repairs,Sarah Williams,USPS,58.0,31-60,Closed,Closed,"Centerville, RI|2024-10-07"
"Danville, NM",2024-10-07,2025-02-04,2025-02-12,2025-02-21,2457905,2025-02-27,3001099,,Closed,Urgent,Repair,Misc. Repairs,Brandon Davis,USPS,143.0,90+,Closed,Closed,"Danville, NM|2024-10-07"
"Franklin, WA",2024-10-07,2024-10-07,2024-10-24,2024-10-31,2457271,2024-11-08,3000411,,Closed,Urgent,Repair,HVAC PM,Brandon Davis,USPS,32.0,31-60,Closed,Closed,"Franklin, WA|2024-10-07"
"Hamilton, CT",2024-10-07,2024-10-07,2024-11-15,2024-11-18,,2024-11-20,,,Closed,Urgent,Repair,Glass,Ashley Thompson,Internal,44.0,31-60,Closed,Closed,"Hamilton, CT|2024-10-07"
"Hamilton, ND",2024-10-07,2024-10-08,2024-11-19,2024-11-21,2457155,2024-11-21,3000279,,Closed,Urgent,Repair,HVAC Repairs,Mike Johnson,USPS,45.0,31-60,Closed,Closed,"Hamilton, ND|2024-10-07"
"Hudson, MO",2024-10-07,2024-10-11,2024-10-17,2024-10-23,2457270,2024-11-22,3000332,596.95,Closed,Normal,Repair,HVAC PM,Mike Johnson,USPS,46.0,31-60,Closed,Closed,"Hudson, MO|2024-10-07"
"Oxford, LA",2024-10-07,2024-10-07,2024-10-07,2024-10-07,2457827,2024-10-07,3000971,0.0,Closed,Normal,Repair,Plumbing,Mike Johnson,USPS,0.0,0-30,Closed,Closed,"Oxford, LA|2024-10-07"
"Oxford, LA",2024-10-07,2024-10-07,2024-11-01,2024-11-07,2456978,2024-11-22,3000083,380.0,Closed,Urgent,Repair,HVAC Repairs,Mike Johnson,USPS,46.0,31-60,Closed,Closed,"Oxford, LA|2024-10-07"
"Plymouth, NJ",2024-10-07,,,,2458261,2024-10-15,3001499,,Closed,Urgent,Repair,Glass,Sarah Williams,USPS,8.0,0-30,Closed,Closed,"Plymouth, NJ|2024-10-07"
"Springfield, AK",2024-10-07,2024-12-04,2024-12-18,2024-12-19,2457836,2025-01-23,3000909,375.0,Closed,Normal,Repair,Flooring,Kevin Miller,USPS,108.0,90+,Closed,Closed,"Springfield, AK|2024-10-07"
"Springfield, AK",2024-10-07,2024-11-14,2024-12-13,2024-12-09,2457840,2025-01-15,3001013,1344.0,Closed,Normal,Repair,Painting,Kevin Miller,USPS,100.0,90+,Closed,Closed,"Springfield, AK|2024-10-07"
"Springfield, IN",2024-10-07,2024-10-07,2024-10-11,2024-10-18,2454798,2024-11-04,2997648,,Closed,Urgent,Repair,HVAC Repairs,Brandon Davis,USPS,28.0,0-30,Closed,Closed,"Springfield, IN|2024-10-07"
"Troy, NM",2024-10-07,2024-10-16,2024-10-30,2024-10-30,2457887,2024-11-22,3001084,73.07,Closed,Normal,Repair,Plumbing,Kevin Miller,USPS,46.0,31-60,Closed,Closed,"Troy, NM|2024-10-07"
"Troy, NM",2024-10-07,2024-11-14,2024-12-20,2024-12-23,2457890,2025-01-08,3001087,400.0,Closed,Normal,Repair,Sidewalk (Repair),Kevin Miller,USPS,93.0,90+,Closed,Closed,"Troy, NM|2024-10-07"
"Troy, NM",2024-10-07,2025-01-03,2025-01-28,2025-02-04,3001085,2025-02-27,2457888,300.0,Closed,Normal,Repair,Flooring,Kevin Miller,USPS,143.0,90+,Closed,Closed,"Troy, NM|2024-10-07"
"Winchester, NM",2024-10-07,2024-10-03,,2024-12-26,2457855,2024-12-26,3000992,0.0,Closed,Urgent,Repair,HVAC Repairs,Mike Johnson,USPS,80.0,61-90,Closed,Closed,"Winchester, NM|2024-10-07"
"Arlington, CO",2024-10-08,2024-10-09,2024-10-21,2024-10-21,2458360,2024-11-22,3001576,,Closed,Urgent,Repair,Plumbing,Brandon Davis,USPS,45.0,31-60,Closed,Closed,"Arlington, CO|2024-10-08"
"Ashland, AZ",2024-10-08,,2024-10-09,2024-10-09,2458515,2024-10-09,3001733,0.0,Closed,Normal,Repair,Electrical Repairs,Kevin Miller,USPS,1.0,0-30,Closed,Closed,"Ashland, AZ|2024-10-08"
"Centerville, VT",2024-10-08,2024-11-12,2024-11-13,2024-11-25,2458821,2025-03-25,3002129,400.0,Closed,Normal,Repair,Roof Repair,Sarah Williams,USPS,168.0,90+,Closed,Closed,"Centerville, VT|2024-10-08"
"Danville, MA",2024-10-08,2024-11-21,2024-12-04,2024-12-16,2457950,2025-01-08,3001110,280.0,Closed,Normal,Repair,Concrete,Sarah Williams,USPS,92.0,90+,Closed,Closed,"Danville, MA|2024-10-08"
"Lancaster, PA",2024-10-08,,,,,2024-10-28,,,Closed,Urgent,Repair,Flooring,Brandon Davis,Internal,20.0,0-30,Closed,Closed,"Lancaster, PA|2024-10-08"
"Manchester, AR",2024-10-08,2024-11-05,2024-11-11,,,2024-12-04,,385.2,Closed,Urgent,Repair,HVAC PM,Ashley Thompson,Internal,57.0,31-60,Closed,Closed,"Manchester, AR|2024-10-08"
"Milton, MO",2024-10-08,,2024-10-10,2024-10-10,2458369,2024-10-10,3001657,,Closed,Urgent,Repair,Plumbing,Brandon Davis,USPS,2.0,0-30,Closed,Closed,"Milton, MO|2024-10-08"
"Mount Vernon, MA",2024-10-08,2024-10-16,2024-10-22,2024-10-28,2458798,2025-01-08,3002078,219.25,Closed,Urgent,Repair,Glass,Mike Johnson,USPS,92.0,90+,Closed,Closed,"Mount Vernon, MA|2024-10-08"
"Mount Vernon, MA",2024-10-08,2024-10-08,2024-10-12,2024-10-16,2458855,2024-11-08,3002103,225.0,Closed,Normal,Repair,Plumbing,Mike Johnson,USPS,31.0,31-60,Closed,Closed,"Mount Vernon, MA|2024-10-08"
"Oakland, MI",2024-10-08,2024-10-07,2024-10-09,,,2024-11-08,,920.15,Closed,Normal,Repair,HVAC PM,Mike Johnson,Internal,31.0,31-60,Closed,Closed,"Oakland, MI|2024-10-08"
"Riverside, AR",2024-10-08,2024-10-28,2024-11-07,2024-11-07,2458419,2024-11-22,3001646,,Closed,Urgent,Repair,Electrical Repairs,Brandon Davis,USPS,45.0,31-60,Closed,Closed,"Riverside, AR|2024-10-08"
"Milton, ME",2024-10-09,2024-10-10,2024-10-16,2024-10-16,2453726,2024-10-17,2996566,,Closed,Urgent,Repair,Electrical Repairs,Brandon Davis,USPS,8.0,0-30,Closed,Closed,"Milton, ME|2024-10-09"
"Milton, ME",2024-10-09,2024-10-10,2024-10-16,2024-10-16,2453861,2024-11-04,2996711,,Closed,Urgent,Repair,Electrical Repairs,Brandon Davis,USPS,26.0,0-30,Closed,Closed,"Milton, ME|2024-10-09"
"Centerville, PA",2024-10-11,2025-03-02,2025-03-16,2025-04-22,2448432,2025-04-30,2990971,19531.0,Closed,Urgent,Repair,Asbestos Abatement,Brandon Davis,USPS,201.0,90+,Closed,Closed,"Centerville, PA|2024-10-11"
"Fremont, MD",2024-10-11,2024-10-11,2024-10-15,,,2025-02-27,,640.0,Closed,Urgent,Repair,HVAC Repairs,Mike Johnson,Internal,139.0,90+,Closed,Closed,"Fremont, MD|2024-10-11"
"Georgetown, VA",2024-10-11,2024-11-08,2024-11-18,2024-11-22,2458022,2024-12-04,3001179,235.2,Closed,Urgent,Repair,Ceiling Tiles,Kevin Miller,USPS,54.0,31-60,Closed,Closed,"Georgetown, VA|2024-10-11"
"Cleveland, ID",2024-10-14,2024-11-04,2024-11-21,2024-11-21,2457045,2024-12-05,3000186,2800.0,Closed,Normal,Repair,Painting,Kevin Miller,USPS,52.0,31-60,Closed,Closed,"Cleveland, ID|2024-10-14"
"Jackson, ID",2024-10-14,2024-10-16,2024-10-21,2024-10-21,2459602,2024-11-22,3002960,,Closed,Urgent,Repair,Plumbing,Brandon Davis,USPS,39.0,31-60,Closed,Closed,"Jackson, ID|2024-10-14"
"Madison, MS",2024-10-14,2024-10-16,2024-10-16,2024-10-16,2459711,2024-11-01,3003233,122.0,Closed,Urgent,Repair,Plumbing,Kevin Miller,USPS,18.0,0-30,Closed,Closed,"Madison, MS|2024-10-14"
"Florence, OK",2024-10-15,2024-10-15,2024-10-16,2024-11-13,2460253,,3003755,,Dispute,Normal,Repair,HVAC Repairs,Sarah Williams,USPS,554.0,90+,Risk,Open,"Florence, OK|2024-10-15"
"Lexington, TX",2024-10-15,2024-11-25,2024-11-30,,,2024-12-05,,270.0,Closed,Urgent,Repair,HVAC Repairs,Ashley Thompson,Internal,51.0,31-60,Closed,Closed,"Lexington, TX|2024-10-15"
"Oxford, PA",2024-10-15,2024-10-22,2025-01-21,2025-01-23,2460438,2025-01-30,3003783,,Closed,Normal,Repair,Roof Repair,Sarah Williams,USPS,107.0,90+,Closed,Closed,"Oxford, PA|2024-10-15"
"Centerville, PA",2024-10-16,2025-02-07,2025-02-21,2025-02-24,2448432,2025-04-03,2990979,300.0,Closed,Urgent,Repair,Painting,Brandon Davis,USPS,169.0,90+,Closed,Closed,"Centerville, PA|2024-10-16"
"Danville, MA",2024-10-16,2024-10-13,2024-11-19,2024-12-02,,2024-12-05,,14835.66,Closed,Urgent,Repair,HVAC Repairs,Mike Johnson,Internal,50.0,31-60,Closed,Closed,"Danville, MA|2024-10-16"
"Danville, SD",2024-10-16,2024-12-05,2024-12-09,2025-01-09,2461008,2025-01-15,3004536,,Closed,Urgent,Repair,Doors,Brandon Davis,USPS,91.0,90+,Closed,Closed,"Danville, SD|2024-10-16"
"Dayton, IA",2024-10-16,,,,,,,759.77,Closed,Urgent,Repair,Roof Repair,Ashley Thompson,Internal,553.0,90+,Closed,Closed,"Dayton, IA|2024-10-16"
"Georgetown, IL",2024-10-16,,,2024-10-25,2460457,2024-10-25,3003826,,Closed,Normal,Repair,Ceiling Tiles,Kevin Miller,USPS,9.0,0-30,Closed,Closed,"Georgetown, IL|2024-10-16"
"Auburn, MS",2024-10-17,2024-10-17,2024-10-21,2024-10-21,,2024-11-11,,,Closed,Urgent,Repair,HVAC Repairs,Sarah Williams,Internal,25.0,0-30,Closed,Closed,"Auburn, MS|2024-10-17"
"Danville, SD",2024-10-17,2024-12-05,2024-12-09,2024-12-10,2461008,2024-12-10,3004537,,Closed,Urgent,Repair,Concrete,Brandon Davis,USPS,54.0,31-60,Closed,Closed,"Danville, SD|2024-10-17"
"Danville, UT",2024-10-17,2024-10-17,2024-10-17,,,2025-06-10,,,Closed,Urgent,Repair,Landscaping,Sarah Williams,Internal,236.0,90+,Closed,Closed,"Danville, UT|2024-10-17"
"Edison, NC",2024-10-17,2024-12-02,2024-12-13,2024-12-19,2461224,2025-01-15,3004681,,Closed,Urgent,Repair,Electrical Repairs,Brandon Davis,USPS,90.0,61-90,Closed,Closed,"Edison, NC|2024-10-17"
"Edison, NC",2024-10-17,,2024-10-18,2024-10-18,2461224,2024-10-18,3004682,,Closed,Urgent,Repair,Misc. Repairs,Brandon Davis,USPS,1.0,0-30,Closed,Closed,"Edison, NC|2024-10-17"
"Fairview, NY",2024-10-17,2024-10-24,2024-11-06,2024-12-16,,2024-12-23,,3672.0,Closed,Urgent,Repair,Electrical Repairs,Mike Johnson,Internal,67.0,61-90,Closed,Closed,"Fairview, NY|2024-10-17"
"Fairview, NY",2024-10-17,2024-10-17,2024-10-23,,,2024-12-16,,,Closed,Normal,Repair,HVAC Repairs,Mike Johnson,Internal,60.0,31-60,Closed,Closed,"Fairview, NY|2024-10-17"
"Fairview, NY",2024-10-17,2024-10-30,2024-11-04,,,2024-11-22,,64.39,Closed,Normal,Repair,Building Repairs,Mike Johnson,Internal,36.0,31-60,Closed,Closed,"Fairview, NY|2024-10-17"
"Fairview, NY",2024-10-17,2024-11-06,2024-11-27,2024-12-04,,2024-12-17,,1000.0,Closed,Normal,Repair,Paving (Repair),Mike Johnson,Internal,61.0,61-90,Closed,Closed,"Fairview, NY|2024-10-17"
"Fairview, NY",2024-10-17,2024-10-30,2024-11-05,,,2024-11-22,,63.09,Closed,Normal,Repair,Plumbing,Mike Johnson,Internal,36.0,31-60,Closed,Closed,"Fairview, NY|2024-10-17"
"Fairview, NY",2024-10-17,,2024-12-16,,,2024-12-16,,0.0,Closed,Normal,Repair,Building Repairs,Mike Johnson,Internal,60.0,31-60,Closed,Closed,"Fairview, NY|2024-10-17"
"Fairview, NY",2024-10-17,2024-10-30,2024-11-04,,,2024-11-22,,101.92,Closed,Normal,Repair,Other,Mike Johnson,Internal,36.0,31-60,Closed,Closed,"Fairview, NY|2024-10-17"
"Georgetown, IN",2024-10-17,2024-11-04,2024-11-04,2024-11-05,2461032,2024-12-04,3004471,107.32,Closed,Urgent,Repair,Gutters,Kevin Miller,USPS,48.0,31-60,Closed,Closed,"Georgetown, IN|2024-10-17"
"Madison, MS",2024-10-17,2025-01-23,2025-03-29,2025-03-31,2461434,2025-04-30,3004939,2630.0,Closed,Normal,Repair,Concrete,Ashley Thompson,USPS,195.0,90+,Closed,Closed,"Madison, MS|2024-10-17"
"Mount Vernon, TX",2024-10-17,2025-05-07,2025-10-15,,,,,5063.0,Completed,Normal,Repair,Roof Repair,Kevin Miller,Internal,552.0,90+,Completed Not Paid,Open,"Mount Vernon, TX|2024-10-17"
"Salem, SC",2024-10-17,2024-10-16,2024-11-14,,,2024-12-13,,0.0,Closed,Urgent,Repair,Violation,Mike Johnson,Internal,57.0,31-60,Closed,Closed,"Salem, SC|2024-10-17"
"Lancaster, PA",2024-10-18,2025-02-07,2025-03-14,2025-04-01,2462190,2025-04-30,3005720,602.43,Closed,Urgent,Repair,Ceiling Tiles,Kevin Miller,USPS,194.0,90+,Closed,Closed,"Lancaster, PA|2024-10-18"
"Carrollton, IL",2024-10-21,2024-10-21,2024-10-28,2024-10-28,2461763,2025-02-03,3005236,160.0,Closed,Urgent,Repair,HVAC Repairs,Mike Johnson,USPS,105.0,90+,Closed,Closed,"Carrollton, IL|2024-10-21"
"Hudson, AR",2024-10-21,2024-12-03,2024-12-20,2025-01-02,2461599,2025-01-15,3005056,575.0,Closed,Normal,Repair,Roof Repair,Sarah Williams,USPS,86.0,61-90,Closed,Closed,"Hudson, AR|2024-10-21"
"Lancaster, PA",2024-10-21,,,2025-05-01,2462190,2025-05-01,3005721,,Closed,Urgent,Repair,Building Repairs,Kevin Miller,USPS,192.0,90+,Closed,Closed,"Lancaster, PA|2024-10-21"
"Lancaster, PA",2024-10-21,,2025-05-11,2025-05-20,2462190,2025-05-20,3005719,,Closed,Urgent,Repair,Roof Repair,Brandon Davis,USPS,211.0,90+,Closed,Closed,"Lancaster, PA|2024-10-21"
"Lexington, TX",2024-10-21,,2024-10-23,2024-11-11,2462299,2024-11-11,3005791,,Closed,Urgent,Repair,HVAC Repairs,Brandon Davis,USPS,21.0,0-30,Closed,Closed,"Lexington, TX|2024-10-21"
"Madison, CA",2024-10-21,2024-11-18,2024-12-08,2024-12-09,2462470,2024-12-18,3005997,1125.0,Closed,Normal,Repair,Drive Thru,Sarah Williams,USPS,58.0,31-60,Closed,Closed,"Madison, CA|2024-10-21"
"Riverside, VT",2024-10-21,2024-11-01,2024-11-04,2024-11-06,2461714,2024-11-19,3005264,0.0,Closed,Urgent,Repair,Roof Repair,Mike Johnson,USPS,29.0,0-30,Closed,Closed,"Riverside, VT|2024-10-21"
"Springfield, IN",2024-10-21,2024-11-18,2024-12-02,2024-12-02,2462569,2025-01-08,3006095,,Closed,Urgent,Repair,Plumbing,Brandon Davis,USPS,79.0,61-90,Closed,Closed,"Springfield, IN|2024-10-21"
"Springfield, IN",2024-10-22,2024-11-01,2024-11-18,2024-11-18,2461172,2025-01-08,3004592,,Closed,Urgent,Repair,HVAC Repairs,Brandon Davis,USPS,78.0,61-90,Closed,Closed,"Springfield, IN|2024-10-22"
"Winchester, NM",2024-10-22,,,,,,,,Closed,Urgent,Repair,HVAC PM,Ashley Thompson,Internal,547.0,90+,Closed,Closed,"Winchester, NM|2024-10-22"
"Auburn, TN",2024-10-23,2024-11-15,2024-11-22,2024-12-05,2464012,2024-12-17,3007565,890.0,Closed,Urgent,Repair,HVAC Repairs,Mike Johnson,USPS,55.0,31-60,Closed,Closed,"Auburn, TN|2024-10-23"
"Anderson, FL",2024-10-24,2024-10-25,2024-10-25,2025-04-11,2463426,2025-06-10,3006955,3464.0,Closed,Emergency,Repair,Roof Repair,Kevin Miller,USPS,229.0,90+,Closed,Closed,"Anderson, FL|2024-10-24"
"Ashland, GA",2024-10-24,2024-11-19,2024-12-02,2024-12-03,2463011,2024-12-18,3006507,340.0,Closed,Urgent,Repair,Plumbing,Sarah Williams,USPS,55.0,31-60,Closed,Closed,"Ashland, GA|2024-10-24"
"Bloomington, WY",2024-10-24,2024-10-24,2024-10-24,2024-10-24,2463002,2025-01-20,3006456,,Closed,Normal,Repair,HVAC Repairs,Sarah Williams,USPS,88.0,61-90,Closed,Closed,"Bloomington, WY|2024-10-24"
"Danville, MA",2024-10-24,2024-11-21,2024-12-04,2025-01-28,2463367,2025-02-06,3006877,200.0,Closed,Normal,Repair,Doors,Sarah Williams,USPS,105.0,90+,Closed,Closed,"Danville, MA|2024-10-24"
"Dayton, FL",2024-10-24,2024-10-28,2024-11-15,2024-11-21,2463356,2024-12-05,3006843,,Closed,Urgent,Repair,Glass,Brandon Davis,USPS,42.0,31-60,Closed,Closed,"Dayton, FL|2024-10-24"
"Farmington, SC",2024-10-24,2024-10-28,2024-11-01,2024-11-12,2462738,2024-12-04,3006220,210.64,Closed,Urgent,Repair,Plumbing,Kevin Miller,USPS,41.0,31-60,Closed,Closed,"Farmington, SC|2024-10-24"
"Georgetown, NJ",2024-10-24,2024-09-27,,,,2024-12-04,,,Closed,Urgent,Repair,HVAC PM,Ashley Thompson,Internal,41.0,31-60,Closed,Closed,"Georgetown, NJ|2024-10-24"
"Hamilton, KS",2024-10-24,2024-10-25,2024-10-31,2024-11-05,2462968,2024-11-22,3006596,185.0,Closed,Normal,Repair,Doors,Kevin Miller,USPS,29.0,0-30,Closed,Closed,"Hamilton, KS|2024-10-24"
"Hamilton, KS",2024-10-24,2024-10-29,2024-10-31,2024-11-05,2462969,2024-11-13,3006597,185.0,Closed,Urgent,Repair,Doors,Kevin Miller,USPS,20.0,0-30,Closed,Closed,"Hamilton, KS|2024-10-24"
"Marion, GA",2024-10-24,2024-10-30,2024-11-13,2024-11-13,2463123,2024-11-22,3006612,,Closed,Urgent,Repair,Electrical Repairs,Kevin Miller,USPS,29.0,0-30,Closed,Closed,"Marion, GA|2024-10-24"
"Marion, GA",2024-10-24,2024-12-10,2025-02-10,2025-02-11,,2025-03-09,,21970.0,Closed,Urgent,Repair,Roof Replacement - Flat,Brandon Davis,Internal,136.0,90+,Closed,Closed,"Marion, GA|2024-10-24"
"Norwood, ID",2024-10-24,2024-11-22,2024-11-26,,2463049,2024-10-07,3006525,0.0,Closed,Urgent,Repair,Roof Repair,Mike Johnson,USPS,0.0,0-30,Closed,Closed,"Norwood, ID|2024-10-24"
"Riverside, NH",2024-10-24,2024-10-28,2024-10-30,2025-10-22,2463281,2025-10-22,3006787,,Closed,Normal,Repair,Roof Repair,Sarah Williams,USPS,363.0,90+,Closed,Closed,"Riverside, NH|2024-10-24"
"Auburn, SC",2024-10-25,2024-12-04,2025-01-23,2025-01-23,2464275,2025-06-10,3007813,,Closed,Urgent,Repair,Roof Repair,Brandon Davis,USPS,228.0,90+,Closed,Closed,"Auburn, SC|2024-10-25"
"Burlington, NH",2024-10-25,2024-11-05,2024-11-05,2024-11-15,2464217,2024-12-05,3007766,625.0,Closed,Urgent,Repair,Plumbing,Kevin Miller,USPS,41.0,31-60,Closed,Closed,"Burlington, NH|2024-10-25"
"Georgetown, IL",2024-10-25,2024-11-19,2024-11-20,2024-11-25,2464058,2024-12-04,3007598,400.0,Closed,Normal,Repair,Roof Repair,Sarah Williams,USPS,40.0,31-60,Closed,Closed,"Georgetown, IL|2024-10-25"
"Hamilton, WA",2024-10-25,2024-10-31,2024-11-02,2024-11-05,2464335,2024-11-08,3007914,65.0,Closed,Urgent,Repair,Doors,Ashley Thompson,USPS,14.0,0-30,Closed,Closed,"Hamilton, WA|2024-10-25"
"Jackson, NM",2024-10-26,2024-11-13,2024-12-05,2024-12-10,2465548,2024-12-17,3009146,,Closed,Urgent,Repair,HVAC PM,Ashley Thompson,USPS,52.0,31-60,Closed,Closed,"Jackson, NM|2024-10-26"
"Salem, OR",2024-10-26,,,,2465767,,3009415,,Closed,Urgent,Repair,Electrical Repairs,Ashley Thompson,USPS,543.0,90+,Closed,Closed,"Salem, OR|2024-10-26"
"Arlington, MN",2024-10-28,2024-11-13,2024-11-15,2024-11-22,2465245,2025-01-30,3008840,,Closed,Normal,Repair,Doors,Sarah Williams,USPS,94.0,90+,Closed,Closed,"Arlington, MN|2024-10-28"
"Arlington, WV",2024-10-28,2024-10-28,2024-10-28,2024-11-01,2465634,2024-12-04,3009211,114.58,Closed,Urgent,Repair,Plumbing,Kevin Miller,USPS,37.0,31-60,Closed,Closed,"Arlington, WV|2024-10-28"
"Ashland, IN",2024-10-28,2024-10-28,2024-11-01,2024-11-05,2465610,2024-11-08,3009229,190.0,Closed,Urgent,Repair,HVAC PM,Ashley Thompson,USPS,11.0,0-30,Closed,Closed,"Ashland, IN|2024-10-28"
"Ashland, IN",2024-10-28,2024-11-04,2024-11-05,2024-11-13,2465583,2024-11-22,3009192,50.0,Closed,Urgent,Repair,Electrical Repairs,Kevin Miller,USPS,25.0,0-30,Closed,Closed,"Ashland, IN|2024-10-28"
"Ashland, IN",2024-10-28,,2024-10-29,2024-10-29,2465552,2024-10-29,3009150,0.0,Closed,Normal,Repair,Painting,Mike Johnson,USPS,1.0,0-30,Closed,Closed,"Ashland, IN|2024-10-28"
"Auburn, SC",2024-10-28,2024-10-31,2024-11-07,2024-11-07,2465279,2024-11-22,3008877,,Closed,Urgent,Repair,Plumbing,Brandon Davis,USPS,25.0,0-30,Closed,Closed,"Auburn, SC|2024-10-28"
"Bristol, LA",2024-10-28,2024-01-01,2024-09-19,,,2024-11-01,,352.0,Closed,Urgent,Repair,HVAC PM,Ashley Thompson,Internal,4.0,0-30,Closed,Closed,"Bristol, LA|2024-10-28"
"Clayton, CO",2024-10-28,2024-11-20,2024-12-04,2024-12-04,2464588,2024-12-18,3008206,,Closed,Urgent,Repair,Plumbing,Brandon Davis,USPS,51.0,31-60,Closed,Closed,"Clayton, CO|2024-10-28"
"Clayton, CO",2024-10-28,2024-11-08,2024-11-13,2024-11-13,2464588,2024-11-22,3008203,,Closed,Urgent,Repair,Ceiling Tiles,Brandon Davis,USPS,25.0,0-30,Closed,Closed,"Clayton, CO|2024-10-28"
"Clayton, NC",2024-10-28,,,2024-10-28,2464720,2024-10-30,3008192,,Closed,Normal,Repair,Doors,Sarah Williams,USPS,2.0,0-30,Closed,Closed,"Clayton, NC|2024-10-28"
"Clinton, KY",2024-10-28,2024-11-07,2024-11-20,2024-11-27,2465215,2025-02-20,3008732,77.12,Closed,Urgent,Repair,Electrical Repairs,Kevin Miller,USPS,115.0,90+,Closed,Closed,"Clinton, KY|2024-10-28"
"Fairview, NY",2024-10-28,2024-10-25,2024-11-06,2024-12-16,2465782,2024-12-23,3009403,845.0,Closed,Urgent,Repair,Plumbing,Mike Johnson,USPS,56.0,31-60,Closed,Closed,"Fairview, NY|2024-10-28"
"Fairview, NY",2024-10-28,2024-10-30,2024-11-20,2024-11-20,2465727,2024-12-17,3009374,75.0,Closed,Urgent,Repair,Plumbing,Mike Johnson,USPS,50.0,31-60,Closed,Closed,"Fairview, NY|2024-10-28"
"Florence, MO",2024-10-28,2024-11-26,2024-12-07,2024-12-11,2464597,2024-12-18,3008090,326.63,Closed,Normal,Repair,Misc. Repairs,Sarah Williams,USPS,51.0,31-60,Closed,Closed,"Florence, MO|2024-10-28"
"Gainesville, HI",2024-10-28,2024-11-21,2024-11-22,2024-12-03,2465551,2024-12-18,3009149,600.0,Closed,Normal,Repair,Paving (Repair),Sarah Williams,USPS,51.0,31-60,Closed,Closed,"Gainesville, HI|2024-10-28"
"Lancaster, PA",2024-10-28,2025-02-25,2025-03-24,,2457961,2025-04-30,3001119,,Closed,Urgent,Repair,Flooring,Brandon Davis,USPS,184.0,90+,Closed,Closed,"Lancaster, PA|2024-10-28"
"Manchester, GA",2024-10-28,2024-11-13,2024-11-20,2024-11-20,2465194,2024-11-20,3008832,,Closed,Urgent,Repair,Doors,Brandon Davis,USPS,23.0,0-30,Closed,Closed,"Manchester, GA|2024-10-28"
"Manchester, GA",2024-10-28,,,2024-11-11,2465194,2024-11-11,3008878,,Closed,Urgent,Repair,Electrical Repairs,Brandon Davis,USPS,14.0,0-30,Closed,Closed,"Manchester, GA|2024-10-28"
"Norwood, MD",2024-10-28,,2024-10-28,2024-10-28,2465197,2024-11-05,3008756,,Closed,Urgent,Repair,Painting,Brandon Davis,USPS,8.0,0-30,Closed,Closed,"Norwood, MD|2024-10-28"
"Auburn, MS",2024-10-29,,,,,,,,Closed,Normal,Repair,Glass,Mike Johnson,Internal,540.0,90+,Closed,Closed,"Auburn, MS|2024-10-29"
"Auburn, SC",2024-10-29,2024-10-30,2024-11-08,2024-11-12,2466240,2024-11-22,3009790,280.09,Closed,Urgent,Repair,HVAC Repairs,Ashley Thompson,USPS,24.0,0-30,Closed,Closed,"Auburn, SC|2024-10-29"
"Clinton, VT",2024-10-29,,2024-11-04,2024-11-04,2466226,2025-01-07,3009877,,Closed,Urgent,Repair,Roof Repair,Brandon Davis,USPS,70.0,61-90,Closed,Closed,"Clinton, VT|2024-10-29"
"Florence, IL",2024-10-29,2024-10-29,2024-11-05,,,2024-12-05,,902.0,Closed,Urgent,Repair,HVAC PM,Ashley Thompson,Internal,37.0,31-60,Closed,Closed,"Florence, IL|2024-10-29"
"Greenville, NC",2024-10-29,2024-10-12,2024-10-18,,,2025-02-03,,81.47,Closed,Normal,Repair,Pest Control,Mike Johnson,Internal,97.0,90+,Closed,Closed,"Greenville, NC|2024-10-29"
"Mount Vernon, AR",2024-10-29,2024-11-20,2024-11-21,2024-11-27,2466255,2025-02-28,3009894,150.0,Closed,Urgent,Repair,Electrical Repairs,Kevin Miller,USPS,122.0,90+,Closed,Closed,"Mount Vernon, AR|2024-10-29"
"Plymouth, CA",2024-10-30,2025-03-10,2025-06-12,2025-06-15,2466623,2025-06-22,3010262,900.0,Closed,Normal,Repair,Painting,Sarah Williams,USPS,235.0,90+,Closed,Closed,"Plymouth, CA|2024-10-30"
"Plymouth, CA",2024-10-30,2025-03-10,2025-06-17,2025-07-01,2467664,2025-07-08,3011322,350.0,Closed,Normal,Repair,Ceiling Tiles,Sarah Williams,USPS,251.0,90+,Closed,Closed,"Plymouth, CA|2024-10-30"
"Anderson, MN",2024-10-31,2024-11-13,2024-12-28,2025-01-02,2466392,2025-01-07,3010121,,Closed,Normal,Repair,Misc. Repairs,Kevin Miller,USPS,68.0,61-90,Closed,Closed,"Anderson, MN|2024-10-31"
"Ashland, NY",2024-10-31,,2024-11-05,2024-11-05,2461265,2024-11-05,3004717,0.0,Closed,Urgent,Repair,Plumbing,Mike Johnson,USPS,5.0,0-30,Closed,Closed,"Ashland, NY|2024-10-31"
"Burlington, NH",2024-10-31,2024-11-25,2024-12-02,2024-12-02,2466805,2024-12-05,3010411,150.0,Closed,Normal,Repair,HVAC Repairs,Kevin Miller,USPS,35.0,31-60,Closed,Closed,"Burlington, NH|2024-10-31"
"Edison, OH",2024-10-31,2025-02-18,2025-03-26,,,2025-09-15,,74000.0,Closed,Urgent,Repair,Roof Replacement - Flat,Brandon Davis,Internal,319.0,90+,Closed,Closed,"Edison, OH|2024-10-31"
"Farmington, VT",2024-10-31,2025-01-30,,,2461688,,3005152,10000.0,Contracted,Urgent,Repair,Asbestos Abatement,Brandon Davis,USPS,538.0,90+,In Progress,Open,"Farmington, VT|2024-10-31"
"Franklin, WA",2024-10-31,,,,,,,,Closed,Urgent,Repair,HVAC PM,Ashley Thompson,Internal,538.0,90+,Closed,Closed,"Franklin, WA|2024-10-31"
"Greenville, NM",2024-10-31,2024-11-12,2024-11-14,2024-12-02,2466187,2024-12-02,3009836,0.0,Closed,Urgent,Repair,HVAC Repairs,Kevin Miller,USPS,32.0,31-60,Closed,Closed,"Greenville, NM|2024-10-31"
"Lancaster, WY",2024-10-31,2025-01-10,2025-01-17,2025-01-23,2466641,2025-03-10,3010300,,Closed,Normal,Repair,Roof Replacement - Shingle,Sarah Williams,USPS,130.0,90+,Closed,Closed,"Lancaster, WY|2024-10-31"
"Oakland, MI",2024-10-31,2024-10-31,,,,2025-03-02,,300.0,Closed,Urgent,Repair,HVAC Repairs,Ashley Thompson,Internal,122.0,90+,Closed,Closed,"Oakland, MI|2024-10-31"
"Arlington, ID",2024-11-01,2024-11-05,2024-11-07,2024-11-07,2467996,2024-11-07,3011709,,Closed,Urgent,Repair,Doors,Brandon Davis,USPS,6.0,0-30,Closed,Closed,"Arlington, ID|2024-11-01"
"Clayton, AK",2024-11-01,2024-11-06,2024-11-08,2024-11-18,2466919,2024-11-22,3010539,175.0,Closed,Normal,Repair,Plumbing,Sarah Williams,USPS,21.0,0-30,Closed,Closed,"Clayton, AK|2024-11-01"
"Dover, VT",2024-11-01,2024-12-18,2024-12-20,2024-12-23,2465342,2025-01-08,3008945,567.0,Closed,Normal,Repair,Concrete,Kevin Miller,USPS,68.0,61-90,Closed,Closed,"Dover, VT|2024-11-01"
"Georgetown, ME",2024-11-01,2024-11-07,2024-11-20,2025-01-06,2467793,2025-01-30,3011513,,Closed,Normal,Repair,Roof Repair,Sarah Williams,USPS,90.0,61-90,Closed,Closed,"Georgetown, ME|2024-11-01"
"Anderson, FL",2024-11-04,,,,2463426,,3006955,,Closed,Urgent,Repair,Roof Repair,Ashley Thompson,USPS,534.0,90+,Closed,Closed,"Anderson, FL|2024-11-04"
"Centerville, MS",2024-11-04,2024-11-11,2025-01-30,,2468604,2025-04-03,3012362,11500.0,Closed,Urgent,Repair,HVAC Replacement,Brandon Davis,USPS,150.0,90+,Closed,Closed,"Centerville, MS|2024-11-04"
"Centerville, PA",2024-11-04,2024-11-05,2024-11-05,2024-11-05,2468476,2024-11-22,3012213,,Closed,Urgent,Repair,HVAC Repairs,Brandon Davis,USPS,18.0,0-30,Closed,Closed,"Centerville, PA|2024-11-04"
"Clayton, CO",2024-11-04,2024-11-25,2024-12-15,2024-12-16,2464588,2025-01-08,3008208,2300.0,Closed,Normal,Repair,Painting,Kevin Miller,USPS,65.0,61-90,Closed,Closed,"Clayton, CO|2024-11-04"
"Columbia, AR",2024-11-04,2024-12-13,2024-12-14,2024-12-18,2468373,2025-03-03,3012198,290.0,Closed,Normal,Repair,Roof Repair,Sarah Williams,USPS,119.0,90+,Closed,Closed,"Columbia, AR|2024-11-04"
"Fairview, AL",2024-11-04,2025-01-16,2025-02-10,2025-02-18,2466441,2025-02-21,3010059,915.0,Closed,Normal,Repair,Gutters,Kevin Miller,USPS,109.0,90+,Closed,Closed,"Fairview, AL|2024-11-04"
"Georgetown, ME",2024-11-04,,,,2435341,,3008364,,Closed,Urgent,Repair,Plumbing,Ashley Thompson,USPS,534.0,90+,Closed,Closed,"Georgetown, ME|2024-11-04"
"Kingston, AZ",2024-11-04,,2024-11-04,,,2024-11-04,,0.0,Closed,Urgent,Repair,Electrical Repairs,Mike Johnson,Internal,0.0,0-30,Closed,Closed,"Kingston, AZ|2024-11-04"
"Lexington, WV",2024-11-04,2024-12-03,2024-12-06,2025-01-10,2468201,2025-01-24,3011927,1300.0,Closed,Urgent,Repair,Electrical Repairs,Kevin Miller,USPS,81.0,61-90,Closed,Closed,"Lexington, WV|2024-11-04"
"Madison, NE",2024-11-04,2024-11-04,2024-11-13,2024-11-13,2466989,2024-11-22,3010662,,Closed,Urgent,Repair,Plumbing,Brandon Davis,USPS,18.0,0-30,Closed,Closed,"Madison, NE|2024-11-04"
"Oakland, DE",2024-11-04,,,,2464588,2024-11-04,3008208,0.0,Closed,Normal,Repair,Painting,Mike Johnson,USPS,0.0,0-30,Closed,Closed,"Oakland, DE|2024-11-04"
"Anderson, MA",2024-11-06,2024-12-04,2025-01-14,2025-01-21,2443890,2025-02-06,2986155,546.05,Closed,Normal,Repair,Building Repairs,Kevin Miller,USPS,92.0,90+,Closed,Closed,"Anderson, MA|2024-11-06"
"Ashland, WA",2024-11-06,2024-11-06,2024-11-12,2024-11-12,2469041,2024-11-22,3012814,84.0,Closed,Urgent,Repair,HVAC Repairs,Mike Johnson,USPS,16.0,0-30,Closed,Closed,"Ashland, WA|2024-11-06"
"Bristol, OH",2024-11-06,,,2024-12-26,,2025-02-28,,,Closed,Normal,Repair,Doors,Kevin Miller,Internal,114.0,90+,Closed,Closed,"Bristol, OH|2024-11-06"
"Canton, IN",2024-11-06,2024-11-06,2024-11-11,2024-11-12,2468734,2024-11-22,3012538,,Closed,Urgent,Repair,Plumbing,Brandon Davis,USPS,16.0,0-30,Closed,Closed,"Canton, IN|2024-11-06"
"Canton, IN",2024-11-06,2024-11-07,2024-11-07,2024-11-12,2468734,2024-11-22,3012519,,Closed,Urgent,Repair,HVAC Repairs,Brandon Davis,USPS,16.0,0-30,Closed,Closed,"Canton, IN|2024-11-06"
"Florence, WA",2024-11-06,,,,,2024-11-22,,,Closed,Urgent,Repair,Janitorial,Ashley Thompson,Internal,16.0,0-30,Closed,Closed,"Florence, WA|2024-11-06"
"Newport, OH",2024-11-06,2024-11-09,2024-11-14,2024-11-14,2468807,2024-11-22,3012594,200.0,Closed,Urgent,Repair,Structural,Mike Johnson,USPS,16.0,0-30,Closed,Closed,"Newport, OH|2024-11-06"
"Plymouth, CA",2024-11-06,,,2025-02-19,2468894,2025-02-21,3012680,,Closed,Normal,Repair,Doors,Sarah Williams,USPS,107.0,90+,Closed,Closed,"Plymouth, CA|2024-11-06"
"Plymouth, CA",2024-11-06,2025-03-10,2025-06-12,2025-10-02,2468891,2025-10-02,3012677,0.0,Closed,Normal,Repair,Misc. Repairs,Sarah Williams,USPS,330.0,90+,Closed,Closed,"Plymouth, CA|2024-11-06"
"Rockville, NY",2024-11-06,,,2024-11-05,2468223,2024-11-05,3011945,,Closed,Normal,Repair,Plumbing,Sarah Williams,USPS,0.0,0-30,Closed,Closed,"Rockville, NY|2024-11-06"
"Auburn, TN",2024-11-07,2024-11-15,2024-11-17,2024-11-20,2468817,2024-12-05,3012563,162.38,Closed,Normal,Repair,Plumbing,Kevin Miller,USPS,28.0,0-30,Closed,Closed,"Auburn, TN|2024-11-07"
"Hamilton, WA",2024-11-07,2025-01-08,,,2460860,2025-09-03,3004299,1200.0,Completed,Urgent,Repair,Structural,Brandon Davis,USPS,300.0,90+,Completed Not Paid,Open,"Hamilton, WA|2024-11-07"
"Riverside, VT",2024-11-07,2024-11-07,2024-11-18,2024-11-05,,2024-11-22,,1400.0,Closed,Normal,Repair,Electrical Repairs,Mike Johnson,Internal,15.0,0-30,Closed,Closed,"Riverside, VT|2024-11-07"
"Anderson, VA",2024-11-08,2025-02-11,,,2468661,,3012405,30000.0,Contracted,Urgent,Repair,Asbestos Abatement,Brandon Davis,USPS,530.0,90+,In Progress,Open,"Anderson, VA|2024-11-08"
"Centerville, HI",2024-11-08,2024-11-26,2024-12-06,2024-12-12,2470684,2024-12-18,3014539,,Closed,Normal,Repair,Masonry,Sarah Williams,USPS,40.0,31-60,Closed,Closed,"Centerville, HI|2024-11-08"
"Dayton, NE",2024-11-08,2024-10-01,2024-10-31,,,2024-11-22,,240.0,Closed,Urgent,Repair,HVAC PM,Ashley Thompson,Internal,14.0,0-30,Closed,Closed,"Dayton, NE|2024-11-08"
"Farmington, MT",2024-11-08,2024-11-08,2024-11-14,2024-11-18,2467343,2024-11-18,3011019,250.0,Closed,Emergency,Repair,HVAC Repairs,Mike Johnson,USPS,10.0,0-30,Closed,Closed,"Farmington, MT|2024-11-08"
"Georgetown, ME",2024-11-08,2024-11-13,2024-11-13,2024-11-13,2469418,2024-11-22,3013210,,Closed,Urgent,Repair,Plumbing,Brandon Davis,USPS,14.0,0-30,Closed,Closed,"Georgetown, ME|2024-11-08"
"Milton, MO",2024-11-08,2025-04-21,2025-06-03,2025-06-04,,2025-06-24,,40000.0,Closed,Normal,Repair,HVAC Replacement,Mike Johnson,Internal,228.0,90+,Closed,Closed,"Milton, MO|2024-11-08"
"Arlington, WV",2024-11-11,,2024-11-12,2024-11-12,2467638,2024-11-12,3011349,,Closed,Urgent,Repair,HVAC Repairs,Brandon Davis,USPS,1.0,0-30,Closed,Closed,"Arlington, WV|2024-11-11"
"Ashland, AZ",2024-11-11,2024-11-18,2024-12-02,2024-12-02,2470144,2024-12-05,3013943,,Closed,Urgent,Repair,Electrical Repairs,Brandon Davis,USPS,24.0,0-30,Closed,Closed,"Ashland, AZ|2024-11-11"
"Centerville, MS",2024-11-11,2024-12-30,2025-01-06,2025-01-13,2470989,2025-01-15,3014823,,Closed,Urgent,Repair,Plumbing,Brandon Davis,USPS,65.0,61-90,Closed,Closed,"Centerville, MS|2024-11-11"
"Clayton, ME",2024-11-11,2024-12-04,2024-12-19,2025-01-27,2471038,2025-01-27,3014899,,Closed,Urgent,Repair,Roof Repair,Brandon Davis,USPS,77.0,61-90,Closed,Closed,"Clayton, ME|2024-11-11"
"Clinton, GA",2024-11-11,,,2024-11-13,2470381,2024-11-13,3014185,,Closed,Urgent,Repair,HVAC Repairs,Brandon Davis,USPS,2.0,0-30,Closed,Closed,"Clinton, GA|2024-11-11"
"Danville, NM",2024-11-11,2024-11-15,,2024-11-15,2470399,2024-11-15,3014205,,Closed,Normal,Repair,Plumbing,Kevin Miller,USPS,4.0,0-30,Closed,Closed,"Danville, NM|2024-11-11"
"Edison, WA",2024-11-11,2024-11-27,2024-12-02,2024-12-10,2467680,2024-12-18,3011399,200.0,Closed,Urgent,Repair,Plumbing,Sarah Williams,USPS,37.0,31-60,Closed,Closed,"Edison, WA|2024-11-11"
"Franklin, MS",2024-11-11,2024-11-19,2024-11-20,2024-11-22,2470895,2024-12-04,3014754,,Closed,Normal,Repair,Plumbing,Sarah Williams,USPS,23.0,0-30,Closed,Closed,"Franklin, MS|2024-11-11"
"Greenville, IL",2024-11-11,2024-11-13,2024-11-14,,,2025-01-15,,1196.0,Closed,Normal,Repair,HVAC PM,Mike Johnson,Internal,65.0,61-90,Closed,Closed,"Greenville, IL|2024-11-11"
"Greenville, WI",2024-11-11,,2024-11-05,2024-12-12,2467635,2024-12-12,3011353,,Closed,Normal,Repair,Roof Repair,Sarah Williams,USPS,31.0,31-60,Closed,Closed,"Greenville, WI|2024-11-11"
"Hudson, MO",2024-11-11,2024-12-06,2024-12-17,2024-12-18,2471275,2025-01-15,3015116,100.0,Closed,Normal,Repair,Electrical Repairs,Kevin Miller,USPS,65.0,61-90,Closed,Closed,"Hudson, MO|2024-11-11"
"Hudson, MO",2024-11-11,2024-12-06,2024-12-17,2024-12-18,2471275,2025-01-15,3015117,400.0,Closed,Normal,Repair,Plumbing,Kevin Miller,USPS,65.0,61-90,Closed,Closed,"Hudson, MO|2024-11-11"
"Lancaster, ID",2024-11-11,2024-11-12,2024-11-13,2024-11-14,2455833,2024-12-20,3011662,,Closed,Urgent,Repair,Electrical Repairs,Brandon Davis,USPS,39.0,31-60,Closed,Closed,"Lancaster, ID|2024-11-11"
"Lancaster, LA",2024-11-11,,2024-11-12,2024-11-22,2470744,2024-12-02,3014584,,Closed,Urgent,Repair,Ceiling Tiles,Sarah Williams,USPS,21.0,0-30,Closed,Closed,"Lancaster, LA|2024-11-11"
"Lancaster, LA",2024-11-11,,2024-12-05,2024-12-11,2470744,2025-02-27,3014611,194.4,Closed,Normal,Repair,Electrical Repairs,Sarah Williams,USPS,108.0,90+,Closed,Closed,"Lancaster, LA|2024-11-11"
"Madison, MS",2024-11-11,2024-12-27,2025-01-06,2025-01-21,2471028,2025-01-30,3014932,355.0,Closed,Normal,Repair,Glass,Kevin Miller,USPS,80.0,61-90,Closed,Closed,"Madison, MS|2024-11-11"
"Riverside, TX",2024-11-11,2024-11-11,2025-03-30,2025-04-29,2467995,2025-07-10,3011647,175.0,Closed,Urgent,Repair,HVAC Repairs,Ashley Thompson,USPS,241.0,90+,Closed,Closed,"Riverside, TX|2024-11-11"
"Rockville, MS",2024-11-11,2025-04-23,2025-06-23,,2470457,2025-07-08,3014289,42173.0,Closed,Urgent,Repair,Roof Replacement - Flat,Mike Johnson,USPS,239.0,90+,Closed,Closed,"Rockville, MS|2024-11-11"
"Rockville, MS",2024-11-11,2025-01-07,2025-02-11,2025-02-13,2440234,2025-03-09,2982303,500.0,Closed,Urgent,Repair,Gutters,Kevin Miller,USPS,118.0,90+,Closed,Closed,"Rockville, MS|2024-11-11"
"Danville, NM",2024-11-12,2024-11-12,,,,2024-12-19,,3364.0,Closed,Urgent,Repair,Asbestos Abatement,Mike Johnson,Internal,37.0,31-60,Closed,Closed,"Danville, NM|2024-11-12"
"Winchester, PA",2024-11-12,2024-11-18,2024-11-27,2024-12-23,2468933,2024-12-12,3012699,,Closed,Urgent,Repair,Gutters,Mike Johnson,USPS,30.0,0-30,Closed,Closed,"Winchester, PA|2024-11-12"
"Anderson, FL",2024-11-13,,,2024-12-17,2467253,2024-12-17,3010978,,Closed,Urgent,Repair,Environmental Repairs,Kevin Miller,USPS,34.0,31-60,Closed,Closed,"Anderson, FL|2024-11-13"
"Auburn, HI",2024-11-13,2025-04-01,,,2470780,2025-10-09,3014622,,Closed,Normal,Repair,Masonry,Kevin Miller,USPS,330.0,90+,Closed,Closed,"Auburn, HI|2024-11-13"
"Florence, MT",2024-11-13,2024-12-17,2025-01-30,2025-02-03,2472076,2025-02-12,3015948,150.0,Closed,Normal,Repair,Misc. Repairs,Ashley Thompson,USPS,91.0,90+,Closed,Closed,"Florence, MT|2024-11-13"
"Georgetown, ME",2024-11-13,2024-11-13,2024-11-14,2024-11-14,,2024-11-22,,,Closed,Urgent,Repair,Doors,Brandon Davis,Internal,9.0,0-30,Closed,Closed,"Georgetown, ME|2024-11-13"
"Greenville, IL",2024-11-13,2024-11-14,2024-12-19,2024-12-20,2472561,2025-02-13,3016500,12826.0,Closed,Emergency,Repair,HVAC Replacement,Mike Johnson,USPS,92.0,90+,Closed,Closed,"Greenville, IL|2024-11-13"
"Hamilton, PA",2024-11-13,2024-11-13,,,,2024-12-12,,,Closed,Urgent,Repair,Landscaping,Ashley Thompson,Internal,29.0,0-30,Closed,Closed,"Hamilton, PA|2024-11-13"
"Manchester, WV",2024-11-13,2024-12-27,2025-01-25,2025-01-27,2471479,2025-03-26,3015371,695.0,Closed,Normal,Repair,Roof Repair,Sarah Williams,USPS,133.0,90+,Closed,Closed,"Manchester, WV|2024-11-13"
"Oxford, NH",2024-11-13,,,2024-12-03,2471559,2024-12-03,3015451,,Closed,Urgent,Repair,Doors,Brandon Davis,USPS,20.0,0-30,Closed,Closed,"Oxford, NH|2024-11-13"
"Florence, IL",2024-11-14,2024-11-05,2024-11-14,,,2024-12-05,,112.0,Closed,Urgent,Repair,Plumbing,Ashley Thompson,Internal,21.0,0-30,Closed,Closed,"Florence, IL|2024-11-14"
"Oakland, LA",2024-11-14,,,2024-11-14,2438671,2024-11-14,2980672,,Closed,Normal,Repair,Concrete,Sarah Williams,USPS,0.0,0-30,Closed,Closed,"Oakland, LA|2024-11-14"
"Bloomington, WI",2024-11-15,2025-03-02,2025-04-13,,2473339,2025-04-30,3017251,13000.0,Closed,Normal,Repair,Roof Replacement - Flat,Sarah Williams,USPS,166.0,90+,Closed,Closed,"Bloomington, WI|2024-11-15"
"Cleveland, OR",2024-11-15,2024-11-15,2024-11-15,2024-12-10,2471935,2024-12-17,3015804,155.72,Closed,Urgent,Repair,HVAC Repairs,Mike Johnson,USPS,32.0,31-60,Closed,Closed,"Cleveland, OR|2024-11-15"
"Georgetown, ME",2024-11-15,,2024-11-18,,,2024-11-18,,,Closed,Urgent,Repair,HVAC Repairs,Brandon Davis,Internal,3.0,0-30,Closed,Closed,"Georgetown, ME|2024-11-15"
"Lancaster, VA",2024-11-15,2024-12-03,2024-12-27,2024-12-27,2472638,2025-01-08,3016557,,Closed,Urgent,Repair,Doors,Brandon Davis,USPS,54.0,31-60,Closed,Closed,"Lancaster, VA|2024-11-15"
"Manchester, NH",2024-11-15,,,2024-11-26,2472189,2024-11-26,3016082,0.0,Closed,Urgent,Repair,Gutters,Kevin Miller,USPS,11.0,0-30,Closed,Closed,"Manchester, NH|2024-11-15"
"Norwood, ID",2024-11-15,2025-01-08,2025-01-22,2025-01-30,2473392,2025-02-26,3017311,3245.0,Closed,Urgent,Repair,HVAC Repairs,Mike Johnson,USPS,103.0,90+,Closed,Closed,"Norwood, ID|2024-11-15"
"Troy, MD",2024-11-15,,,,,,,,Closed,Urgent,Repair,Roof Replacement - Shingle,Ashley Thompson,Internal,523.0,90+,Closed,Closed,"Troy, MD|2024-11-15"
"Cleveland, ID",2024-11-18,2024-10-23,2024-10-24,,,2024-11-22,,85.0,Closed,Normal,Repair,Plumbing,Mike Johnson,Internal,4.0,0-30,Closed,Closed,"Cleveland, ID|2024-11-18"
"Danville, DE",2024-11-18,,,,,,,,Closed,Urgent,Repair,Snow Removal,Ashley Thompson,Internal,520.0,90+,Closed,Closed,"Danville, DE|2024-11-18"
"Georgetown, ME",2024-11-18,2024-11-15,2024-11-18,2024-11-20,2473698,2024-12-05,3017635,,Closed,Urgent,Repair,HVAC Repairs,Brandon Davis,USPS,17.0,0-30,Closed,Closed,"Georgetown, ME|2024-11-18"
"Hamilton, CT",2024-11-18,,2024-11-19,2024-11-19,2474576,2024-11-20,3018503,,Closed,Urgent,Repair,HVAC Repairs,Brandon Davis,USPS,2.0,0-30,Closed,Closed,"Hamilton, CT|2024-11-18"
"Centerville, RI",2024-11-19,2024-12-12,2024-12-13,2024-12-16,2474119,2025-01-08,3018003,800.0,Closed,Urgent,Repair,Plumbing,Sarah Williams,USPS,50.0,31-60,Closed,Closed,"Centerville, RI|2024-11-19"
"Winchester, NM",2024-11-19,2024-08-09,2025-01-04,,,2025-01-15,,,Closed,Urgent,Repair,HVAC Repairs,Ashley Thompson,Internal,57.0,31-60,Closed,Closed,"Winchester, NM|2024-11-19"
"Albany, NJ",2024-11-20,2025-01-31,2025-04-21,,,2025-06-10,,573.87,Closed,Normal,Repair,Misc. Repairs,Sarah Williams,Internal,202.0,90+,Closed,Closed,"Albany, NJ|2024-11-20"
"Anderson, MS",2024-11-20,2024-11-20,2025-01-09,2025-01-16,2475815,2025-01-23,3019782,,Closed,Urgent,Repair,Drive Thru,Ashley Thompson,USPS,64.0,61-90,Closed,Closed,"Anderson, MS|2024-11-20"
"Centerville, WY",2024-11-20,,,,2433575,,2975322,8000.0,Assigned,Normal,Repair,Painting,Mike Johnson,USPS,518.0,90+,Not Started,Open,"Centerville, WY|2024-11-20"
"Centerville, WY",2024-11-20,,,,2437830,,2979788,20000.0,Assigned,Normal,Repair,Painting,Mike Johnson,USPS,518.0,90+,Not Started,Open,"Centerville, WY|2024-11-20"
"Greenville, WI",2024-11-20,,,,,,,,Assigned,Normal,Repair,Masonry,Sarah Williams,Internal,518.0,90+,Not Started,Open,"Greenville, WI|2024-11-20"
"Mount Vernon, KS",2024-11-20,2024-11-21,2024-11-26,,2472603,2024-12-05,3016428,50.0,Closed,Normal,Repair,Doors,Kevin Miller,USPS,15.0,0-30,Closed,Closed,"Mount Vernon, KS|2024-11-20"
"Mount Vernon, KS",2024-11-20,2024-11-27,2024-12-11,2024-12-12,2473959,2024-12-20,3017893,264.0,Closed,Normal,Repair,Electrical Repairs,Sarah Williams,USPS,30.0,0-30,Closed,Closed,"Mount Vernon, KS|2024-11-20"
"Mount Vernon, KS",2024-11-20,2024-12-03,2024-12-06,2024-12-09,2473959,2024-12-16,3017880,850.0,Closed,Normal,Repair,Plumbing,Sarah Williams,USPS,26.0,0-30,Closed,Closed,"Mount Vernon, KS|2024-11-20"
"Burlington, KY",2024-11-21,2024-12-31,2025-12-31,2025-02-04,2462628,2025-06-08,3006151,465.0,Closed,Urgent,Repair,Roof Repair,Mike Johnson,USPS,199.0,90+,Closed,Closed,"Burlington, KY|2024-11-21"
"Farmington, PA",2024-11-21,,,,2475077,,3019038,,Closed,Urgent,Repair,Electrical Repairs,Ashley Thompson,USPS,517.0,90+,Closed,Closed,"Farmington, PA|2024-11-21"
"Clayton, CO",2024-11-22,2024-12-30,2025-01-21,2025-02-11,2473803,2025-02-27,3017740,720.0,Closed,Urgent,Repair,Electrical Repairs,Kevin Miller,USPS,97.0,90+,Closed,Closed,"Clayton, CO|2024-11-22"
"Clayton, CO",2024-11-22,,,2024-12-03,2473804,2024-12-03,3017741,,Closed,Normal,Repair,Painting,Kevin Miller,USPS,11.0,0-30,Closed,Closed,"Clayton, CO|2024-11-22"
"Clinton, IN",2024-11-22,2024-12-04,2024-12-13,2024-12-13,2473566,2024-12-13,3017557,,Closed,Normal,Repair,Roof Repair,Brandon Davis,USPS,21.0,0-30,Closed,Closed,"Clinton, IN|2024-11-22"
"Clinton, MN",2024-11-22,2025-01-03,2025-01-08,,,2025-03-09,,875.0,Closed,Normal,Repair,Plumbing,Mike Johnson,Internal,107.0,90+,Closed,Closed,"Clinton, MN|2024-11-22"
"Dover, WA",2024-11-22,2024-11-25,2024-11-27,2024-12-18,2474933,2025-01-08,3018910,350.0,Closed,Normal,Repair,Roof Repair,Sarah Williams,USPS,47.0,31-60,Closed,Closed,"Dover, WA|2024-11-22"
"Hamilton, ND",2024-11-22,2024-11-25,2024-11-25,,2472811,2025-01-29,3016712,799.0,Closed,Urgent,Repair,HVAC Repairs,Mike Johnson,USPS,68.0,61-90,Closed,Closed,"Hamilton, ND|2024-11-22"
"Anderson, WY",2024-11-25,2024-11-27,2024-12-10,2025-01-07,2476183,2025-06-10,3020198,280.0,Closed,Urgent,Repair,Electrical Repairs,Brandon Davis,USPS,197.0,90+,Closed,Closed,"Anderson, WY|2024-11-25"
"Auburn, TN",2024-11-25,,,,2476332,,3020358,,Closed,Urgent,Repair,HVAC Repairs,Ashley Thompson,USPS,513.0,90+,Closed,Closed,"Auburn, TN|2024-11-25"
"Danville, NE",2024-11-25,2024-11-25,2024-12-05,2024-12-06,2475176,2024-12-18,3019091,,Closed,Urgent,Repair,Electrical Repairs,Brandon Davis,USPS,23.0,0-30,Closed,Closed,"Danville, NE|2024-11-25"
"Georgetown, IL",2024-11-25,2024-12-03,2024-12-18,2024-12-23,2475587,2025-01-08,3019432,275.0,Closed,Normal,Repair,Plumbing,Sarah Williams,USPS,44.0,31-60,Closed,Closed,"Georgetown, IL|2024-11-25"
"Hamilton, CT",2024-11-25,,2024-12-02,2024-12-02,,2024-12-02,,,Closed,Urgent,Repair,HVAC Repairs,Brandon Davis,Internal,7.0,0-30,Closed,Closed,"Hamilton, CT|2024-11-25"
"Hudson, MI",2024-11-25,2024-12-13,2024-12-23,2024-12-23,2474040,2025-01-15,3017979,,Closed,Urgent,Repair,Plumbing,Brandon Davis,USPS,51.0,31-60,Closed,Closed,"Hudson, MI|2024-11-25"
"Hudson, MI",2024-11-25,2024-11-25,2024-11-27,2024-12-05,2473930,2025-06-10,3017900,,Closed,Urgent,Repair,Electrical Repairs,Brandon Davis,USPS,197.0,90+,Closed,Closed,"Hudson, MI|2024-11-25"
"Hudson, MO",2024-11-25,2025-01-13,2025-01-17,2025-01-31,2475201,2025-02-12,3019164,200.0,Closed,Normal,Repair,Concrete,Kevin Miller,USPS,79.0,61-90,Closed,Closed,"Hudson, MO|2024-11-25"
"Jackson, LA",2024-11-25,2024-12-04,2024-12-04,2024-12-16,2476204,2025-06-10,3020205,,Closed,Normal,Repair,Plumbing,Sarah Williams,USPS,197.0,90+,Closed,Closed,"Jackson, LA|2024-11-25"
"Jackson, OH",2024-11-25,2024-12-19,2024-12-20,2025-01-06,2475280,2025-01-15,3019172,510.0,Closed,Urgent,Repair,Plumbing,Kevin Miller,USPS,51.0,31-60,Closed,Closed,"Jackson, OH|2024-11-25"
"Kingston, NE",2024-11-25,2024-11-26,2024-12-02,2024-12-02,,2024-12-02,,,Closed,Urgent,Repair,HVAC Repairs,Brandon Davis,Internal,7.0,0-30,Closed,Closed,"Kingston, NE|2024-11-25"
"Milton, MO",2024-11-25,2025-01-13,2025-03-01,2025-03-02,2476412,2025-03-12,3020564,500.0,Closed,Urgent,Repair,Roof Repair,Mike Johnson,USPS,107.0,90+,Closed,Closed,"Milton, MO|2024-11-25"
"Plymouth, CA",2024-11-25,,,,2470479,2025-02-10,3014265,,Closed,Normal,Repair,Plumbing,Sarah Williams,USPS,77.0,61-90,Closed,Closed,"Plymouth, CA|2024-11-25"
"Plymouth, SD",2024-11-25,2025-01-03,2025-01-08,2025-01-10,2476351,2025-01-15,3020352,206.0,Closed,Normal,Repair,Ceiling Tiles,Kevin Miller,USPS,51.0,31-60,Closed,Closed,"Plymouth, SD|2024-11-25"
"Riverside, AR",2024-11-25,2024-11-26,2024-11-26,2024-12-10,2476658,2025-01-15,3020674,,Closed,Urgent,Repair,Electrical Repairs,Brandon Davis,USPS,51.0,31-60,Closed,Closed,"Riverside, AR|2024-11-25"
"Ashland, ID",2024-11-26,2024-12-11,2024-12-11,2024-12-12,2476796,2025-03-26,3020839,,Closed,Normal,Repair,Doors,Sarah Williams,USPS,120.0,90+,Closed,Closed,"Ashland, ID|2024-11-26"
"Franklin, LA",2024-11-26,2024-11-01,2024-11-22,,,2024-12-05,,902.0,Closed,Urgent,Repair,HVAC PM,Ashley Thompson,Internal,9.0,0-30,Closed,Closed,"Franklin, LA|2024-11-26"
"Franklin, LA",2024-11-26,,2025-03-23,,,2025-03-23,,,Closed,Urgent,Repair,HVAC Repairs,Ashley Thompson,Internal,117.0,90+,Closed,Closed,"Franklin, LA|2024-11-26"
"Greenville, NC",2024-11-26,2024-11-26,2024-12-03,2024-12-03,,2024-12-05,,1692.0,Closed,Normal,Repair,Misc. Repairs,Mike Johnson,Internal,9.0,0-30,Closed,Closed,"Greenville, NC|2024-11-26"
"Manchester, NM",2024-11-26,2024-11-26,2024-12-06,,,2025-01-23,,,Closed,Urgent,Repair,HVAC PM,Ashley Thompson,Internal,58.0,31-60,Closed,Closed,"Manchester, NM|2024-11-26"
"Hamilton, KS",2024-11-27,2024-11-27,2024-11-27,2025-02-07,2478301,2025-10-20,3022365,350.0,Closed,Emergency,Repair,Board Up,Kevin Miller,USPS,327.0,90+,Closed,Closed,"Hamilton, KS|2024-11-27"
"Canton, IN",2024-11-29,2024-11-29,2024-12-02,2024-12-03,2478818,2025-01-29,3022890,673.0,Closed,Emergency,Repair,HVAC Repairs,Mike Johnson,USPS,61.0,61-90,Closed,Closed,"Canton, IN|2024-11-29"
"Lancaster, UT",2024-11-29,2025-01-14,2024-01-30,2025-02-12,2478548,2025-02-27,3022680,,Closed,Urgent,Repair,Doors,Sarah Williams,USPS,90.0,61-90,Closed,Closed,"Lancaster, UT|2024-11-29"
"Ashland, ID",2024-12-02,2025-01-10,2025-01-16,2025-01-21,2478584,2025-01-30,3022700,53.38,Closed,Urgent,Repair,Misc. Repairs,Sarah Williams,USPS,59.0,31-60,Closed,Closed,"Ashland, ID|2024-12-02"
"Bloomington, MS",2024-12-02,2025-03-03,2025-03-06,2025-04-03,,2025-04-30,,,Closed,Normal,Repair,HVAC Repairs,Brandon Davis,Internal,149.0,90+,Closed,Closed,"Bloomington, MS|2024-12-02"
"Centerville, VA",2024-12-02,,,,,2024-12-02,,0.0,Closed,Low,Repair,Landscaping,Mike Johnson,Internal,0.0,0-30,Closed,Closed,"Centerville, VA|2024-12-02"
"Danville, SD",2024-12-02,2024-12-02,2024-12-02,,,2025-01-15,,89.0,Closed,Urgent,Repair,HVAC PM,Ashley Thompson,Internal,44.0,31-60,Closed,Closed,"Danville, SD|2024-12-02"
"Georgetown, IL",2024-12-02,2024-12-04,2024-12-10,,,2025-01-07,,,Closed,Urgent,Repair,HVAC PM,Ashley Thompson,Internal,36.0,31-60,Closed,Closed,"Georgetown, IL|2024-12-02"
"Plymouth, MI",2024-12-02,2024-11-24,2024-11-25,,,2024-12-04,,100.23,Closed,Normal,Repair,HVAC PM,Mike Johnson,Internal,2.0,0-30,Closed,Closed,"Plymouth, MI|2024-12-02"
"Bloomington, MS",2024-12-04,2024-12-11,2025-02-03,2025-02-04,2478623,2025-06-10,3022741,1800.0,Closed,Urgent,Repair,Plumbing,Brandon Davis,USPS,188.0,90+,Closed,Closed,"Bloomington, MS|2024-12-04"
"Clayton, AK",2024-12-04,2024-12-04,2024-12-05,2024-12-06,2476738,2024-12-17,3020650,522.98,Closed,Emergency,Repair,HVAC Repairs,Mike Johnson,USPS,13.0,0-30,Closed,Closed,"Clayton, AK|2024-12-04"
"Clayton, MI",2024-12-04,2024-12-04,2024-12-06,2024-12-06,,2024-12-20,,220.0,Closed,Urgent,Repair,Electrical Repairs,Kevin Miller,Internal,16.0,0-30,Closed,Closed,"Clayton, MI|2024-12-04"
"Columbia, FL",2024-12-04,2024-12-04,2024-12-05,2024-12-05,,2024-12-19,,250.0,Closed,Urgent,Repair,Plumbing,Kevin Miller,Internal,15.0,0-30,Closed,Closed,"Columbia, FL|2024-12-04"
"Lancaster, UT",2024-12-04,2025-01-28,2025-01-29,2025-02-03,2478619,2025-03-26,3022737,350.0,Closed,Normal,Repair,Roof Repair,Sarah Williams,USPS,112.0,90+,Closed,Closed,"Lancaster, UT|2024-12-04"
"Lancaster, VA",2024-12-04,2025-01-03,2025-01-14,2025-01-15,2476793,2025-01-30,3020823,12000.0,Closed,Urgent,Repair,HVAC Repairs,Brandon Davis,USPS,57.0,31-60,Closed,Closed,"Lancaster, VA|2024-12-04"
"Anderson, MS",2024-12-05,2025-02-19,2025-02-21,2025-02-25,2475820,2025-06-10,3019784,300.0,Closed,Normal,Repair,Roof Repair,Sarah Williams,USPS,187.0,90+,Closed,Closed,"Anderson, MS|2024-12-05"
"Bristol, LA",2024-12-05,2024-12-05,2024-12-06,2024-12-09,2479273,2025-02-27,3023433,1490.14,Closed,Urgent,Repair,Roof Repair,Mike Johnson,USPS,84.0,61-90,Closed,Closed,"Bristol, LA|2024-12-05"
"Jackson, NM",2024-12-05,,,,,2025-04-03,,,Closed,Urgent,Repair,HVAC Replacement,Kevin Miller,Internal,119.0,90+,Closed,Closed,"Jackson, NM|2024-12-05"
"Oakland, NC",2024-12-05,,2024-12-06,2024-12-12,2479159,2024-12-12,3023261,,Closed,Urgent,Repair,Flooring,Brandon Davis,USPS,7.0,0-30,Closed,Closed,"Oakland, NC|2024-12-05"
"Plymouth, SD",2024-12-05,2024-12-05,2024-12-10,,,2024-12-16,,281.45,Closed,Urgent,Repair,HVAC Repairs,Ashley Thompson,Internal,11.0,0-30,Closed,Closed,"Plymouth, SD|2024-12-05"
"Springfield, NV",2024-12-05,2024-12-09,2025-01-07,2025-01-17,2479258,2025-01-30,3023358,,Closed,Normal,Repair,Roof Repair,Sarah Williams,USPS,56.0,31-60,Closed,Closed,"Springfield, NV|2024-12-05"
"Springfield, IN",2024-12-06,2024-10-25,2024-10-25,2024-12-06,,2024-12-20,,320.0,Closed,Normal,Repair,Misc. Repairs,Kevin Miller,Internal,14.0,0-30,Closed,Closed,"Springfield, IN|2024-12-06"
"Arlington, WV",2024-12-09,2024-12-09,2024-12-09,2024-12-09,2481949,2024-12-17,3026201,297.0,Closed,Emergency,Repair,Glass,Mike Johnson,USPS,8.0,0-30,Closed,Closed,"Arlington, WV|2024-12-09"
"Ashland, AZ",2024-12-09,,2024-12-09,2024-12-09,2480709,2024-12-09,3024875,,Closed,Urgent,Repair,Doors,Brandon Davis,USPS,0.0,0-30,Closed,Closed,"Ashland, AZ|2024-12-09"
"Cleveland, OR",2024-12-09,2024-11-27,2024-12-03,,,2025-01-15,,400.0,Closed,Urgent,Repair,HVAC Repairs,Ashley Thompson,Internal,37.0,31-60,Closed,Closed,"Cleveland, OR|2024-12-09"
"Fairview, MT",2024-12-09,2025-01-23,2025-01-27,2025-02-21,2479977,2025-04-30,3024100,1000.6,Closed,Urgent,Repair,Siding,Kevin Miller,USPS,142.0,90+,Closed,Closed,"Fairview, MT|2024-12-09"
"Hamilton, KS",2024-12-09,2025-01-29,2025-01-30,2025-02-06,2478301,2025-02-12,3024587,219.16,Closed,Urgent,Repair,Building Repairs,Kevin Miller,USPS,65.0,61-90,Closed,Closed,"Hamilton, KS|2024-12-09"
"Hamilton, ND",2024-12-09,2025-01-06,2025-01-13,2025-01-16,2443308,2025-01-30,2985525,,Closed,Normal,Repair,Misc. Repairs,Sarah Williams,USPS,52.0,31-60,Closed,Closed,"Hamilton, ND|2024-12-09"
"Norwood, NJ",2024-12-09,2024-12-10,2024-12-24,2025-02-06,2480301,2025-02-10,3024291,,Closed,Normal,Repair,Roof Repair,Sarah Williams,USPS,63.0,61-90,Closed,Closed,"Norwood, NJ|2024-12-09"
"Oakland, MI",2024-12-09,2025-01-29,2025-02-19,2025-02-26,2482113,2025-03-09,3026427,300.0,Closed,Urgent,Repair,Building Repairs,Kevin Miller,USPS,90.0,61-90,Closed,Closed,"Oakland, MI|2024-12-09"
"Riverside, AR",2024-12-09,2024-12-11,2024-12-17,2025-01-02,2480959,2025-01-15,3025147,,Closed,Normal,Repair,Plumbing,Sarah Williams,USPS,37.0,31-60,Closed,Closed,"Riverside, AR|2024-12-09"
"Carrollton, DE",2024-12-10,2025-01-09,2025-01-28,2025-02-03,2479216,2025-02-12,3023294,400.0,Closed,Normal,Repair,Fencing,Sarah Williams,USPS,64.0,61-90,Closed,Closed,"Carrollton, DE|2024-12-10"
"Danville, DE",2024-12-10,2024-11-27,2025-03-21,,,2025-06-11,,125.0,Closed,Urgent,Repair,Snow Removal,Ashley Thompson,Internal,183.0,90+,Closed,Closed,"Danville, DE|2024-12-10"
"Danville, DE",2024-12-10,2024-12-10,,,,2024-12-11,,150.0,Closed,Urgent,Repair,Locksmith,Ashley Thompson,Internal,1.0,0-30,Closed,Closed,"Danville, DE|2024-12-10"
"Fairview, NM",2024-12-10,2024-12-26,2024-12-27,2025-01-13,2478500,2025-06-10,3022547,,Closed,Urgent,Repair,Roof Repair,Brandon Davis,USPS,182.0,90+,Closed,Closed,"Fairview, NM|2024-12-10"
"Kingston, UT",2024-12-10,2024-12-11,2024-12-11,2024-12-11,2478951,2024-12-18,3023097,,Closed,Urgent,Repair,Doors,Brandon Davis,USPS,8.0,0-30,Closed,Closed,"Kingston, UT|2024-12-10"
"Arlington, WV",2024-12-11,,2024-12-10,2024-12-10,2481940,2024-12-11,3026202,0.0,Closed,Urgent,Repair,Glass,Mike Johnson,USPS,0.0,0-30,Closed,Closed,"Arlington, WV|2024-12-11"
"Centerville, MS",2024-12-11,2024-12-11,2024-12-13,2024-12-23,2481934,2025-01-08,3026249,523.2,Closed,Urgent,Repair,Roof Repair,Mike Johnson,USPS,28.0,0-30,Closed,Closed,"Centerville, MS|2024-12-11"
"Columbia, MS",2024-12-11,,2025-01-08,2025-01-08,2482167,2025-01-08,3026494,,Closed,Urgent,Repair,Roof Repair,Brandon Davis,USPS,28.0,0-30,Closed,Closed,"Columbia, MS|2024-12-11"
"Danville, OH",2024-12-11,,,,,,,17950.0,Assigned,Normal,Repair,Building Repairs,Sarah Williams,Internal,497.0,90+,Not Started,Open,"Danville, OH|2024-12-11"
"Fairview, NY",2024-12-11,2024-12-18,2025-01-07,2025-01-08,2472974,2025-02-12,3016907,850.0,Closed,Normal,Repair,Painting,Ashley Thompson,USPS,63.0,61-90,Closed,Closed,"Fairview, NY|2024-12-11"
"Gainesville, MT",2024-12-11,2025-01-06,2025-01-13,2025-01-21,2482276,2025-02-21,3026585,750.0,Closed,Urgent,Repair,Plumbing,Brandon Davis,USPS,72.0,61-90,Closed,Closed,"Gainesville, MT|2024-12-11"
"Kingston, NE",2024-12-11,,2024-12-13,2024-12-13,,2024-12-13,,,Closed,Urgent,Repair,HVAC Repairs,Brandon Davis,Internal,2.0,0-30,Closed,Closed,"Kingston, NE|2024-12-11"
"Oakland, OR",2024-12-11,2024-12-11,2025-02-03,2025-02-03,2477791,2025-02-13,3021890,,Closed,Urgent,Repair,Plumbing,Brandon Davis,USPS,64.0,61-90,Closed,Closed,"Oakland, OR|2024-12-11"
"Bristol, SC",2024-12-12,,,,2479822,,3023974,,Closed,Urgent,Repair,HVAC Repairs,Ashley Thompson,USPS,496.0,90+,Closed,Closed,"Bristol, SC|2024-12-12"
"Centerville, PA",2024-12-12,2024-12-12,2024-12-12,2024-12-13,,2025-01-08,,80.06,Closed,Urgent,Repair,HVAC Repairs,Mike Johnson,Internal,27.0,0-30,Closed,Closed,"Centerville, PA|2024-12-12"
"Danville, OH",2024-12-12,2025-01-23,2025-03-06,2025-03-09,2482360,2025-04-30,3026653,400.0,Closed,Normal,Repair,Drive Thru,Sarah Williams,USPS,139.0,90+,Closed,Closed,"Danville, OH|2024-12-12"
"Jackson, AZ",2024-12-12,,2025-01-07,2025-01-10,2482991,2025-01-14,3027306,,Closed,Normal,Repair,Roof Repair,Sarah Williams,USPS,33.0,31-60,Closed,Closed,"Jackson, AZ|2024-12-12"
"Kingston, VT",2024-12-12,,,2024-12-13,2482305,2024-12-13,3026633,,Closed,Normal,Repair,Roof Repair,Sarah Williams,USPS,1.0,0-30,Closed,Closed,"Kingston, VT|2024-12-12"
"Manchester, GA",2024-12-12,2024-10-28,,,,,,,Closed,Urgent,Repair,HVAC PM,Ashley Thompson,Internal,496.0,90+,Closed,Closed,"Manchester, GA|2024-12-12"
"Riverside, AR",2024-12-12,2025-01-27,2025-02-03,2025-02-03,2482893,2025-02-20,3027151,198.0,Closed,Urgent,Repair,Electrical Repairs,Brandon Davis,USPS,70.0,61-90,Closed,Closed,"Riverside, AR|2024-12-12"
"Springfield, TN",2024-12-12,2024-12-12,2024-12-13,,,2025-01-15,,400.0,Closed,Urgent,Repair,HVAC PM,Ashley Thompson,Internal,34.0,31-60,Closed,Closed,"Springfield, TN|2024-12-12"
"Clinton, CA",2024-12-13,2024-12-16,2024-12-18,2024-12-18,2477979,2025-01-08,3022049,,Closed,Urgent,Repair,Electrical Repairs,Brandon Davis,USPS,26.0,0-30,Closed,Closed,"Clinton, CA|2024-12-13"
"Danville, MA",2024-12-13,2025-01-02,2025-01-07,2025-01-15,2482952,2025-02-12,3027273,285.17,Closed,Urgent,Repair,Electrical Repairs,Brandon Davis,USPS,61.0,61-90,Closed,Closed,"Danville, MA|2024-12-13"
"Hudson, MO",2024-12-13,2024-12-13,2024-12-17,2024-12-18,2483151,2024-12-18,3027444,,Closed,Urgent,Repair,Plumbing,Kevin Miller,USPS,5.0,0-30,Closed,Closed,"Hudson, MO|2024-12-13"
"Jackson, ID",2024-12-13,,,2025-01-06,2480816,2025-01-06,3024964,,Closed,Urgent,Repair,Electrical Repairs,Kevin Miller,USPS,24.0,0-30,Closed,Closed,"Jackson, ID|2024-12-13"
"Jackson, ID",2024-12-13,2025-01-20,2025-01-28,2025-02-06,2480816,2025-02-21,3024963,825.0,Closed,Urgent,Repair,Ceiling Tiles,Kevin Miller,USPS,70.0,61-90,Closed,Closed,"Jackson, ID|2024-12-13"
"Lexington, WV",2024-12-13,2024-12-20,2024-12-20,2025-01-09,2483392,2025-01-15,3027668,,Closed,Normal,Repair,Plumbing,Sarah Williams,USPS,33.0,31-60,Closed,Closed,"Lexington, WV|2024-12-13"
"Plymouth, VA",2024-12-13,,,2024-12-26,2480466,2024-12-26,3024709,,Closed,Normal,Repair,Electrical Repairs,Kevin Miller,USPS,13.0,0-30,Closed,Closed,"Plymouth, VA|2024-12-13"
"Troy, PA",2024-12-13,2024-12-13,2025-05-21,,,2025-06-26,,200.0,Closed,Normal,Repair,Siding,Kevin Miller,Internal,195.0,90+,Closed,Closed,"Troy, PA|2024-12-13"
"Clinton, MN",2024-12-16,2025-01-07,2025-01-08,,,2025-03-12,,681.0,Closed,Urgent,Repair,HVAC Repairs,Mike Johnson,Internal,86.0,61-90,Closed,Closed,"Clinton, MN|2024-12-16"
"Hamilton, KS",2024-12-16,2025-02-18,2025-03-27,2025-03-30,2443066,2025-04-30,2985263,400.11,Closed,Urgent,Repair,Building Repairs,Kevin Miller,USPS,135.0,90+,Closed,Closed,"Hamilton, KS|2024-12-16"
"Hamilton, KS",2024-12-16,2025-01-29,2025-02-09,2025-02-13,,2025-03-12,,400.0,Closed,Normal,Repair,Roof Repair,Kevin Miller,Internal,86.0,61-90,Closed,Closed,"Hamilton, KS|2024-12-16"
"Hudson, MO",2024-12-16,,,2024-12-20,2480703,2024-12-20,3024742,,Closed,Urgent,Repair,Electrical Repairs,Kevin Miller,USPS,4.0,0-30,Closed,Closed,"Hudson, MO|2024-12-16"
"Marion, GA",2024-12-16,2024-12-31,2025-01-09,2025-01-21,2481839,2025-01-30,3026088,543.47,Closed,Urgent,Repair,Plumbing,Kevin Miller,USPS,45.0,31-60,Closed,Closed,"Marion, GA|2024-12-16"
"Oxford, UT",2024-12-16,,,,,2025-09-14,,,Closed,Urgent,Repair,Other,Sarah Williams,Internal,272.0,90+,Closed,Closed,"Oxford, UT|2024-12-16"
"Farmington, MT",2024-12-17,2024-12-16,2024-12-17,,,2024-12-23,,691.0,Closed,Urgent,Repair,Snow Removal,Mike Johnson,Internal,6.0,0-30,Closed,Closed,"Farmington, MT|2024-12-17"
"Plymouth, VA",2024-12-17,2025-03-13,2025-03-27,2025-04-05,2482433,2025-04-30,3026737,447.02,Closed,Normal,Repair,Doors,Kevin Miller,USPS,134.0,90+,Closed,Closed,"Plymouth, VA|2024-12-17"
"Riverside, LA",2024-12-17,2025-01-09,2025-01-10,2025-01-28,2480869,2025-03-09,3025080,347.0,Closed,Urgent,Repair,Roof Repair,Kevin Miller,USPS,82.0,61-90,Closed,Closed,"Riverside, LA|2024-12-17"
"Fremont, OK",2024-12-18,2024-12-18,2024-12-19,2024-12-20,,2025-01-08,,300.0,Closed,Urgent,Repair,Plumbing,Ashley Thompson,Internal,21.0,0-30,Closed,Closed,"Fremont, OK|2024-12-18"
"Jackson, FL",2024-12-18,,,2024-12-18,2330632,2024-12-18,2867700,0.0,Closed,Normal,Repair,Paving (Repair),Mike Johnson,USPS,0.0,0-30,Closed,Closed,"Jackson, FL|2024-12-18"
"Canton, CA",2024-12-19,2024-12-19,2024-12-20,2024-12-20,2485545,2025-01-08,3029958,280.0,Closed,Emergency,Repair,Plumbing,Mike Johnson,USPS,20.0,0-30,Closed,Closed,"Canton, CA|2024-12-19"
"Jackson, ID",2024-12-19,2025-01-07,2025-02-04,2025-02-04,2484740,2025-02-12,3029052,375.0,Closed,Urgent,Repair,Plumbing,Brandon Davis,USPS,55.0,31-60,Closed,Closed,"Jackson, ID|2024-12-19"
"Canton, NC",2024-12-20,2024-12-26,2025-05-20,2025-06-04,2484856,2025-06-04,3029235,,Closed,Urgent,Repair,Roof Repair,Brandon Davis,USPS,166.0,90+,Closed,Closed,"Canton, NC|2024-12-20"
"Cleveland, CT",2024-12-20,2024-12-30,2025-01-01,2025-01-22,2484689,2025-01-23,3029043,,Closed,Normal,Repair,Roof Repair,Sarah Williams,USPS,34.0,31-60,Closed,Closed,"Cleveland, CT|2024-12-20"
"Cleveland, NV",2024-12-20,,,,,,,1817.0,Closed,Urgent,Repair,Misc. Repairs,Ashley Thompson,Internal,488.0,90+,Closed,Closed,"Cleveland, NV|2024-12-20"
"Columbia, HI",2024-12-20,2024-12-23,2024-12-30,2025-01-06,2484903,2025-01-06,3029342,,Closed,Urgent,Repair,Roof Repair,Brandon Davis,USPS,17.0,0-30,Closed,Closed,"Columbia, HI|2024-12-20"
"Gainesville, IN",2024-12-20,2024-12-27,2024-12-30,2025-01-02,2484380,2025-01-14,3028692,300.0,Closed,Normal,Repair,Doors,Sarah Williams,USPS,25.0,0-30,Closed,Closed,"Gainesville, IN|2024-12-20"
"Georgetown, IL",2024-12-20,2024-12-10,2024-12-10,,,2025-01-08,,,Closed,Urgent,Repair,HVAC Repairs,Ashley Thompson,Internal,19.0,0-30,Closed,Closed,"Georgetown, IL|2024-12-20"
"Georgetown, ME",2024-12-20,,2024-12-20,2025-01-02,2484954,2025-01-02,3029409,,Closed,Urgent,Repair,HVAC Repairs,Brandon Davis,USPS,13.0,0-30,Closed,Closed,"Georgetown, ME|2024-12-20"
"Springfield, IN",2024-12-20,,2024-10-23,2017-12-20,,2025-01-08,,325.0,Closed,Normal,Repair,Glass,Kevin Miller,Internal,19.0,0-30,Closed,Closed,"Springfield, IN|2024-12-20"
"Ashland, NY",2024-12-23,2025-04-20,2025-06-12,,2474073,2025-10-06,3018056,8525.0,Closed,Normal,Repair,Roof Replacement - Flat,Sarah Williams,USPS,287.0,90+,Closed,Closed,"Ashland, NY|2024-12-23"
"Carrollton, OH",2024-12-23,,2024-12-23,2024-12-23,2486654,2024-12-23,3031151,,Closed,Urgent,Repair,Plumbing,Brandon Davis,USPS,0.0,0-30,Closed,Closed,"Carrollton, OH|2024-12-23"
"Columbia, FL",2024-12-23,2025-05-14,2025-07-05,2025-07-21,2485658,2025-08-24,3030080,970.0,Closed,Normal,Repair,Masonry,Sarah Williams,USPS,244.0,90+,Closed,Closed,"Columbia, FL|2024-12-23"
"Columbia, FL",2024-12-23,2024-12-26,2025-01-07,2025-01-07,2485658,2025-01-15,3030079,,Closed,Urgent,Repair,Electrical Repairs,Brandon Davis,USPS,23.0,0-30,Closed,Closed,"Columbia, FL|2024-12-23"
"Gainesville, WV",2024-12-23,2025-01-16,2025-02-07,2025-02-18,2486221,2025-03-10,3030684,100.0,Closed,Normal,Repair,Gutters,Sarah Williams,USPS,77.0,61-90,Closed,Closed,"Gainesville, WV|2024-12-23"
"Georgetown, HI",2024-12-23,2025-01-21,2025-01-22,2025-01-28,2486758,2025-02-21,3031241,275.0,Closed,Normal,Repair,Roof Repair,Sarah Williams,USPS,60.0,31-60,Closed,Closed,"Georgetown, HI|2024-12-23"
"Hamilton, ND",2024-12-23,,2025-01-10,2025-01-10,,2025-01-10,,,Closed,Urgent,Repair,Ceiling Tiles,Kevin Miller,Internal,18.0,0-30,Closed,Closed,"Hamilton, ND|2024-12-23"
"Hamilton, WA",2024-12-23,2024-12-23,2025-01-09,,,2025-01-24,,194.5,Closed,Urgent,Repair,HVAC PM,Ashley Thompson,Internal,32.0,31-60,Closed,Closed,"Hamilton, WA|2024-12-23"
"Hudson, MO",2024-12-23,2024-12-23,2024-12-27,2025-01-21,2485624,2025-01-30,3030064,320.0,Closed,Urgent,Repair,Plumbing,Kevin Miller,USPS,38.0,31-60,Closed,Closed,"Hudson, MO|2024-12-23"
"Jackson, ID",2024-12-23,2025-02-12,2025-03-04,2025-03-04,2486805,2025-03-09,3031284,880.0,Closed,Urgent,Repair,Flooring,Brandon Davis,USPS,76.0,61-90,Closed,Closed,"Jackson, ID|2024-12-23"
"Milton, MO",2024-12-23,2024-12-24,2024-12-24,2024-12-24,2486788,2025-01-15,3031299,,Closed,Emergency,Repair,HVAC Repairs,Brandon Davis,USPS,23.0,0-30,Closed,Closed,"Milton, MO|2024-12-23"
"Milton, NV",2024-12-23,2025-03-10,2025-04-03,2025-04-13,2466488,2025-04-30,3010196,3300.0,Closed,Normal,Repair,Painting,Sarah Williams,USPS,128.0,90+,Closed,Closed,"Milton, NV|2024-12-23"
"Plymouth, VA",2024-12-23,,,2024-12-23,2484323,2024-12-23,3028686,,Closed,Urgent,Repair,Doors,Kevin Miller,USPS,0.0,0-30,Closed,Closed,"Plymouth, VA|2024-12-23"
"Riverside, CO",2024-12-23,2025-02-26,2025-03-10,2025-03-10,2476855,2025-03-27,3020884,,Closed,Urgent,Repair,Plumbing,Brandon Davis,USPS,94.0,90+,Closed,Closed,"Riverside, CO|2024-12-23"
"Riverside, LA",2024-12-23,,,2024-12-26,2486327,2024-12-26,3030806,,Closed,Normal,Repair,Plumbing,Kevin Miller,USPS,3.0,0-30,Closed,Closed,"Riverside, LA|2024-12-23"
"Salem, PA",2024-12-23,2024-12-23,2024-12-24,2024-12-26,2486545,2025-04-03,3031055,205.7,Closed,Urgent,Repair,HVAC Repairs,Mike Johnson,USPS,101.0,90+,Closed,Closed,"Salem, PA|2024-12-23"
"Winchester, NM",2024-12-23,2025-01-03,2025-01-04,2025-01-08,2485824,2025-01-15,3030336,150.0,Closed,Urgent,Repair,Plumbing,Kevin Miller,USPS,23.0,0-30,Closed,Closed,"Winchester, NM|2024-12-23"
"Arlington, HI",2024-12-30,,,2025-01-06,2487707,2025-01-06,3032224,,Closed,Normal,Repair,Ceiling Tiles,Kevin Miller,USPS,7.0,0-30,Closed,Closed,"Arlington, HI|2024-12-30"
"Auburn, NY",2024-12-30,2025-02-26,2025-05-21,2025-06-09,2487107,2025-10-07,3031637,0.0,Closed,Normal,Repair,Roof Repair,Sarah Williams,USPS,281.0,90+,Closed,Closed,"Auburn, NY|2024-12-30"
"Auburn, NY",2024-12-30,2025-02-20,2025-03-05,2025-03-11,2487106,2025-05-29,3031636,,Closed,Normal,Repair,Roof Repair,Sarah Williams,USPS,150.0,90+,Closed,Closed,"Auburn, NY|2024-12-30"
"Carrollton, AK",2024-12-30,2025-02-06,2025-02-10,2025-02-11,2487291,2025-02-21,3031822,500.0,Closed,Normal,Repair,Drive Thru,Sarah Williams,USPS,53.0,31-60,Closed,Closed,"Carrollton, AK|2024-12-30"
"Centerville, SC",2024-12-30,2024-12-31,2024-12-31,2025-01-06,2488383,2025-01-15,3032957,,Closed,Urgent,Repair,Roof Repair,Brandon Davis,USPS,16.0,0-30,Closed,Closed,"Centerville, SC|2024-12-30"
"Clinton, NC",2024-12-30,2025-02-10,2025-02-23,2025-02-25,2487882,2025-04-24,3032426,1350.0,Closed,Normal,Repair,Roof Repair,Sarah Williams,USPS,115.0,90+,Closed,Closed,"Clinton, NC|2024-12-30"
"Columbia, CT",2024-12-30,2025-03-04,2025-03-14,2025-03-16,2487946,2025-03-30,3032537,8090.0,Closed,Normal,Repair,Roof Replacement - Shingle,Sarah Williams,USPS,90.0,61-90,Closed,Closed,"Columbia, CT|2024-12-30"
"Fairview, WV",2024-12-30,2025-02-24,2025-03-02,2025-03-04,2488432,2025-06-10,3033075,400.0,Closed,Normal,Repair,Ceiling Tiles,Ashley Thompson,USPS,162.0,90+,Closed,Closed,"Fairview, WV|2024-12-30"
"Fairview, WV",2024-12-30,,2025-09-09,2025-09-22,2488577,2025-09-22,3033105,400.0,Closed,Normal,Repair,Other,Brandon Davis,USPS,266.0,90+,Closed,Closed,"Fairview, WV|2024-12-30"
"Lexington, CO",2024-12-30,2024-12-30,2024-12-30,2024-12-31,2488423,2025-01-16,3032998,75.0,Closed,Emergency,Repair,Plumbing,Sarah Williams,USPS,17.0,0-30,Closed,Closed,"Lexington, CO|2024-12-30"
"Oakland, MI",2024-12-30,,,,2479048,,3023171,,Closed,Urgent,Repair,HVAC Repairs,Ashley Thompson,USPS,478.0,90+,Closed,Closed,"Oakland, MI|2024-12-30"
"Springfield, NH",2024-12-30,2024-12-31,2025-01-10,2025-02-11,2483926,2025-02-21,3028278,149.0,Closed,Urgent,Repair,Roof Repair,Mike Johnson,USPS,53.0,31-60,Closed,Closed,"Springfield, NH|2024-12-30"
"Clinton, MN",2024-12-31,2024-12-31,2025-01-07,,,2025-01-30,,527.0,Closed,Urgent,Repair,Fire Protection,Mike Johnson,Internal,30.0,0-30,Closed,Closed,"Clinton, MN|2024-12-31"
"Danville, NM",2025-01-01,2025-01-01,2025-09-30,,,,,225.0,Payment,Urgent,Repair,Misc. Repairs,Ashley Thompson,Internal,476.0,90+,Financial Processing,Open,"Danville, NM|2025-01-01"
"Bloomington, AZ",2025-01-02,2024-12-30,2024-12-31,,,,,0.0,Closed,Urgent,Repair,HVAC PM,Ashley Thompson,Internal,475.0,90+,Closed,Closed,"Bloomington, AZ|2025-01-02"
"Bloomington, AZ",2025-01-02,2025-01-22,2025-01-23,2025-01-27,,2025-02-05,,400.0,Closed,Urgent,Repair,HVAC Repairs,Ashley Thompson,Internal,34.0,31-60,Closed,Closed,"Bloomington, AZ|2025-01-02"
"Dover, VT",2025-01-02,,,,,,,,Closed,Urgent,Repair,Misc. Repairs,Ashley Thompson,Internal,475.0,90+,Closed,Closed,"Dover, VT|2025-01-02"
"Edison, DE",2025-01-02,2024-01-08,2025-01-29,,,2025-01-29,,,Closed,Urgent,Repair,Plumbing,Ashley Thompson,Internal,27.0,0-30,Closed,Closed,"Edison, DE|2025-01-02"
"Hamilton, PA",2025-01-02,2025-01-06,2025-01-09,2025-01-10,,2025-01-10,,,Closed,Urgent,Repair,Violation,Ashley Thompson,Internal,8.0,0-30,Closed,Closed,"Hamilton, PA|2025-01-02"
"Mount Vernon, MA",2025-01-02,,,2025-05-14,2477152,2025-07-13,3021217,,Closed,Normal,Repair,Flooring,Sarah Williams,USPS,192.0,90+,Closed,Closed,"Mount Vernon, MA|2025-01-02"
"Salem, WI",2025-01-02,2025-01-02,2025-01-08,,,2025-01-08,,,Closed,Urgent,Repair,HVAC PM,Ashley Thompson,Internal,6.0,0-30,Closed,Closed,"Salem, WI|2025-01-02"
"Kingston, HI",2025-01-03,,,2025-01-10,2488555,2025-01-16,3033123,,Closed,Urgent,Repair,Pest Control,Kevin Miller,USPS,13.0,0-30,Closed,Closed,"Kingston, HI|2025-01-03"
"Madison, RI",2025-01-03,2025-02-07,2025-02-07,,2489656,2025-03-09,3034277,1200.0,Closed,Normal,Repair,Roof Repair,Kevin Miller,USPS,65.0,61-90,Closed,Closed,"Madison, RI|2025-01-03"
"Bristol, LA",2025-01-06,,2024-12-10,,,2025-01-15,,352.0,Closed,Urgent,Repair,HVAC PM,Ashley Thompson,Internal,9.0,0-30,Closed,Closed,"Bristol, LA|2025-01-06"
"Columbia, FL",2025-01-06,2025-01-06,2025-01-07,2025-01-07,2489131,2025-01-07,3033803,,Closed,Urgent,Repair,HVAC Repairs,Brandon Davis,USPS,1.0,0-30,Closed,Closed,"Columbia, FL|2025-01-06"
"Columbia, MO",2025-01-06,2025-01-06,2025-01-06,2025-01-07,2488682,2025-02-12,3033259,136.0,Closed,Urgent,Repair,Plumbing,Brandon Davis,USPS,37.0,31-60,Closed,Closed,"Columbia, MO|2025-01-06"
"Columbia, MO",2025-01-06,2025-01-06,2025-01-13,2025-01-13,,2025-01-21,,,Closed,Urgent,Repair,HVAC Repairs,Brandon Davis,Internal,15.0,0-30,Closed,Closed,"Columbia, MO|2025-01-06"
"Hamilton, OH",2025-01-06,2025-01-07,2025-01-10,,,2025-01-30,,105.0,Closed,Urgent,Repair,HVAC PM,Ashley Thompson,Internal,24.0,0-30,Closed,Closed,"Hamilton, OH|2025-01-06"
"Kingston, UT",2025-01-06,2025-01-06,2025-01-06,2025-01-29,2488940,2025-02-24,3033517,1366.66,Closed,Normal,Repair,HVAC Repairs,Sarah Williams,USPS,49.0,31-60,Closed,Closed,"Kingston, UT|2025-01-06"
"Lancaster, VA",2025-01-06,2025-01-06,2025-01-21,2025-01-21,2488047,2025-01-21,30302567,,Closed,Urgent,Repair,HVAC Repairs,Brandon Davis,USPS,15.0,0-30,Closed,Closed,"Lancaster, VA|2025-01-06"
"Newport, ME",2025-01-06,2025-01-06,2025-01-10,2025-01-10,2489561,2025-02-12,3034161,,Closed,Urgent,Repair,Plumbing,Brandon Davis,USPS,37.0,31-60,Closed,Closed,"Newport, ME|2025-01-06"
"Columbia, MO",2025-01-07,2025-01-07,2025-01-13,2025-01-13,2490597,2025-06-25,3035208,282.98,Closed,Urgent,Repair,HVAC Repairs,Brandon Davis,USPS,169.0,90+,Closed,Closed,"Columbia, MO|2025-01-07"
"Ashland, NY",2025-01-08,2025-01-10,2025-01-22,2025-01-30,2488607,2025-03-26,3033185,,Closed,Normal,Repair,Roof Repair,Sarah Williams,USPS,77.0,61-90,Closed,Closed,"Ashland, NY|2025-01-08"
"Columbia, MO",2025-01-08,2025-01-08,2025-01-08,2025-01-08,2490114,2025-01-08,3034775,0.0,Closed,Normal,Repair,Flooring,Mike Johnson,USPS,0.0,0-30,Closed,Closed,"Columbia, MO|2025-01-08"
"Danville, CO",2025-01-08,2025-01-09,2025-01-22,2025-03-10,2489848,2025-03-26,3034523,,Closed,Normal,Repair,Roof Repair,Sarah Williams,USPS,77.0,61-90,Closed,Closed,"Danville, CO|2025-01-08"
"Hudson, FL",2025-01-08,2025-04-08,2025-05-24,2025-06-03,2480863,2025-06-26,3025071,2000.0,Closed,Normal,Repair,Striping,Kevin Miller,USPS,169.0,90+,Closed,Closed,"Hudson, FL|2025-01-08"
"Lexington, TX",2025-01-08,,,,,2025-01-15,,,Closed,Urgent,Repair,HVAC Repairs,Ashley Thompson,Internal,7.0,0-30,Closed,Closed,"Lexington, TX|2025-01-08"
"Mount Vernon, TX",2025-01-08,,,,2490703,,3035306,1500.0,Assigned,Normal,Repair,Ceiling Tiles,Sarah Williams,USPS,469.0,90+,Not Started,Open,"Mount Vernon, TX|2025-01-08"
"Mount Vernon, TX",2025-01-08,2025-02-19,2024-02-28,2025-03-12,2490754,2025-10-07,3035382,200.0,Closed,Normal,Repair,Roof Repair,Sarah Williams,USPS,272.0,90+,Closed,Closed,"Mount Vernon, TX|2025-01-08"
"Mount Vernon, TX",2025-01-08,,2024-02-28,2025-03-12,2490835,2025-06-11,3035404,,Closed,Normal,Repair,Ceiling Tiles,Sarah Williams,USPS,154.0,90+,Closed,Closed,"Mount Vernon, TX|2025-01-08"
"Salem, WI",2025-01-08,2025-01-10,2025-04-06,,,2025-04-30,,154.79,Closed,Urgent,Repair,HVAC Repairs,Ashley Thompson,Internal,112.0,90+,Closed,Closed,"Salem, WI|2025-01-08"
"Ashland, AZ",2025-01-09,2025-04-14,2025-06-03,2025-06-04,2491195,2025-08-27,3035748,450.0,Closed,Urgent,Repair,Concrete,Brandon Davis,USPS,230.0,90+,Closed,Closed,"Ashland, AZ|2025-01-09"
"Burlington, AL",2025-01-09,2025-06-18,2025-06-26,2025-06-29,2489773,2025-08-14,3034393,451.0,Closed,Normal,Repair,Building Repairs,Kevin Miller,USPS,217.0,90+,Closed,Closed,"Burlington, AL|2025-01-09"
"Canton, IN",2025-01-09,2025-01-14,2025-02-12,2025-02-12,2490979,2025-02-12,3035574,,Closed,Urgent,Repair,Misc. Repairs,Brandon Davis,USPS,34.0,31-60,Closed,Closed,"Canton, IN|2025-01-09"
"Danville, NM",2025-01-09,2025-07-23,2025-09-03,,,2025-10-07,,75496.0,Closed,Urgent,Repair,Other,Mike Johnson,Internal,271.0,90+,Closed,Closed,"Danville, NM|2025-01-09"
"Franklin, MS",2025-01-09,2025-03-17,2025-05-22,2025-06-01,2478276,2025-06-26,3022250,300.0,Closed,Normal,Repair,Masonry,Kevin Miller,USPS,168.0,90+,Closed,Closed,"Franklin, MS|2025-01-09"
"Danville, NM",2025-01-10,,2025-01-09,2025-01-10,2491268,2025-01-20,3035901,0.0,Closed,Normal,Repair,Plumbing,Mike Johnson,USPS,10.0,0-30,Closed,Closed,"Danville, NM|2025-01-10"
"Danville, NM",2025-01-10,,,2025-02-13,2492448,2025-02-18,3037157,,Closed,Normal,Repair,Doors,Sarah Williams,USPS,39.0,31-60,Closed,Closed,"Danville, NM|2025-01-10"
"Dayton, NJ",2025-01-10,2025-03-10,2025-03-11,2025-03-20,2489824,2025-04-03,3034438,975.0,Closed,Urgent,Repair,Ceiling Tiles,Kevin Miller,USPS,83.0,61-90,Closed,Closed,"Dayton, NJ|2025-01-10"
"Florence, MT",2025-01-10,2025-01-10,2025-02-04,,,2025-03-12,,765.0,Closed,Urgent,Repair,HVAC PM,Ashley Thompson,Internal,61.0,61-90,Closed,Closed,"Florence, MT|2025-01-10"
"Greenville, IL",2025-01-10,2025-01-10,2025-01-13,2025-01-13,3037806,2025-02-03,3037804,,Closed,Emergency,Repair,Drive Thru,Mike Johnson,USPS,24.0,0-30,Closed,Closed,"Greenville, IL|2025-01-10"
"Lexington, TX",2025-01-10,2025-01-15,2025-01-17,2025-01-28,2492465,2025-02-06,3037104,180.8,Closed,Urgent,Repair,HVAC Repairs,Ashley Thompson,USPS,27.0,0-30,Closed,Closed,"Lexington, TX|2025-01-10"
"Lexington, WV",2025-01-10,2025-02-05,2025-02-26,2025-02-28,2491442,2025-03-09,3036058,190.97,Closed,Normal,Repair,Plumbing,Kevin Miller,USPS,58.0,31-60,Closed,Closed,"Lexington, WV|2025-01-10"
"Manchester, GA",2025-01-10,2025-02-13,2025-03-17,2025-03-20,2492377,2025-05-31,3037006,800.0,Closed,Urgent,Repair,Misc. Repairs,Kevin Miller,USPS,141.0,90+,Closed,Closed,"Manchester, GA|2025-01-10"
"Centerville, LA",2025-01-13,2025-01-22,2025-03-26,2025-05-26,,2025-06-11,,12818.0,Closed,Urgent,Repair,Roof Replacement - Flat,Brandon Davis,Internal,149.0,90+,Closed,Closed,"Centerville, LA|2025-01-13"
"Franklin, MS",2025-01-13,2025-01-13,2025-01-13,2025-01-14,2493726,2025-02-06,3038431,,Closed,Emergency,Repair,HVAC Repairs,Sarah Williams,USPS,24.0,0-30,Closed,Closed,"Franklin, MS|2025-01-13"
"Greenville, IL",2025-01-13,2025-03-04,2025-05-19,2025-05-19,2493100,2025-07-08,3037806,19375.0,Closed,Normal,Repair,Drive Thru,Sarah Williams,USPS,176.0,90+,Closed,Closed,"Greenville, IL|2025-01-13"
"Bloomington, MS",2025-01-14,2025-01-17,2025-01-18,2025-01-21,,2025-02-12,,200.0,Closed,Urgent,Repair,Roof Repair,Kevin Miller,Internal,29.0,0-30,Closed,Closed,"Bloomington, MS|2025-01-14"
"Greenville, NC",2025-01-14,,,,,2025-01-14,,,Closed,Urgent,Repair,Misc. Repairs,Ashley Thompson,Internal,0.0,0-30,Closed,Closed,"Greenville, NC|2025-01-14"
"Jackson, PA",2025-01-14,2025-01-14,,2025-06-02,2494012,2025-06-02,3038798,,Closed,Urgent,Repair,Roof Repair,Kevin Miller,USPS,139.0,90+,Closed,Closed,"Jackson, PA|2025-01-14"
"Madison, HI",2025-01-14,2025-02-20,2025-02-20,,2493830,2025-03-26,3038566,485.0,Closed,Normal,Repair,Roof Repair,Sarah Williams,USPS,71.0,61-90,Closed,Closed,"Madison, HI|2025-01-14"
"Mount Vernon, NV",2025-01-14,2025-01-15,2025-01-21,2025-01-23,2493646,2025-03-26,3038343,511.46,Closed,Normal,Repair,Plumbing,Sarah Williams,USPS,71.0,61-90,Closed,Closed,"Mount Vernon, NV|2025-01-14"
"Newport, ME",2025-01-14,,2025-01-27,2025-02-13,2494195,2025-02-13,3038944,,Closed,Urgent,Repair,Plumbing,Brandon Davis,USPS,30.0,0-30,Closed,Closed,"Newport, ME|2025-01-14"
"Plymouth, VA",2025-01-14,2025-01-22,2025-01-22,2025-02-19,2494250,2025-06-10,3039084,,Closed,Urgent,Repair,Impact Doors,Kevin Miller,USPS,147.0,90+,Closed,Closed,"Plymouth, VA|2025-01-14"
"Columbia, MO",2025-01-15,2025-01-15,2025-01-15,2025-01-16,2494845,2025-02-12,3039630,208.95,Closed,Emergency,Repair,HVAC Repairs,Mike Johnson,USPS,28.0,0-30,Closed,Closed,"Columbia, MO|2025-01-15"
"Danville, MA",2025-01-15,2025-01-10,2025-01-10,2025-02-19,2492917,2025-02-19,3037509,606.2,Closed,Urgent,Repair,HVAC Repairs,Mike Johnson,USPS,35.0,31-60,Closed,Closed,"Danville, MA|2025-01-15"
"Franklin, MS",2025-01-15,2025-01-15,2025-01-16,,,2025-02-06,,,Closed,Normal,Repair,Plumbing,Sarah Williams,Internal,22.0,0-30,Closed,Closed,"Franklin, MS|2025-01-15"
"Mount Vernon, MA",2025-01-15,2025-01-16,2025-01-17,2025-01-21,2492672,2025-06-10,3037329,300.0,Closed,Normal,Repair,Plumbing,Sarah Williams,USPS,146.0,90+,Closed,Closed,"Mount Vernon, MA|2025-01-15"
"Burlington, AL",2025-01-16,2025-01-31,2025-02-24,2025-02-24,2494385,2025-02-27,3039128,250.0,Closed,Normal,Repair,Siding,Kevin Miller,USPS,42.0,31-60,Closed,Closed,"Burlington, AL|2025-01-16"
"Clinton, VT",2025-01-16,2025-02-03,2025-02-14,2025-03-18,2494216,2025-04-30,3038901,600.0,Closed,Normal,Repair,Roof Repair,Sarah Williams,USPS,104.0,90+,Closed,Closed,"Clinton, VT|2025-01-16"
"Hamilton, PA",2025-01-16,2024-12-31,2025-10-30,,,,,649.5,Payment,Urgent,Repair,Landscaping,Ashley Thompson,Internal,461.0,90+,Financial Processing,Open,"Hamilton, PA|2025-01-16"
"Hamilton, WA",2025-01-16,2025-01-16,2025-01-17,2025-01-28,,2025-02-12,,253.07,Closed,Urgent,Repair,Plumbing,Ashley Thompson,Internal,27.0,0-30,Closed,Closed,"Hamilton, WA|2025-01-16"
"Manchester, NM",2025-01-16,,,,,2025-06-10,,,Closed,Urgent,Repair,HVAC Replacement,Sarah Williams,Internal,145.0,90+,Closed,Closed,"Manchester, NM|2025-01-16"
"Arlington, MN",2025-01-20,,2025-02-14,2025-02-20,2495420,2025-02-24,3040201,,Closed,Normal,Repair,Misc. Repairs,Sarah Williams,USPS,35.0,31-60,Closed,Closed,"Arlington, MN|2025-01-20"
"Bloomington, MS",2025-01-20,2025-02-06,2025-02-28,2025-02-28,,2025-04-03,,59619.0,Closed,Normal,Repair,Roof Replacement - Flat,Mike Johnson,Internal,73.0,61-90,Closed,Closed,"Bloomington, MS|2025-01-20"
"Burlington, AR",2025-01-20,,,2025-01-21,2495101,2025-01-21,3039878,,Closed,Urgent,Repair,HVAC Repairs,Kevin Miller,USPS,1.0,0-30,Closed,Closed,"Burlington, AR|2025-01-20"
"Burlington, AR",2025-01-20,,,2025-01-21,2495692,2025-01-21,3040513,,Closed,Urgent,Repair,Roof Repair,Kevin Miller,USPS,1.0,0-30,Closed,Closed,"Burlington, AR|2025-01-20"
"Canton, VT",2025-01-20,,2025-04-20,2025-04-20,na,2025-05-04,na,0.0,Closed,Urgent,Repair,Violation,Mike Johnson,USPS,104.0,90+,Closed,Closed,"Canton, VT|2025-01-20"
"Clayton, NM",2025-01-20,,,,,,,,Closed,Urgent,Repair,Roof Repair,Ashley Thompson,Internal,457.0,90+,Closed,Closed,"Clayton, NM|2025-01-20"
"Danville, MA",2025-01-20,2025-03-09,2025-03-20,2025-10-09,2495398,2025-10-12,3040185,500.0,Closed,Normal,Repair,Roof Repair,Sarah Williams,USPS,265.0,90+,Closed,Closed,"Danville, MA|2025-01-20"
"Fremont, KS",2025-01-20,2025-02-13,2025-02-14,2025-02-28,2451882,2025-06-11,2994552,,Closed,Urgent,Repair,Roof Repair,Sarah Williams,USPS,142.0,90+,Closed,Closed,"Fremont, KS|2025-01-20"
"Greenville, NC",2025-01-20,2025-02-12,2025-07-17,,,,,,Payment,Urgent,Repair,HVAC PM,Brandon Davis,Internal,457.0,90+,Financial Processing,Open,"Greenville, NC|2025-01-20"
"Jackson, NM",2025-01-20,2025-03-11,2025-05-05,2025-05-08,2494906,2025-06-10,3039666,150.0,Closed,Normal,Repair,Flooring,Kevin Miller,USPS,141.0,90+,Closed,Closed,"Jackson, NM|2025-01-20"
"Kingston, HI",2025-01-20,,,,2495657,,3040443,1500.0,Completed,Normal,Repair,Roof Repair,Sarah Williams,USPS,457.0,90+,Completed Not Paid,Open,"Kingston, HI|2025-01-20"
"Rockville, NM",2025-01-20,2025-01-27,2025-02-13,2025-02-19,2494901,2025-02-27,3039662,178.0,Closed,Urgent,Repair,Concrete,Kevin Miller,USPS,38.0,31-60,Closed,Closed,"Rockville, NM|2025-01-20"
"Springfield, NC",2025-01-20,2025-03-19,2025-03-30,2025-05-17,2494943,2025-06-10,3039741,500.0,Closed,Normal,Repair,Roof Repair,Sarah Williams,USPS,141.0,90+,Closed,Closed,"Springfield, NC|2025-01-20"
"Columbia, MO",2025-01-21,2025-01-22,2025-01-22,2025-01-23,,2025-02-10,,,Closed,Normal,Repair,Plumbing,Brandon Davis,Internal,20.0,0-30,Closed,Closed,"Columbia, MO|2025-01-21"
"Danville, NE",2025-01-21,2025-01-28,2025-01-29,2025-02-24,2495413,2025-02-27,3040239,220.0,Closed,Urgent,Repair,Doors,Brandon Davis,USPS,37.0,31-60,Closed,Closed,"Danville, NE|2025-01-21"
"Dayton, NE",2025-01-21,,2023-10-12,,,,,460.0,Dispute,Urgent,Repair,HVAC Repairs,Ashley Thompson,Internal,456.0,90+,Risk,Open,"Dayton, NE|2025-01-21"
"Fairview, NM",2025-01-21,2025-01-22,2025-02-04,2025-06-18,2495167,2025-06-18,3039927,,Closed,Urgent,Repair,Roof Repair,Brandon Davis,USPS,148.0,90+,Closed,Closed,"Fairview, NM|2025-01-21"
"Fairview, NV",2025-01-21,2025-01-23,2025-01-23,2025-01-24,2496965,2025-02-06,3041801,,Closed,Emergency,Repair,Drive Thru,Sarah Williams,USPS,16.0,0-30,Closed,Closed,"Fairview, NV|2025-01-21"
"Hudson, KY",2025-01-21,2025-01-23,2025-01-23,2025-01-28,2494514,2025-01-28,3039339,,Closed,Urgent,Repair,Plumbing,Kevin Miller,USPS,7.0,0-30,Closed,Closed,"Hudson, KY|2025-01-21"
"Lancaster, VA",2025-01-21,,,,2495019,,3039797,1000.0,Assigned,Urgent,Repair,Doors,Brandon Davis,USPS,456.0,90+,Not Started,Open,"Lancaster, VA|2025-01-21"
"Marion, AR",2025-01-21,,,,,2025-01-29,,,Closed,Urgent,Repair,Pest Control,Ashley Thompson,Internal,8.0,0-30,Closed,Closed,"Marion, AR|2025-01-21"
"Oakland, MI",2025-01-21,2025-02-25,2025-03-19,2025-03-31,2494975,2025-04-30,3039719,,Closed,Urgent,Repair,Electrical Repairs,Brandon Davis,USPS,99.0,90+,Closed,Closed,"Oakland, MI|2025-01-21"
"Oakland, MI",2025-01-21,2025-01-23,2025-01-24,2025-01-29,2494854,2025-06-10,3039718,,Closed,Urgent,Repair,Electrical Repairs,Brandon Davis,USPS,140.0,90+,Closed,Closed,"Oakland, MI|2025-01-21"
"Plymouth, VA",2025-01-21,2025-01-22,2025-01-22,2025-02-24,2491895,2025-06-10,3036486,125.0,Closed,Normal,Repair,Concrete,Kevin Miller,USPS,140.0,90+,Closed,Closed,"Plymouth, VA|2025-01-21"
"Burlington, IL",2025-01-22,,2025-01-29,,,2025-01-29,,,Closed,Normal,Repair,Roof Repair,Brandon Davis,Internal,7.0,0-30,Closed,Closed,"Burlington, IL|2025-01-22"
"Burlington, IL",2025-01-22,2025-01-29,,,,,,250.0,Contracted,Normal,Repair,Ceiling Tiles,Brandon Davis,Internal,455.0,90+,In Progress,Open,"Burlington, IL|2025-01-22"
"Farmington, DE",2025-01-22,2025-01-22,2025-01-22,2025-01-22,2497204,2025-01-22,3042057,,Closed,Emergency,Repair,HVAC Repairs,Kevin Miller,USPS,0.0,0-30,Closed,Closed,"Farmington, DE|2025-01-22"
"Georgetown, MO",2025-01-22,,,2025-01-22,2493651,2025-01-22,3038348,,Closed,Normal,Repair,Plumbing,Kevin Miller,USPS,0.0,0-30,Closed,Closed,"Georgetown, MO|2025-01-22"
"Georgetown, NC",2025-01-22,2025-03-13,2025-03-18,2025-03-18,2496096,2025-03-26,3040858,510.0,Closed,Urgent,Repair,Siding,Ashley Thompson,USPS,63.0,61-90,Closed,Closed,"Georgetown, NC|2025-01-22"
"Georgetown, NC",2025-01-22,2025-03-10,2025-03-18,2025-03-18,2496096,2025-06-24,3040857,7832.0,Closed,Urgent,Repair,Roof Replacement - Flat,Mike Johnson,USPS,153.0,90+,Closed,Closed,"Georgetown, NC|2025-01-22"
"Newport, WA",2025-01-22,2025-02-04,,,,,,,Contracted,Urgent,Repair,Snow Removal,Ashley Thompson,Internal,455.0,90+,In Progress,Open,"Newport, WA|2025-01-22"
"Bloomington, MS",2025-01-23,2025-03-27,2025-06-09,2025-06-18,2497131,2025-07-10,3042012,700.0,Closed,Normal,Repair,Electrical Repairs,Kevin Miller,USPS,168.0,90+,Closed,Closed,"Bloomington, MS|2025-01-23"
"Bloomington, MS",2025-01-23,2025-02-25,2025-02-28,2025-03-02,2497131,2025-04-03,3041989,565.0,Closed,Normal,Repair,Roof Repair,Mike Johnson,USPS,70.0,61-90,Closed,Closed,"Bloomington, MS|2025-01-23"
"Columbia, MO",2025-01-23,2025-01-24,2025-01-28,2025-01-28,,2025-02-12,,,Closed,Normal,Repair,HVAC Repairs,Brandon Davis,Internal,20.0,0-30,Closed,Closed,"Columbia, MO|2025-01-23"
"Farmington, DE",2025-01-23,2025-01-23,2025-01-24,2025-01-24,2497824,2025-02-26,3042672,577.49,Closed,Emergency,Repair,HVAC Repairs,Kevin Miller,USPS,34.0,31-60,Closed,Closed,"Farmington, DE|2025-01-23"
"Fremont, OK",2025-01-23,2025-01-23,2025-02-12,2025-02-13,,2025-02-21,,400.0,Closed,Urgent,Repair,Plumbing,Ashley Thompson,Internal,29.0,0-30,Closed,Closed,"Fremont, OK|2025-01-23"
"Hamilton, KS",2025-01-23,2025-01-29,2025-02-03,2025-02-03,2497709,2025-06-10,3042636,5000.0,Closed,Emergency,Repair,HVAC Repairs,Brandon Davis,USPS,138.0,90+,Closed,Closed,"Hamilton, KS|2025-01-23"
"Kingston, NE",2025-01-23,2025-01-23,2025-01-28,2025-01-28,,2025-01-28,,,Closed,Normal,Repair,HVAC Repairs,Brandon Davis,Internal,5.0,0-30,Closed,Closed,"Kingston, NE|2025-01-23"
"Lexington, TX",2025-01-23,2025-03-03,2025-03-05,2025-03-18,2497335,2025-04-03,3042155,75.0,Closed,Normal,Repair,Misc. Repairs,Sarah Williams,USPS,70.0,61-90,Closed,Closed,"Lexington, TX|2025-01-23"
"Lexington, TX",2025-01-23,,,2025-07-12,2497253,2025-07-13,3042153,,Closed,Normal,Repair,Paving (Repair),Sarah Williams,USPS,171.0,90+,Closed,Closed,"Lexington, TX|2025-01-23"
"Lexington, TX",2025-01-23,2025-09-10,,,2497336,,3042156,350.0,Contracted,Normal,Repair,Concrete,Sarah Williams,USPS,454.0,90+,In Progress,Open,"Lexington, TX|2025-01-23"
"Bloomington, MS",2025-01-24,2025-03-24,,,2497219,,3042074,1500.0,Contracted,Urgent,Repair,Paving (Repair),Ashley Thompson,USPS,453.0,90+,In Progress,Open,"Bloomington, MS|2025-01-24"
"Bloomington, WY",2025-01-24,2025-09-02,,,2498021,,3042918,3500.0,Contracted,Urgent,Repair,Paving (Repair),Kevin Miller,USPS,453.0,90+,In Progress,Open,"Bloomington, WY|2025-01-24"
"Dover, VT",2025-01-24,2025-01-28,2025-01-29,2025-02-10,2497185,2025-03-26,3041983,297.25,Closed,Normal,Repair,Plumbing,Sarah Williams,USPS,61.0,61-90,Closed,Closed,"Dover, VT|2025-01-24"
"Franklin, AL",2025-01-24,2025-01-01,2025-09-23,,,,,115.0,Payment,Urgent,Repair,Landscaping,Ashley Thompson,Internal,453.0,90+,Financial Processing,Open,"Franklin, AL|2025-01-24"
"Greenville, IL",2025-01-24,2025-01-28,2025-01-30,2025-02-10,2497919,2025-04-30,3042767,249.84,Closed,Normal,Repair,Roof Repair,Sarah Williams,USPS,96.0,90+,Closed,Closed,"Greenville, IL|2025-01-24"
"Hamilton, ND",2025-01-24,2025-01-28,2025-01-29,2025-01-30,2496977,2025-04-03,3041810,130.0,Closed,Urgent,Repair,Doors,Brandon Davis,USPS,69.0,61-90,Closed,Closed,"Hamilton, ND|2025-01-24"
"Madison, SD",2025-01-24,2025-09-01,,,2497250,,3042070,6000.0,Contracted,Normal,Repair,Paving (Repair),Brandon Davis,USPS,453.0,90+,In Progress,Open,"Madison, SD|2025-01-24"
"Riverside, AR",2025-01-24,2025-02-21,2025-02-24,2025-02-25,2497703,2025-02-27,3042570,80.0,Closed,Urgent,Repair,Plumbing,Brandon Davis,USPS,34.0,31-60,Closed,Closed,"Riverside, AR|2025-01-24"
"Rockville, UT",2025-01-24,,,,2497419,,3042211,500.0,Assigned,Normal,Repair,Roof Repair,Brandon Davis,USPS,453.0,90+,Not Started,Open,"Rockville, UT|2025-01-24"
"Salem, NM",2025-01-24,2025-02-19,2025-03-04,2025-04-21,2498031,2025-04-30,3042973,198.4,Closed,Normal,Repair,Roof Repair,Sarah Williams,USPS,96.0,90+,Closed,Closed,"Salem, NM|2025-01-24"
"Auburn, TN",2025-01-27,2025-03-05,2025-03-10,2025-03-23,2497422,2025-04-03,3042248,210.0,Closed,Urgent,Repair,Doors,Kevin Miller,USPS,66.0,61-90,Closed,Closed,"Auburn, TN|2025-01-27"
"Hamilton, KS",2025-01-27,,,,2497709,,3042636,,Closed,Urgent,Repair,HVAC Repairs,Ashley Thompson,USPS,450.0,90+,Closed,Closed,"Hamilton, KS|2025-01-27"
"Milton, NJ",2025-01-27,,2025-05-22,2025-06-08,,2025-06-12,,5975.0,Closed,Normal,Repair,Roof Replacement - Flat,Sarah Williams,Internal,136.0,90+,Closed,Closed,"Milton, NJ|2025-01-27"
"Mount Vernon, AL",2025-01-27,2025-01-27,2025-01-30,2025-01-31,,2025-02-12,,125.0,Closed,Urgent,Repair,Landscaping,Ashley Thompson,Internal,16.0,0-30,Closed,Closed,"Mount Vernon, AL|2025-01-27"
"Arlington, MN",2025-01-28,,,,57921,,1,,Closed,Urgent,Repair,Gutters,Ashley Thompson,USPS,449.0,90+,Closed,Closed,"Arlington, MN|2025-01-28"
"Arlington, MN",2025-01-28,,,,59051,,1,,Closed,Urgent,Repair,Electrical Repairs,Ashley Thompson,USPS,449.0,90+,Closed,Closed,"Arlington, MN|2025-01-28"
"Auburn, SC",2025-01-28,2025-06-25,2025-07-25,2025-07-25,2498093,,3042971,674.0,Completed,Urgent,Repair,Ceiling Tiles,Ashley Thompson,USPS,449.0,90+,Completed Not Paid,Open,"Auburn, SC|2025-01-28"
"Carrollton, IL",2025-01-28,2025-01-28,2025-01-30,2025-01-30,2498680,2025-02-21,3043613,,Closed,Urgent,Repair,HVAC Repairs,Brandon Davis,USPS,24.0,0-30,Closed,Closed,"Carrollton, IL|2025-01-28"
"Farmington, SC",2025-01-28,2025-01-22,2025-01-22,,,2025-02-20,,130.6,Closed,Normal,Repair,HVAC Repairs,Kevin Miller,Internal,23.0,0-30,Closed,Closed,"Farmington, SC|2025-01-28"
"Kingston, OK",2025-01-28,2025-02-25,2025-02-26,2025-02-26,2498659,2025-03-26,3043575,250.0,Closed,Normal,Repair,Plumbing,Kevin Miller,USPS,57.0,31-60,Closed,Closed,"Kingston, OK|2025-01-28"
"Lancaster, NH",2025-01-29,2025-01-29,2025-01-29,2025-01-29,2499757,2025-02-06,3044709,129.12,Closed,Emergency,Repair,HVAC Repairs,Mike Johnson,USPS,8.0,0-30,Closed,Closed,"Lancaster, NH|2025-01-29"
"Bloomington, AZ",2025-01-30,2025-02-20,2025-02-28,2025-03-03,2498133,2025-03-26,3043094,318.68,Closed,Urgent,Repair,Electrical Repairs,Kevin Miller,USPS,55.0,31-60,Closed,Closed,"Bloomington, AZ|2025-01-30"
"Farmington, AL",2025-01-30,2025-02-12,2025-03-03,2025-03-03,2499236,2025-03-26,3044144,95.0,Closed,Normal,Repair,Doors,Kevin Miller,USPS,55.0,31-60,Closed,Closed,"Farmington, AL|2025-01-30"
"Florence, MT",2025-01-30,2025-03-11,2025-03-27,2025-04-01,2498810,2025-04-30,3043794,1500.0,Closed,Normal,Repair,Paving (Repair),Sarah Williams,USPS,90.0,61-90,Closed,Closed,"Florence, MT|2025-01-30"
"Franklin, LA",2025-01-30,,,,2499781,,3044741,15000.0,Assigned,Urgent,Repair,Asbestos Abatement,Brandon Davis,USPS,447.0,90+,Not Started,Open,"Franklin, LA|2025-01-30"
"Marion, GA",2025-01-30,2025-03-19,2025-05-26,,,2025-06-15,,352.0,Closed,Normal,Repair,Painting,Kevin Miller,Internal,136.0,90+,Closed,Closed,"Marion, GA|2025-01-30"
"Anderson, MN",2025-01-31,2025-02-24,2025-03-01,2025-03-02,,2025-03-09,,425.0,Closed,Urgent,Repair,Paving (Repair),Ashley Thompson,Internal,37.0,31-60,Closed,Closed,"Anderson, MN|2025-01-31"
"Arlington, WY",2025-01-31,,2025-01-31,2025-01-31,2490576,2025-02-06,3035111,0.0,Closed,Urgent,Repair,Doors,Ashley Thompson,USPS,6.0,0-30,Closed,Closed,"Arlington, WY|2025-01-31"
"Fremont, SD",2025-01-31,,2025-04-02,,2499125,,3044065,150.0,Completed,Normal,Repair,Roof Repair,Sarah Williams,USPS,446.0,90+,Completed Not Paid,Open,"Fremont, SD|2025-01-31"
"Hudson, MO",2025-01-31,,,,na,2025-07-10,na,,Closed,Urgent,Repair,Building Repairs,Mike Johnson,USPS,160.0,90+,Closed,Closed,"Hudson, MO|2025-01-31"
"Kingston, NE",2025-01-31,,2025-01-31,2025-02-12,2500554,,3045658,,Closed,Emergency,Repair,Doors,Sarah Williams,USPS,446.0,90+,Closed,Closed,"Kingston, NE|2025-01-31"
"Albany, OH",2025-02-03,2025-02-03,2025-10-10,2025-10-13,,2025-10-20,,200.0,Closed,Urgent,Repair,Plumbing,Ashley Thompson,Internal,259.0,90+,Closed,Closed,"Albany, OH|2025-02-03"
"Ashland, ME",2025-02-03,2025-02-03,2025-02-03,2025-02-03,,2025-02-03,,0.0,Closed,Urgent,Repair,Utilities,Mike Johnson,Internal,0.0,0-30,Closed,Closed,"Ashland, ME|2025-02-03"
"Bloomington, MS",2025-02-03,2025-01-01,2025-09-30,,,,,200.0,Payment,Urgent,Repair,Landscaping,Ashley Thompson,Internal,443.0,90+,Financial Processing,Open,"Bloomington, MS|2025-02-03"
"Burlington, WA",2025-02-03,,,,2499347,2025-10-07,3044321,,Closed,Normal,Repair,Roof Repair,Sarah Williams,USPS,246.0,90+,Closed,Closed,"Burlington, WA|2025-02-03"
"Franklin, LA",2025-02-03,2025-07-09,2025-08-07,2025-08-15,2500414,2025-08-26,3045607,7962.0,Closed,Normal,Repair,Painting,Sarah Williams,USPS,204.0,90+,Closed,Closed,"Franklin, LA|2025-02-03"
"Franklin, LA",2025-02-03,2025-03-18,2025-04-10,2025-04-20,2500414,2025-05-12,3045590,,Closed,Urgent,Repair,Striping,Brandon Davis,USPS,98.0,90+,Closed,Closed,"Franklin, LA|2025-02-03"
"Kingston, NE",2025-02-03,2025-03-03,2025-03-24,2025-03-24,2500939,2025-04-03,3045943,,Closed,Urgent,Repair,Misc. Repairs,Brandon Davis,USPS,59.0,31-60,Closed,Closed,"Kingston, NE|2025-02-03"
"Salem, NJ",2025-02-03,2025-02-04,2025-02-12,,,2025-02-18,,,Closed,Urgent,Repair,HVAC PM,Ashley Thompson,Internal,15.0,0-30,Closed,Closed,"Salem, NJ|2025-02-03"
"Anderson, MA",2025-02-04,2025-02-05,2025-02-06,2025-02-06,2491619,2025-02-12,3036202,200.0,Closed,Urgent,Repair,Doors,Ashley Thompson,USPS,8.0,0-30,Closed,Closed,"Anderson, MA|2025-02-04"
"Arlington, MN",2025-02-04,2025-03-06,2025-03-17,2025-03-30,2501151,2025-04-30,3046210,200.0,Closed,Urgent,Repair,Electrical Repairs,Brandon Davis,USPS,85.0,61-90,Closed,Closed,"Arlington, MN|2025-02-04"
"Ashland, WA",2025-02-04,2025-02-06,2025-02-12,2025-02-19,2501197,2025-02-20,3046246,120.0,Closed,Urgent,Repair,Doors,Kevin Miller,USPS,16.0,0-30,Closed,Closed,"Ashland, WA|2025-02-04"
"Fairview, NV",2025-02-04,2025-03-09,2025-03-27,2025-04-14,2496965,2025-05-06,3041802,2900.0,Closed,Normal,Repair,Drive Thru,Sarah Williams,USPS,91.0,90+,Closed,Closed,"Fairview, NV|2025-02-04"
"Farmington, MT",2025-02-04,2025-01-01,2025-02-26,,,,,2700.0,Closed,Urgent,Repair,Snow Removal,Ashley Thompson,Internal,442.0,90+,Closed,Closed,"Farmington, MT|2025-02-04"
"Hamilton, KS",2025-02-04,2025-02-04,,,,,,200.0,Contracted,Urgent,Repair,HVAC PM,Brandon Davis,Internal,442.0,90+,In Progress,Open,"Hamilton, KS|2025-02-04"
"Hudson, MO",2025-02-04,,,,na,,na,20000.0,Assigned,Normal,Repair,Roof Repair,Mike Johnson,USPS,442.0,90+,Not Started,Open,"Hudson, MO|2025-02-04"
"Hudson, MO",2025-02-04,,,,na,,na,20000.0,Assigned,Normal,Repair,Masonry,Mike Johnson,USPS,442.0,90+,Not Started,Open,"Hudson, MO|2025-02-04"
"Hudson, MO",2025-02-04,,,,,2025-07-10,,0.0,Closed,Normal,Repair,Ceiling Tiles,Mike Johnson,Internal,156.0,90+,Closed,Closed,"Hudson, MO|2025-02-04"
"Hudson, MO",2025-02-04,,,,na,2025-07-09,na,,Closed,Normal,Repair,Glass,Mike Johnson,USPS,155.0,90+,Closed,Closed,"Hudson, MO|2025-02-04"
"Hudson, MO",2025-02-04,,,,na,2025-07-10,na,0.0,Closed,Normal,Repair,Electrical Repairs,Mike Johnson,USPS,156.0,90+,Closed,Closed,"Hudson, MO|2025-02-04"
"Hudson, MO",2025-02-04,,,,na,2025-07-10,na,0.0,Closed,Normal,Repair,Concrete,Mike Johnson,USPS,156.0,90+,Closed,Closed,"Hudson, MO|2025-02-04"
"Hudson, MO",2025-02-04,,,,na,2025-07-09,na,0.0,Closed,Normal,Repair,Painting,Mike Johnson,USPS,155.0,90+,Closed,Closed,"Hudson, MO|2025-02-04"
"Lexington, TX",2025-02-04,,2025-02-05,,2497254,2025-02-12,3042154,,Closed,Urgent,Repair,Doors,Ashley Thompson,USPS,8.0,0-30,Closed,Closed,"Lexington, TX|2025-02-04"
"Oxford, TX",2025-02-04,,,,2483515,,3027796,,Closed,Urgent,Repair,Painting,Ashley Thompson,USPS,442.0,90+,Closed,Closed,"Oxford, TX|2025-02-04"
"Columbia, OR",2025-02-05,2025-01-01,2025-08-03,,,,,90.0,Payment,Urgent,Repair,Pest Control,Ashley Thompson,Internal,441.0,90+,Financial Processing,Open,"Columbia, OR|2025-02-05"
"Greenville, NC",2025-02-05,2025-07-30,2025-08-04,,na,,na,450.0,Closed,Urgent,Repair,Doors,Mike Johnson,USPS,441.0,90+,Closed,Closed,"Greenville, NC|2025-02-05"
"Newport, WA",2025-02-05,2025-02-20,2025-03-26,2025-04-02,,2025-07-29,,832.0,Closed,Urgent,Repair,Electrical Repairs,Brandon Davis,Internal,174.0,90+,Closed,Closed,"Newport, WA|2025-02-05"
"Albany, UT",2025-02-06,2025-02-13,2025-02-24,,2494841,2025-04-24,3039625,330.0,Closed,Normal,Repair,Gutters,Kevin Miller,USPS,77.0,61-90,Closed,Closed,"Albany, UT|2025-02-06"
"Arlington, WY",2025-02-06,,,,2435426,,2977268,150.0,Assigned,Urgent,Repair,Painting,Ashley Thompson,USPS,440.0,90+,Not Started,Open,"Arlington, WY|2025-02-06"
"Burlington, MN",2025-02-06,2025-02-10,2025-02-12,2025-02-12,2500304,2025-03-09,3045318,679.29,Closed,Urgent,Repair,Plumbing,Ashley Thompson,USPS,31.0,31-60,Closed,Closed,"Burlington, MN|2025-02-06"
"Florence, MT",2025-02-06,,,,2435426,,2977268,,Closed,Urgent,Repair,Painting,Ashley Thompson,USPS,440.0,90+,Closed,Closed,"Florence, MT|2025-02-06"
"Franklin, LA",2025-02-06,2025-02-24,2025-02-28,2025-03-02,2500414,2025-03-09,3045592,1060.0,Closed,Urgent,Repair,Ceiling Tiles,Ashley Thompson,USPS,31.0,31-60,Closed,Closed,"Franklin, LA|2025-02-06"
"Franklin, MT",2025-02-06,2025-04-08,2025-06-17,2025-06-17,2495069,2025-06-25,3039872,3844.0,Closed,Urgent,Repair,Flooring,Brandon Davis,USPS,139.0,90+,Closed,Closed,"Franklin, MT|2025-02-06"
"Franklin, MT",2025-02-06,2025-06-08,2025-06-27,2025-07-08,2457008,2025-07-20,3000109,4688.12,Closed,Urgent,Repair,Paving (Repair),Ashley Thompson,USPS,164.0,90+,Closed,Closed,"Franklin, MT|2025-02-06"
"Milton, ME",2025-02-06,2025-02-14,2025-02-18,,2498960,2025-07-06,3043829,150.0,Closed,Urgent,Repair,Doors,Ashley Thompson,USPS,150.0,90+,Closed,Closed,"Milton, ME|2025-02-06"
"Oakland, WV",2025-02-06,2025-06-08,2025-07-11,2025-07-13,2470908,2025-07-24,3014763,2336.4,Closed,Urgent,Repair,Paving (Repair),Ashley Thompson,USPS,168.0,90+,Closed,Closed,"Oakland, WV|2025-02-06"
"Salem, OR",2025-02-06,2025-02-06,2025-02-07,2025-02-10,2501286,2025-02-27,3046339,214.0,Closed,Normal,Repair,HVAC Repairs,Sarah Williams,USPS,21.0,0-30,Closed,Closed,"Salem, OR|2025-02-06"
"Salem, WI",2025-02-06,2025-02-13,2025-02-24,2025-02-24,2493532,2025-03-09,3038283,80.0,Closed,Urgent,Repair,Electrical Repairs,Brandon Davis,USPS,31.0,31-60,Closed,Closed,"Salem, WI|2025-02-06"
"Springfield, CT",2025-02-06,2025-02-06,2025-02-14,2025-03-04,2499927,2025-06-10,3044932,,Closed,Normal,Repair,Roof Repair,Sarah Williams,USPS,124.0,90+,Closed,Closed,"Springfield, CT|2025-02-06"
"Springfield, IN",2025-02-06,,2025-02-07,2025-02-07,2500323,2025-02-07,3045351,,Closed,Urgent,Repair,HVAC Repairs,Brandon Davis,USPS,1.0,0-30,Closed,Closed,"Springfield, IN|2025-02-06"
"Bristol, WY",2025-02-07,2025-03-04,2025-03-06,2025-03-09,2502681,2025-03-09,3047825,275.0,Closed,Urgent,Repair,Building Repairs,Ashley Thompson,USPS,30.0,0-30,Closed,Closed,"Bristol, WY|2025-02-07"
"Bristol, WY",2025-02-07,2025-02-27,2025-02-28,2025-03-02,2502681,2025-03-05,3047809,250.0,Closed,Urgent,Repair,Electrical Repairs,Ashley Thompson,USPS,26.0,0-30,Closed,Closed,"Bristol, WY|2025-02-07"
"Columbia, MO",2025-02-07,2025-02-10,2025-03-09,2025-03-18,2500836,2025-06-10,3045843,,Closed,Normal,Repair,Roof Repair,Sarah Williams,USPS,123.0,90+,Closed,Closed,"Columbia, MO|2025-02-07"
"Columbia, MO",2025-02-07,2025-02-11,2025-02-27,2025-02-27,2501826,2025-06-25,3046880,460.86,Closed,Urgent,Repair,HVAC Repairs,Brandon Davis,USPS,138.0,90+,Closed,Closed,"Columbia, MO|2025-02-07"
"Dover, AK",2025-02-07,,,,,,,,Closed,Urgent,Repair,Misc. Repairs,Ashley Thompson,Internal,439.0,90+,Closed,Closed,"Dover, AK|2025-02-07"
"Dover, NH",2025-02-07,2025-03-04,2025-03-05,2025-03-06,2499960,2025-03-26,3044889,400.0,Closed,Normal,Repair,Paving (Repair),Sarah Williams,USPS,47.0,31-60,Closed,Closed,"Dover, NH|2025-02-07"
"Madison, MS",2025-02-07,2025-02-10,2025-02-11,2025-02-11,2502074,2025-03-09,3047192,150.0,Closed,Urgent,Repair,HVAC Repairs,Ashley Thompson,USPS,30.0,0-30,Closed,Closed,"Madison, MS|2025-02-07"
"Oakland, MI",2025-02-07,2025-02-10,2025-02-19,2025-02-27,2501979,2025-02-27,3046923,0.0,Closed,Urgent,Repair,Doors,Ashley Thompson,USPS,20.0,0-30,Closed,Closed,"Oakland, MI|2025-02-07"
"Centerville, SC",2025-02-08,2025-02-11,2025-02-12,2025-02-25,2502386,2025-04-03,3047517,175.0,Closed,Urgent,Repair,Ceiling Tiles,Ashley Thompson,USPS,54.0,31-60,Closed,Closed,"Centerville, SC|2025-02-08"
"Anderson, MA",2025-02-10,2025-02-08,2025-02-08,,,2025-06-26,,614.54,Closed,Urgent,Repair,HVAC Repairs,Kevin Miller,Internal,136.0,90+,Closed,Closed,"Anderson, MA|2025-02-10"
"Bloomington, AL",2025-02-10,2025-02-11,,,,,,342.0,Payment,Urgent,Repair,Pest Control,Ashley Thompson,Internal,436.0,90+,Financial Processing,Open,"Bloomington, AL|2025-02-10"
"Bloomington, MD",2025-02-10,,,,2497693,,3042616,400.0,Assigned,Urgent,Repair,Roof Repair,Brandon Davis,USPS,436.0,90+,Not Started,Open,"Bloomington, MD|2025-02-10"
"Bloomington, MD",2025-02-10,2025-02-24,2025-02-24,2025-02-24,2498934,2025-04-03,3043962,400.0,Closed,Urgent,Repair,Snow Removal,Brandon Davis,USPS,52.0,31-60,Closed,Closed,"Bloomington, MD|2025-02-10"
"Bloomington, MD",2025-02-10,2025-05-28,2025-07-14,,2497693,2025-09-02,3042615,2500.0,Closed,Urgent,Repair,Roof Repair,Brandon Davis,USPS,204.0,90+,Closed,Closed,"Bloomington, MD|2025-02-10"
"Bristol, ME",2025-02-10,2025-04-15,2025-04-17,2025-05-05,2463024,2025-06-10,3006490,225.0,Closed,Urgent,Repair,Concrete,Kevin Miller,USPS,120.0,90+,Closed,Closed,"Bristol, ME|2025-02-10"
"Bristol, SC",2025-02-10,,,2025-02-18,2395732,2025-02-18,2935880,,Closed,Urgent,Repair,Painting,Kevin Miller,USPS,8.0,0-30,Closed,Closed,"Bristol, SC|2025-02-10"
"Clayton, CO",2025-02-10,,2025-04-02,2025-04-06,,2025-08-25,,0.0,Closed,Low,Repair,Drive Thru,Mike Johnson,Internal,196.0,90+,Closed,Closed,"Clayton, CO|2025-02-10"
"Clayton, OH",2025-02-10,2025-02-11,2025-02-24,2025-02-25,2500645,2025-04-03,3045669,,Closed,Urgent,Repair,Plumbing,Brandon Davis,USPS,52.0,31-60,Closed,Closed,"Clayton, OH|2025-02-10"
"Clinton, AR",2025-02-10,,,,,2025-09-01,,500.0,Closed,Urgent,Repair,Misc. Repairs,Ashley Thompson,Internal,203.0,90+,Closed,Closed,"Clinton, AR|2025-02-10"
"Fairview, MS",2025-02-10,,,2025-02-26,2501502,2025-02-26,3046576,0.0,Closed,Normal,Repair,Roof Repair,Kevin Miller,USPS,16.0,0-30,Closed,Closed,"Fairview, MS|2025-02-10"
"Florence, MT",2025-02-10,2025-02-27,2025-02-28,2025-03-02,2502156,2025-04-01,3047247,,Closed,Normal,Repair,Roof Repair,Sarah Williams,USPS,50.0,31-60,Closed,Closed,"Florence, MT|2025-02-10"
"Georgetown, ME",2025-02-10,2025-01-01,2025-02-05,,,2025-02-12,,350.0,Closed,Urgent,Repair,HVAC PM,Ashley Thompson,Internal,2.0,0-30,Closed,Closed,"Georgetown, ME|2025-02-10"
"Georgetown, NJ",2025-02-10,2025-02-13,2025-02-18,2025-02-26,2502262,2025-04-03,3047373,125.0,Closed,Urgent,Repair,Electrical Repairs,Brandon Davis,USPS,52.0,31-60,Closed,Closed,"Georgetown, NJ|2025-02-10"
"Greenville, AR",2025-02-10,2025-02-28,2025-03-13,2025-03-31,2503063,2025-06-24,3048250,182.0,Closed,Normal,Repair,Ceiling Tiles,Sarah Williams,USPS,134.0,90+,Closed,Closed,"Greenville, AR|2025-02-10"
"Greenville, AR",2025-02-10,2025-02-10,2025-02-11,2025-02-25,2503063,2025-02-25,3048308,,Closed,Normal,Repair,Roof Repair,Sarah Williams,USPS,15.0,0-30,Closed,Closed,"Greenville, AR|2025-02-10"
"Hudson, AR",2025-02-10,,,2025-03-05,2502358,2025-03-05,3047503,,Closed,Normal,Repair,Roof Repair,Sarah Williams,USPS,23.0,0-30,Closed,Closed,"Hudson, AR|2025-02-10"
"Hudson, CA",2025-02-10,,,2025-10-07,2503415,2025-10-12,3048584,450.0,Closed,Normal,Repair,Roof Repair,Sarah Williams,USPS,244.0,90+,Closed,Closed,"Hudson, CA|2025-02-10"
"Hudson, CA",2025-02-10,,,2025-03-12,2503415,2025-03-26,3048625,,Closed,Normal,Repair,Structural,Sarah Williams,USPS,44.0,31-60,Closed,Closed,"Hudson, CA|2025-02-10"
"Hudson, FL",2025-02-10,2025-02-18,2025-03-02,2025-03-05,,2025-04-03,,200.0,Closed,Normal,Repair,Electrical Repairs,Brandon Davis,Internal,52.0,31-60,Closed,Closed,"Hudson, FL|2025-02-10"
"Madison, RI",2025-02-10,2025-03-20,2025-05-11,2025-05-12,,2025-06-15,,33425.0,Closed,Normal,Repair,Roof Replacement - Flat,Kevin Miller,Internal,125.0,90+,Closed,Closed,"Madison, RI|2025-02-10"
"Manchester, AR",2025-02-10,2025-02-19,2025-03-06,2025-06-23,2503119,2025-07-16,3048280,,Closed,Urgent,Repair,Roof Repair,Kevin Miller,USPS,156.0,90+,Closed,Closed,"Manchester, AR|2025-02-10"
"Oakland, IA",2025-02-10,2025-02-10,2025-02-14,2025-02-14,2503735,2025-04-03,3048916,387.69,Closed,Emergency,Repair,HVAC Repairs,Mike Johnson,USPS,52.0,31-60,Closed,Closed,"Oakland, IA|2025-02-10"
"Springfield, AR",2025-02-10,2025-04-15,,,2441502,,2983591,500.0,Assigned,Normal,Repair,Sidewalk (Repair),Kevin Miller,USPS,436.0,90+,Not Started,Open,"Springfield, AR|2025-02-10"
"Springfield, AR",2025-02-10,2025-04-15,,,2443059,,2985239,200.0,Assigned,Normal,Repair,Painting,Kevin Miller,USPS,436.0,90+,Not Started,Open,"Springfield, AR|2025-02-10"
"Springfield, AR",2025-02-10,,,2025-04-14,2443059,2025-04-14,2985259,,Closed,Normal,Repair,Painting,Kevin Miller,USPS,63.0,61-90,Closed,Closed,"Springfield, AR|2025-02-10"
"Franklin, LA",2025-02-11,,,,,2025-02-12,,5.0,Closed,Urgent,Repair,HVAC PM,Ashley Thompson,Internal,1.0,0-30,Closed,Closed,"Franklin, LA|2025-02-11"
"Springfield, AK",2025-02-11,2025-02-12,2025-02-19,2025-02-20,2502884,2025-02-27,3048075,737.55,Closed,Urgent,Repair,Plumbing,Ashley Thompson,USPS,16.0,0-30,Closed,Closed,"Springfield, AK|2025-02-11"
"Anderson, WY",2025-02-12,,2025-02-18,2025-02-18,2503833,2025-02-18,3049076,,Closed,Urgent,Repair,Electrical Repairs,Brandon Davis,USPS,6.0,0-30,Closed,Closed,"Anderson, WY|2025-02-12"
"Bristol, SC",2025-02-12,2025-02-18,2025-02-19,2025-02-19,2503854,2025-02-21,3049095,90.0,Closed,Urgent,Repair,Building Repairs,Kevin Miller,USPS,9.0,0-30,Closed,Closed,"Bristol, SC|2025-02-12"
"Centerville, SC",2025-02-12,2025-02-12,2025-02-12,2025-02-25,,2025-04-03,,500.0,Closed,Urgent,Repair,Gutters,Ashley Thompson,Internal,50.0,31-60,Closed,Closed,"Centerville, SC|2025-02-12"
"Dayton, GA",2025-02-12,,2025-09-29,2025-10-02,2503298,,3048410,10000.0,Payment,Urgent,Repair,Roof Replacement - Flat,Brandon Davis,USPS,434.0,90+,Financial Processing,Open,"Dayton, GA|2025-02-12"
"Dover, AL",2025-02-12,2025-04-02,2025-04-30,,,2025-06-10,,908.0,Closed,Urgent,Repair,Roof Repair,Mike Johnson,Internal,118.0,90+,Closed,Closed,"Dover, AL|2025-02-12"
"Farmington, SC",2025-02-12,,,,,2025-05-08,,,Closed,Normal,Repair,HVAC Replacement,Kevin Miller,Internal,85.0,61-90,Closed,Closed,"Farmington, SC|2025-02-12"
"Georgetown, SD",2025-02-12,2025-04-23,2025-07-09,2025-07-10,2503477,2025-07-16,3048672,24804.0,Closed,Urgent,Repair,Roof Replacement - Flat,Mike Johnson,USPS,154.0,90+,Closed,Closed,"Georgetown, SD|2025-02-12"
"Hamilton, WA",2025-02-12,,2025-02-14,,,2025-05-21,,1000.0,Closed,Urgent,Repair,Structural,Brandon Davis,Internal,98.0,90+,Closed,Closed,"Hamilton, WA|2025-02-12"
"Lancaster, PA",2025-02-12,,2025-05-11,2025-05-20,2503694,2025-05-20,3048830,,Closed,Urgent,Repair,Roof Repair,Brandon Davis,USPS,97.0,90+,Closed,Closed,"Lancaster, PA|2025-02-12"
"Lexington, CO",2025-02-12,2025-02-12,2025-02-13,2025-02-13,2504846,2025-07-08,3050153,290.0,Closed,Emergency,Repair,Plumbing,Sarah Williams,USPS,146.0,90+,Closed,Closed,"Lexington, CO|2025-02-12"
"Mount Vernon, TX",2025-02-12,2025-02-13,2025-02-17,2025-02-18,2503456,2025-03-05,3048653,150.0,Closed,Urgent,Repair,Plumbing,Ashley Thompson,USPS,21.0,0-30,Closed,Closed,"Mount Vernon, TX|2025-02-12"
"Oakland, MI",2025-02-12,2025-02-12,2025-02-12,2025-02-13,2503765,2025-03-09,3048993,2647.04,Closed,Emergency,Repair,HVAC Repairs,Mike Johnson,USPS,25.0,0-30,Closed,Closed,"Oakland, MI|2025-02-12"
"Salem, PA",2025-02-12,2025-02-12,2025-02-12,2025-02-21,2504857,2025-04-03,3050145,860.0,Closed,Emergency,Repair,HVAC Repairs,Mike Johnson,USPS,50.0,31-60,Closed,Closed,"Salem, PA|2025-02-12"
"Springfield, AK",2025-02-12,,,,,2025-07-20,,,Closed,Urgent,Repair,HVAC PM,Ashley Thompson,Internal,158.0,90+,Closed,Closed,"Springfield, AK|2025-02-12"
"Auburn, NH",2025-02-13,2025-05-29,2025-06-09,2025-06-18,na,2025-07-10,na,230.0,Closed,Urgent,Repair,Roof Repair,Kevin Miller,USPS,147.0,90+,Closed,Closed,"Auburn, NH|2025-02-13"
"Canton, WV",2025-02-13,2025-04-28,,,2502979,,3048072,500.0,Assigned,Urgent,Repair,Flooring,Brandon Davis,USPS,433.0,90+,Not Started,Open,"Canton, WV|2025-02-13"
"Columbia, HI",2025-02-13,,2025-03-04,,na,2025-04-07,na,0.0,Closed,Normal,Repair,Structural,Mike Johnson,USPS,53.0,31-60,Closed,Closed,"Columbia, HI|2025-02-13"
"Georgetown, IL",2025-02-13,,,,,2025-04-03,,,Closed,Normal,Repair,Roof Replacement - Shingle,Kevin Miller,Internal,49.0,31-60,Closed,Closed,"Georgetown, IL|2025-02-13"
"Madison, NE",2025-02-13,2025-02-14,2025-02-18,2025-02-18,2504063,2025-02-21,3049282,150.0,Closed,Urgent,Repair,Doors,Ashley Thompson,USPS,8.0,0-30,Closed,Closed,"Madison, NE|2025-02-13"
"Mount Vernon, KS",2025-02-13,2025-02-26,2025-04-20,2025-04-23,2504521,2025-05-01,3049787,140.0,Closed,Normal,Repair,Gutters,Kevin Miller,USPS,77.0,61-90,Closed,Closed,"Mount Vernon, KS|2025-02-13"
"Mount Vernon, MA",2025-02-13,2025-02-24,2025-02-24,2025-02-27,2504527,2025-06-15,3049814,450.0,Closed,Urgent,Repair,Doors,Kevin Miller,USPS,122.0,90+,Closed,Closed,"Mount Vernon, MA|2025-02-13"
"Mount Vernon, TX",2025-02-13,,,,,,,,Closed,Urgent,Repair,Painting,Ashley Thompson,Internal,433.0,90+,Closed,Closed,"Mount Vernon, TX|2025-02-13"
"Oakland, NV",2025-02-13,2025-09-24,2025-09-30,2025-10-01,2503275,,3048475,350.0,Payment,Urgent,Repair,Electrical Repairs,Jessica Martin,USPS,433.0,90+,Financial Processing,Open,"Oakland, NV|2025-02-13"
"Plymouth, CO",2025-02-13,2025-02-14,2025-04-20,2025-05-11,2504305,2025-05-31,3049541,750.0,Closed,Urgent,Repair,Roof Repair,Brandon Davis,USPS,107.0,90+,Closed,Closed,"Plymouth, CO|2025-02-13"
"Plymouth, CO",2025-02-13,2025-02-14,2025-04-27,,2504337,,3049565,,Closed,Urgent,Repair,Roof Repair,Brandon Davis,USPS,433.0,90+,Closed,Closed,"Plymouth, CO|2025-02-13"
"Clinton, ME",2025-02-14,2025-02-21,2025-02-25,2025-03-04,2504102,2025-03-12,3049334,450.0,Closed,Urgent,Repair,Plumbing,Ashley Thompson,USPS,26.0,0-30,Closed,Closed,"Clinton, ME|2025-02-14"
"Danville, OR",2025-02-14,2025-06-09,2025-07-17,2025-10-09,2504173,,3049406,1650.0,Payment,Normal,Repair,Roof Repair,Kevin Miller,USPS,432.0,90+,Financial Processing,Open,"Danville, OR|2025-02-14"
"Fairview, NY",2025-02-14,2025-03-17,2025-04-03,2025-04-14,2503178,2025-06-10,3048348,170.0,Closed,Urgent,Repair,Misc. Repairs,Kevin Miller,USPS,116.0,90+,Closed,Closed,"Fairview, NY|2025-02-14"
"Madison, NH",2025-02-14,2025-02-14,2025-02-14,2025-02-18,2505764,2025-05-31,3051113,128.8,Closed,Urgent,Repair,HVAC Repairs,Ashley Thompson,USPS,106.0,90+,Closed,Closed,"Madison, NH|2025-02-14"
"Columbia, TN",2025-02-17,2025-02-18,2025-02-25,2025-03-04,2505278,2025-09-18,3050582,300.0,Closed,Urgent,Repair,Roof Repair,Ashley Thompson,USPS,213.0,90+,Closed,Closed,"Columbia, TN|2025-02-17"
"Rockville, NY",2025-02-17,,,,,2025-06-10,,1500.0,Closed,Normal,Repair,Roof Repair,Sarah Williams,Internal,113.0,90+,Closed,Closed,"Rockville, NY|2025-02-17"
"Auburn, VT",2025-02-18,,,,,2025-06-11,,750.0,Closed,Urgent,Repair,Roof Repair,Ashley Thompson,Internal,113.0,90+,Closed,Closed,"Auburn, VT|2025-02-18"
"Danville, NM",2025-02-18,2025-02-21,2025-03-26,2025-03-26,2504580,2025-06-10,3049880,,Closed,Urgent,Repair,Roof Repair,Brandon Davis,USPS,112.0,90+,Closed,Closed,"Danville, NM|2025-02-18"
"Fairview, AL",2025-02-18,2025-04-23,2025-05-21,,2504076,2025-07-01,3049299,25685.1,Closed,Normal,Repair,Roof Replacement - Flat,Sarah Williams,USPS,133.0,90+,Closed,Closed,"Fairview, AL|2025-02-18"
"Farmington, SC",2025-02-18,2025-02-19,2025-02-19,2025-02-20,2504924,2025-02-27,3050235,100.0,Closed,Urgent,Repair,Plumbing,Ashley Thompson,USPS,9.0,0-30,Closed,Closed,"Farmington, SC|2025-02-18"
"Mount Vernon, WV",2025-02-18,2025-02-24,2025-02-28,2025-03-02,2505551,2025-03-26,3050877,771.0,Closed,Urgent,Repair,Plumbing,Ashley Thompson,USPS,36.0,31-60,Closed,Closed,"Mount Vernon, WV|2025-02-18"
"Norwood, IA",2025-02-18,,2025-02-18,,,2025-02-18,,0.0,Closed,Low,Repair,Roof Replacement - Flat,Mike Johnson,Internal,0.0,0-30,Closed,Closed,"Norwood, IA|2025-02-18"
"Oakland, WV",2025-02-18,2025-09-09,,,2504613,,3049868,500.0,Contracted,Urgent,Repair,Concrete,Ashley Thompson,USPS,428.0,90+,In Progress,Open,"Oakland, WV|2025-02-18"
"Rockville, NM",2025-02-18,2025-03-18,2025-03-21,,2505873,2025-07-06,3051226,800.0,Closed,Urgent,Repair,Roof Repair,Ashley Thompson,USPS,138.0,90+,Closed,Closed,"Rockville, NM|2025-02-18"
"Danville, MA",2025-02-19,2025-03-19,2025-03-23,2025-07-01,2505774,2025-07-14,3051123,,Closed,Urgent,Repair,Concrete,Brandon Davis,USPS,145.0,90+,Closed,Closed,"Danville, MA|2025-02-19"
"Danville, MA",2025-02-19,2025-06-16,2025-07-06,2025-07-07,2504622,,3049828,1000.0,Payment,Urgent,Repair,Paving (Repair),Brandon Davis,USPS,427.0,90+,Financial Processing,Open,"Danville, MA|2025-02-19"
"Greenville, NC",2025-02-19,2025-02-18,2025-02-20,,na,2025-02-20,,110.92,Closed,Urgent,Repair,Misc. Repairs,Mike Johnson,USPS,1.0,0-30,Closed,Closed,"Greenville, NC|2025-02-19"
"Hamilton, WA",2025-02-19,2025-04-02,2025-04-06,,,2025-04-14,,,Closed,Urgent,Repair,Building Repairs,Brandon Davis,Internal,54.0,31-60,Closed,Closed,"Hamilton, WA|2025-02-19"
"Hamilton, WA",2025-02-19,2025-04-02,2025-04-06,,,2025-04-30,,,Closed,Urgent,Repair,Masonry,Brandon Davis,Internal,70.0,61-90,Closed,Closed,"Hamilton, WA|2025-02-19"
"Kingston, NE",2025-02-19,2025-03-13,2025-05-29,2025-05-29,2500534,2025-07-09,3045971,11000.0,Closed,Urgent,Repair,HVAC Repairs,Brandon Davis,USPS,140.0,90+,Closed,Closed,"Kingston, NE|2025-02-19"
"Madison, KS",2025-02-19,2025-02-20,2025-02-20,2025-02-21,2505864,2025-02-27,3051204,145.25,Closed,Urgent,Repair,Plumbing,Ashley Thompson,USPS,8.0,0-30,Closed,Closed,"Madison, KS|2025-02-19"
"Marion, KY",2025-02-19,2025-02-19,2025-03-11,2025-03-17,2504789,2025-04-03,3050114,300.0,Closed,Normal,Repair,Roof Repair,Kevin Miller,USPS,43.0,31-60,Closed,Closed,"Marion, KY|2025-02-19"
"Winchester, UT",2025-02-19,2025-02-27,2025-03-03,2025-03-23,2505729,2025-06-10,3051084,,Closed,Normal,Repair,Roof Repair,Sarah Williams,USPS,111.0,90+,Closed,Closed,"Winchester, UT|2025-02-19"
"Carrollton, IL",2025-02-20,2025-03-30,2025-04-06,,,2025-04-16,,30.0,Closed,Urgent,Repair,HVAC Repairs,Ashley Thompson,Internal,55.0,31-60,Closed,Closed,"Carrollton, IL|2025-02-20"
"Hamilton, WA",2025-02-20,2025-03-20,2025-04-11,2025-04-13,2505416,2025-04-30,3050689,5866.0,Closed,Normal,Repair,Flooring,Mike Johnson,USPS,69.0,61-90,Closed,Closed,"Hamilton, WA|2025-02-20"
"Madison, KS",2025-02-20,,,,,2025-03-02,,,Closed,Urgent,Repair,Plumbing,Ashley Thompson,Internal,10.0,0-30,Closed,Closed,"Madison, KS|2025-02-20"
"Georgetown, IL",2025-02-21,2025-02-24,2025-03-05,2025-03-10,2506296,2025-03-12,3051708,250.0,Closed,Urgent,Repair,Plumbing,Ashley Thompson,USPS,19.0,0-30,Closed,Closed,"Georgetown, IL|2025-02-21"
"Hudson, MO",2025-02-21,,,,,2025-07-10,,0.0,Closed,Urgent,Repair,Roof Replacement - Flat,Mike Johnson,Internal,139.0,90+,Closed,Closed,"Hudson, MO|2025-02-21"
"Hudson, MO",2025-02-21,,,,na,2025-07-10,na,0.0,Closed,Urgent,Repair,HVAC Replacement,Mike Johnson,USPS,139.0,90+,Closed,Closed,"Hudson, MO|2025-02-21"
"Jackson, ID",2025-02-21,,,,,2025-04-03,,,Closed,Normal,Repair,Ceiling Tiles,Kevin Miller,Internal,41.0,31-60,Closed,Closed,"Jackson, ID|2025-02-21"
"Oakland, MI",2025-02-21,2025-03-26,2025-04-02,2025-04-10,2506444,2025-06-10,3051842,695.0,Closed,Urgent,Repair,Plumbing,Kevin Miller,USPS,109.0,90+,Closed,Closed,"Oakland, MI|2025-02-21"
"Carrollton, IN",2025-02-22,,,,2506872,2025-03-09,3052344,,Closed,Urgent,Repair,Concrete,Ashley Thompson,USPS,15.0,0-30,Closed,Closed,"Carrollton, IN|2025-02-22"
"Carrollton, IN",2025-02-22,2025-06-16,2025-07-30,2025-08-06,2506620,2025-09-11,3052100,3175.0,Closed,Urgent,Repair,Paving (Repair),Ashley Thompson,USPS,201.0,90+,Closed,Closed,"Carrollton, IN|2025-02-22"
"Cleveland, OR",2025-02-22,2025-02-25,2025-02-26,2025-02-27,2507257,2025-03-09,3052709,250.0,Closed,Urgent,Repair,Doors,Ashley Thompson,USPS,15.0,0-30,Closed,Closed,"Cleveland, OR|2025-02-22"
"Dover, KS",2025-02-22,2025-02-28,2025-03-06,2025-03-12,2507000,2025-03-26,3052411,75.0,Closed,Urgent,Repair,Doors,Ashley Thompson,USPS,32.0,31-60,Closed,Closed,"Dover, KS|2025-02-22"
"Franklin, LA",2025-02-22,2025-02-27,2025-03-02,2025-03-05,2507103,2025-03-26,3052633,132.61,Closed,Urgent,Repair,Plumbing,Ashley Thompson,USPS,32.0,31-60,Closed,Closed,"Franklin, LA|2025-02-22"
"Bristol, WY",2025-02-24,2025-02-25,2025-02-27,,2357821,2025-07-02,2896363,150.0,Closed,Urgent,Repair,Plumbing,Ashley Thompson,USPS,128.0,90+,Closed,Closed,"Bristol, WY|2025-02-24"
"Carrollton, IN",2025-02-24,2025-03-30,2025-04-26,2025-05-04,2506620,2025-07-16,3052099,614.1,Closed,Urgent,Repair,Roof Repair,Kevin Miller,USPS,142.0,90+,Closed,Closed,"Carrollton, IN|2025-02-24"
"Danville, NM",2025-02-24,2025-04-23,2025-04-24,2025-05-06,2506655,2025-06-10,3052063,575.0,Closed,Emergency,Repair,Roof Repair,Kevin Miller,USPS,106.0,90+,Closed,Closed,"Danville, NM|2025-02-24"
"Danville, NM",2025-02-24,,2025-03-04,,na,2025-03-04,na,0.0,Closed,Urgent,Repair,Paving (Replacement),Mike Johnson,USPS,8.0,0-30,Closed,Closed,"Danville, NM|2025-02-24"
"Norwood, GA",2025-02-24,2025-02-24,2025-02-27,2025-03-02,2506769,2025-03-10,3052245,81.6,Closed,Normal,Repair,HVAC Repairs,Sarah Williams,USPS,14.0,0-30,Closed,Closed,"Norwood, GA|2025-02-24"
"Plymouth, CA",2025-02-24,,2025-02-22,2025-03-02,2506697,2025-06-11,3052160,,Closed,Normal,Repair,Doors,Sarah Williams,USPS,107.0,90+,Closed,Closed,"Plymouth, CA|2025-02-24"
"Rockville, MS",2025-02-24,2025-03-31,2025-04-13,2025-04-21,2508263,,3053831,5200.0,Closed,Normal,Repair,Drive Thru,Sarah Williams,USPS,422.0,90+,Closed,Closed,"Rockville, MS|2025-02-24"
"Rockville, MS",2025-02-24,2025-02-24,2025-02-24,2025-02-25,2508263,2025-03-09,3053831,344.42,Closed,Emergency,Repair,Drive Thru,Mike Johnson,USPS,13.0,0-30,Closed,Closed,"Rockville, MS|2025-02-24"
"Anderson, MN",2025-02-25,2025-03-09,2025-03-18,2025-03-18,2507738,2025-03-26,3053226,330.0,Closed,Urgent,Repair,Roof Repair,Ashley Thompson,USPS,29.0,0-30,Closed,Closed,"Anderson, MN|2025-02-25"
"Danville, TN",2025-02-25,2025-04-14,2025-08-01,2025-08-03,2499319,2025-08-18,3044262,450.0,Closed,Normal,Repair,Drive Thru,Sarah Williams,USPS,174.0,90+,Closed,Closed,"Danville, TN|2025-02-25"
"Greenville, AR",2025-02-25,,2025-02-11,2025-02-25,2498885,2025-02-25,3043779,,Closed,Normal,Repair,Roof Repair,Sarah Williams,USPS,0.0,0-30,Closed,Closed,"Greenville, AR|2025-02-25"
"Jackson, OH",2025-02-25,,,2025-02-27,2372339,2025-02-27,2911429,0.0,Closed,Normal,Repair,Doors,Kevin Miller,USPS,2.0,0-30,Closed,Closed,"Jackson, OH|2025-02-25"
"Lexington, CO",2025-02-25,2025-02-25,2025-02-25,2025-02-25,2508482,2025-07-08,3054041,150.0,Closed,Emergency,Repair,Plumbing,Sarah Williams,USPS,133.0,90+,Closed,Closed,"Lexington, CO|2025-02-25"
"Lexington, CO",2025-02-25,2025-02-26,2025-02-27,2025-02-27,2508005,2025-03-12,3053564,118.0,Closed,Urgent,Repair,HVAC Repairs,Ashley Thompson,USPS,15.0,0-30,Closed,Closed,"Lexington, CO|2025-02-25"
"Lexington, CO",2025-02-25,,,,2507920,,3053464,,Closed,Urgent,Repair,Utilities,Ashley Thompson,USPS,421.0,90+,Closed,Closed,"Lexington, CO|2025-02-25"
"Bloomington, OK",2025-02-26,2025-05-04,2025-06-07,2025-07-12,2475596,2025-07-16,3019560,1031.0,Closed,Normal,Repair,Masonry,Sarah Williams,USPS,140.0,90+,Closed,Closed,"Bloomington, OK|2025-02-26"
"Danville, IN",2025-02-26,,,2025-04-22,2508109,2025-04-22,3053665,,Closed,Urgent,Repair,Misc. Repairs,Kevin Miller,USPS,55.0,31-60,Closed,Closed,"Danville, IN|2025-02-26"
"Dayton, AZ",2025-02-26,,,,2506662,,3052068,3000.0,Assigned,Urgent,Repair,Flooring,Brandon Davis,USPS,420.0,90+,Not Started,Open,"Dayton, AZ|2025-02-26"
"Edison, WA",2025-02-26,2025-02-28,2025-03-12,2025-03-19,2507829,2025-04-03,3053385,100.0,Closed,Normal,Repair,Plumbing,Sarah Williams,USPS,36.0,31-60,Closed,Closed,"Edison, WA|2025-02-26"
"Farmington, PA",2025-02-26,2025-03-17,2025-03-31,2025-03-31,,2025-06-15,,1973.35,Closed,Urgent,Repair,Misc. Repairs,Kevin Miller,Internal,109.0,90+,Closed,Closed,"Farmington, PA|2025-02-26"
"Lancaster, VA",2025-02-26,,,,2507586,,3053090,1000.0,Assigned,Urgent,Repair,Doors,Brandon Davis,USPS,420.0,90+,Not Started,Open,"Lancaster, VA|2025-02-26"
"Lexington, CO",2025-02-26,,,2025-03-10,2508067,2025-03-10,3053626,0.0,Closed,Normal,Repair,HVAC Repairs,Kevin Miller,USPS,12.0,0-30,Closed,Closed,"Lexington, CO|2025-02-26"
"Lexington, CO",2025-02-26,2025-04-01,2025-06-11,2025-06-11,2508048,2025-07-13,3053605,671.0,Closed,Normal,Repair,Building Repairs,Kevin Miller,USPS,137.0,90+,Closed,Closed,"Lexington, CO|2025-02-26"
"Milton, MO",2025-02-26,2025-03-09,2025-03-10,2025-03-10,2507554,2025-03-11,3053076,,Closed,Urgent,Repair,Plumbing,Brandon Davis,USPS,13.0,0-30,Closed,Closed,"Milton, MO|2025-02-26"
"Mount Vernon, TX",2025-02-26,,,,2501726,,3046809,,Closed,Urgent,Repair,Plumbing,Ashley Thompson,USPS,420.0,90+,Closed,Closed,"Mount Vernon, TX|2025-02-26"
"Winchester, NY",2025-02-26,,2025-03-03,2025-03-12,2507190,2025-04-03,3052739,100.0,Closed,Normal,Repair,Roof Repair,Sarah Williams,USPS,36.0,31-60,Closed,Closed,"Winchester, NY|2025-02-26"
"Centerville, RI",2025-02-28,2025-04-17,2025-04-22,2025-04-28,2509641,2025-05-12,3055241,2300.0,Closed,Urgent,Repair,HVAC Repairs,Ashley Thompson,USPS,73.0,61-90,Closed,Closed,"Centerville, RI|2025-02-28"
"Columbia, TX",2025-03-01,2025-03-13,2025-03-16,2025-03-19,2509982,2025-04-03,3055564,250.0,Closed,Urgent,Repair,Building Repairs,Ashley Thompson,USPS,33.0,31-60,Closed,Closed,"Columbia, TX|2025-03-01"
"Danville, MA",2025-03-01,2025-03-01,2025-03-02,2025-03-10,2509833,2025-05-31,3055432,1081.42,Closed,Urgent,Repair,HVAC Repairs,Mike Johnson,USPS,91.0,90+,Closed,Closed,"Danville, MA|2025-03-01"
"Albany, AL",2025-03-02,,2025-03-02,2025-03-02,2508869,2025-03-02,3054517,,Closed,Urgent,Repair,Electrical Repairs,Brandon Davis,USPS,0.0,0-30,Closed,Closed,"Albany, AL|2025-03-02"
"Anderson, WY",2025-03-02,2025-05-20,,,2509140,,3054756,500.0,Contracted,Normal,Repair,Building Repairs,Kevin Miller,USPS,416.0,90+,In Progress,Open,"Anderson, WY|2025-03-02"
"Bloomington, OK",2025-03-02,2025-04-15,2025-06-10,,na,2025-09-18,na,875.0,Closed,Normal,Repair,HVAC PM,Mike Johnson,USPS,200.0,90+,Closed,Closed,"Bloomington, OK|2025-03-02"
"Farmington, MT",2025-03-02,,,2025-03-04,2509268,,3054843,,Closed,Urgent,Repair,Structural,Brandon Davis,USPS,416.0,90+,Closed,Closed,"Farmington, MT|2025-03-02"
"Farmington, MT",2025-03-02,2025-10-14,,,2509269,,3054844,800.0,Contracted,Urgent,Repair,Concrete,Brandon Davis,USPS,416.0,90+,In Progress,Open,"Farmington, MT|2025-03-02"
"Franklin, DE",2025-03-02,2025-06-16,2025-06-19,2025-07-22,2510037,2025-09-21,3055617,500.0,Closed,Normal,Repair,Roof Repair,Sarah Williams,USPS,203.0,90+,Closed,Closed,"Franklin, DE|2025-03-02"
"Jackson, ID",2025-03-02,,2025-03-02,2025-03-02,2508845,2025-03-02,3054439,,Closed,Urgent,Repair,Electrical Repairs,Brandon Davis,USPS,0.0,0-30,Closed,Closed,"Jackson, ID|2025-03-02"
"Marion, MT",2025-03-02,2025-03-26,2025-04-04,2025-04-18,2510066,2025-04-30,3055684,600.0,Closed,Normal,Repair,Electrical Repairs,Sarah Williams,USPS,59.0,31-60,Closed,Closed,"Marion, MT|2025-03-02"
"Oakland, OK",2025-03-02,2025-04-09,2025-06-25,2025-07-22,2509053,2025-07-27,3054683,500.0,Closed,Normal,Repair,Roof Repair,Sarah Williams,USPS,147.0,90+,Closed,Closed,"Oakland, OK|2025-03-02"
"Troy, OH",2025-03-02,,,2025-03-10,2505792,2025-03-11,3051148,,Closed,Normal,Repair,Roof Repair,Sarah Williams,USPS,9.0,0-30,Closed,Closed,"Troy, OH|2025-03-02"
"Farmington, AZ",2025-03-03,2025-03-05,2025-03-06,,,,,119.53,Closed,Urgent,Repair,Plumbing,Ashley Thompson,Internal,415.0,90+,Closed,Closed,"Farmington, AZ|2025-03-03"
"Greenville, NC",2025-03-03,2025-06-18,2025-08-05,,,,,17000.0,Completed,Urgent,Repair,Misc. Repairs,Brandon Davis,Internal,415.0,90+,Completed Not Paid,Open,"Greenville, NC|2025-03-03"
"Edison, GA",2025-03-04,,,,,,,507.0,Closed,Urgent,Repair,Doors,Ashley Thompson,Internal,414.0,90+,Closed,Closed,"Edison, GA|2025-03-04"
"Auburn, CT",2025-03-05,2025-09-18,,,2511083,,3056670,11200.0,Contracted,Urgent,Repair,Roof Repair,Kevin Miller,USPS,413.0,90+,In Progress,Open,"Auburn, CT|2025-03-05"
"Greenville, NC",2025-03-05,2025-03-02,2025-03-05,,,2025-04-03,,450.0,Closed,Urgent,Repair,HVAC Repairs,Brandon Davis,Internal,29.0,0-30,Closed,Closed,"Greenville, NC|2025-03-05"
"Lexington, CO",2025-03-05,2025-02-26,2025-03-02,,,2025-03-12,,90.0,Closed,Urgent,Repair,HVAC PM,Ashley Thompson,Internal,7.0,0-30,Closed,Closed,"Lexington, CO|2025-03-05"
"Milton, ME",2025-03-05,2025-04-08,2025-04-30,2025-05-01,2510710,2025-06-08,3056360,48637.0,Closed,Urgent,Repair,Vandalism,Mike Johnson,USPS,95.0,90+,Closed,Closed,"Milton, ME|2025-03-05"
"Norwood, OR",2025-03-05,2025-03-09,2025-03-20,2025-04-02,2510707,2025-05-12,3056284,250.0,Closed,Normal,Repair,Roof Repair,Kevin Miller,USPS,68.0,61-90,Closed,Closed,"Norwood, OR|2025-03-05"
"Springfield, TN",2025-03-05,2025-03-05,2025-03-06,2025-03-06,2511632,2025-03-09,3057208,0.0,Closed,Emergency,Repair,Glass,Mike Johnson,USPS,4.0,0-30,Closed,Closed,"Springfield, TN|2025-03-05"
"Ashland, ID",2025-03-06,2025-05-07,2025-06-16,2025-06-20,2510503,2025-07-08,3056064,1300.22,Closed,Normal,Repair,Doors,Sarah Williams,USPS,124.0,90+,Closed,Closed,"Ashland, ID|2025-03-06"
"Bristol, WY",2025-03-06,2025-04-14,2025-06-15,2025-06-18,2511922,2025-07-23,3057614,600.0,Closed,Urgent,Repair,Striping,Kevin Miller,USPS,139.0,90+,Closed,Closed,"Bristol, WY|2025-03-06"
"Canton, CA",2025-03-06,2025-03-11,2025-03-11,2025-03-12,2511101,2025-04-03,3056709,50.0,Closed,Urgent,Repair,Doors,Ashley Thompson,USPS,28.0,0-30,Closed,Closed,"Canton, CA|2025-03-06"
"Farmington, AZ",2025-03-06,2025-03-25,2025-03-26,2025-04-11,2510940,2025-06-25,3056487,1747.76,Closed,Urgent,Repair,Plumbing,Ashley Thompson,USPS,111.0,90+,Closed,Closed,"Farmington, AZ|2025-03-06"
"Farmington, MN",2025-03-06,2025-03-27,2025-03-27,2025-04-03,2511675,2025-04-30,3057246,600.0,Closed,Urgent,Repair,Roof Repair,Mike Johnson,USPS,55.0,31-60,Closed,Closed,"Farmington, MN|2025-03-06"
"Kingston, UT",2025-03-06,2025-06-11,2025-06-16,2025-07-01,2511315,2025-07-16,3056847,541.25,Closed,Normal,Repair,Roof Repair,Sarah Williams,USPS,132.0,90+,Closed,Closed,"Kingston, UT|2025-03-06"
"Kingston, UT",2025-03-06,2025-10-20,2025-10-23,,2511315,,3056848,500.0,Completed,Normal,Repair,Ceiling Tiles,Sarah Williams,USPS,412.0,90+,Completed Not Paid,Open,"Kingston, UT|2025-03-06"
"Anderson, VA",2025-03-09,2025-10-14,,,,,,22000.0,Contracted,Urgent,Repair,Flooring,Brandon Davis,Internal,409.0,90+,In Progress,Open,"Anderson, VA|2025-03-09"
"Clinton, GA",2025-03-09,2025-01-01,2025-08-25,,,,,267.39,Payment,Urgent,Repair,HVAC Filters,Ashley Thompson,Internal,409.0,90+,Financial Processing,Open,"Clinton, GA|2025-03-09"
"Danville, IN",2025-03-09,2025-03-09,2025-03-10,2025-03-11,2512005,2025-03-12,3057734,100.0,Closed,Urgent,Repair,Doors,Ashley Thompson,USPS,3.0,0-30,Closed,Closed,"Danville, IN|2025-03-09"
"Georgetown, MO",2025-03-09,2025-03-23,2025-03-23,2025-03-30,2508148,2025-04-30,3053707,170.8,Closed,Normal,Repair,Doors,Kevin Miller,USPS,52.0,31-60,Closed,Closed,"Georgetown, MO|2025-03-09"
"Georgetown, NC",2025-03-09,2025-03-19,2025-03-23,2025-03-27,,2025-04-28,,850.0,Closed,Urgent,Repair,Environmental Repairs,Ashley Thompson,Internal,50.0,31-60,Closed,Closed,"Georgetown, NC|2025-03-09"
"Mount Vernon, TX",2025-03-09,2025-03-09,2025-03-10,,2511767,,3057437,60.0,Waiting For Bill,Urgent,Repair,Doors,Ashley Thompson,USPS,409.0,90+,Completed Not Paid,Open,"Mount Vernon, TX|2025-03-09"
"Burlington, MN",2025-03-10,2025-03-10,2025-05-12,,,,,180.0,Closed,Urgent,Repair,HVAC PM,Ashley Thompson,Internal,408.0,90+,Closed,Closed,"Burlington, MN|2025-03-10"
"Florence, MT",2025-03-10,2025-03-10,2025-03-26,2025-02-26,,2025-04-30,,59580.0,Closed,Normal,Repair,Roof Replacement - Flat,Mike Johnson,Internal,51.0,31-60,Closed,Closed,"Florence, MT|2025-03-10"
"Georgetown, NC",2025-03-10,,,,,,,,Dispute,Urgent,Repair,Roof Repair,Ashley Thompson,Internal,408.0,90+,Risk,Open,"Georgetown, NC|2025-03-10"
"Norwood, GA",2025-03-10,,,,,2025-04-27,,,Closed,Normal,Repair,HVAC Replacement,Sarah Williams,Internal,48.0,31-60,Closed,Closed,"Norwood, GA|2025-03-10"
"Centerville, PA",2025-03-11,2025-03-11,2025-03-17,2025-04-01,,2025-05-12,,133.44,Closed,Urgent,Repair,Plumbing,Ashley Thompson,Internal,62.0,61-90,Closed,Closed,"Centerville, PA|2025-03-11"
"Dover, VT",2025-03-11,2025-03-11,2025-03-18,,,2025-04-03,,150.0,Closed,Normal,Repair,Plumbing,Sarah Williams,Internal,23.0,0-30,Closed,Closed,"Dover, VT|2025-03-11"
"Florence, MT",2025-03-11,2025-04-02,2025-04-09,2025-04-10,2512902,2025-04-30,3058674,350.0,Closed,Urgent,Repair,Plumbing,Brandon Davis,USPS,50.0,31-60,Closed,Closed,"Florence, MT|2025-03-11"
"Florence, OK",2025-03-11,2025-03-20,2025-03-25,2025-03-31,2512653,2025-04-30,3058403,1951.68,Closed,Normal,Repair,HVAC Repairs,Sarah Williams,USPS,50.0,31-60,Closed,Closed,"Florence, OK|2025-03-11"
"Lexington, CO",2025-03-11,,,,2508047,,3058695,2000.0,Assigned,Urgent,Repair,Doors,Kevin Miller,USPS,407.0,90+,Not Started,Open,"Lexington, CO|2025-03-11"
"Madison, HI",2025-03-11,2025-03-11,2025-04-01,,,2025-09-18,,20750.0,Closed,Urgent,Repair,Roof Replacement - Flat,Mike Johnson,Internal,191.0,90+,Closed,Closed,"Madison, HI|2025-03-11"
"Manchester, GA",2025-03-11,2025-06-11,,,2512673,,3058399,300.0,Assigned,Normal,Repair,Sidewalk (Repair),Kevin Miller,USPS,407.0,90+,Not Started,Open,"Manchester, GA|2025-03-11"
"Manchester, GA",2025-03-11,2025-06-11,2025-07-16,2025-07-16,2512673,,3058346,3500.0,Payment,Normal,Repair,Paving (Repair),Kevin Miller,USPS,407.0,90+,Financial Processing,Open,"Manchester, GA|2025-03-11"
"Salem, WI",2025-03-11,2025-03-11,2025-04-06,,,2025-04-06,,0.0,Closed,Urgent,Repair,HVAC PM,Ashley Thompson,Internal,26.0,0-30,Closed,Closed,"Salem, WI|2025-03-11"
"Clinton, ME",2025-03-12,2025-02-17,2025-02-24,,,2025-03-26,,110.0,Closed,Urgent,Repair,Plumbing,Ashley Thompson,Internal,14.0,0-30,Closed,Closed,"Clinton, ME|2025-03-12"
"Columbia, MO",2025-03-12,2025-03-09,2025-03-09,2025-03-19,2512864,2025-06-10,3058637,,Closed,Normal,Repair,Roof Repair,Sarah Williams,USPS,90.0,61-90,Closed,Closed,"Columbia, MO|2025-03-12"
"Dover, UT",2025-03-12,,,2025-03-19,2513019,2025-04-03,3058802,,Closed,Urgent,Repair,Roof Repair,Kevin Miller,USPS,22.0,0-30,Closed,Closed,"Dover, UT|2025-03-12"
"Greenville, NM",2025-03-12,2025-09-08,,2025-09-08,,2025-10-07,,1863.93,Closed,Urgent,Repair,HVAC PM,Kevin Miller,Internal,209.0,90+,Closed,Closed,"Greenville, NM|2025-03-12"
"Hamilton, ND",2025-03-12,2025-04-01,2025-04-07,2025-04-16,2513502,2025-04-30,3059278,,Closed,Emergency,Repair,Doors,Brandon Davis,USPS,49.0,31-60,Closed,Closed,"Hamilton, ND|2025-03-12"
"Burlington, KY",2025-03-13,2025-03-13,2025-03-13,2025-03-16,2514010,2025-03-16,3059862,,Closed,Emergency,Repair,Roof Repair,Sarah Williams,USPS,3.0,0-30,Closed,Closed,"Burlington, KY|2025-03-13"
"Columbia, NE",2025-03-13,2025-04-03,2025-04-23,2025-04-28,2512953,2025-05-01,3058769,282.0,Closed,Normal,Repair,Roof Repair,Kevin Miller,USPS,49.0,31-60,Closed,Closed,"Columbia, NE|2025-03-13"
"Fairview, MS",2025-03-13,2025-04-24,2025-05-12,2025-05-18,2513228,2025-07-16,3058981,10200.0,Closed,Urgent,Repair,Roof Replacement - Flat,Kevin Miller,USPS,125.0,90+,Closed,Closed,"Fairview, MS|2025-03-13"
"Salem, OR",2025-03-13,2025-03-13,2025-03-13,2025-03-13,,2025-06-10,,119.0,Closed,Normal,Repair,Plumbing,Kevin Miller,Internal,89.0,61-90,Closed,Closed,"Salem, OR|2025-03-13"
"Centerville, PA",2025-03-16,,,,2513357,,3059051,1000.0,Assigned,Normal,Repair,Paving (Repair),Kevin Miller,USPS,402.0,90+,Not Started,Open,"Centerville, PA|2025-03-16"
"Franklin, GA",2025-03-16,2025-03-16,2025-03-16,2025-03-19,2513988,2025-04-30,3059758,120.0,Closed,Urgent,Repair,Plumbing,Sarah Williams,USPS,45.0,31-60,Closed,Closed,"Franklin, GA|2025-03-16"
"Newport, WY",2025-03-16,2025-03-23,2025-03-26,2025-03-31,2513084,2025-04-30,3058840,390.35,Closed,Normal,Repair,Plumbing,Sarah Williams,USPS,45.0,31-60,Closed,Closed,"Newport, WY|2025-03-16"
"Oakland, GA",2025-03-16,2025-03-19,2025-03-19,2025-03-19,2513143,2025-04-03,3058883,300.0,Closed,Urgent,Repair,Plumbing,Ashley Thompson,USPS,18.0,0-30,Closed,Closed,"Oakland, GA|2025-03-16"
"Burlington, NH",2025-03-17,2025-03-13,,,,,,500.0,Payment,Urgent,Repair,HVAC PM,Ashley Thompson,Internal,401.0,90+,Financial Processing,Open,"Burlington, NH|2025-03-17"
"Danville, MA",2025-03-17,2025-03-16,2025-03-31,2025-04-04,2514176,2025-05-31,3059973,519.6,Closed,Urgent,Repair,HVAC Repairs,Mike Johnson,USPS,75.0,61-90,Closed,Closed,"Danville, MA|2025-03-17"
"Lexington, WV",2025-03-17,,2025-04-15,2025-04-15,2514074,2025-04-15,3059916,0.0,Closed,Urgent,Repair,Paving (Repair),Mike Johnson,USPS,29.0,0-30,Closed,Closed,"Lexington, WV|2025-03-17"
"Dayton, NE",2025-03-18,2025-04-16,2025-04-21,2025-04-25,2514260,2025-05-12,3060008,1985.0,Closed,Urgent,Repair,HVAC Repairs,Brandon Davis,USPS,55.0,31-60,Closed,Closed,"Dayton, NE|2025-03-18"
"Hamilton, KS",2025-03-18,,,,,,,2000.0,Assigned,Normal,Repair,HVAC Repairs,Jessica Martin,Internal,400.0,90+,Not Started,Open,"Hamilton, KS|2025-03-18"
"Hamilton, KS",2025-03-18,,,,,,,4500.0,Assigned,Normal,Repair,Masonry,Jessica Martin,Internal,400.0,90+,Not Started,Open,"Hamilton, KS|2025-03-18"
"Kingston, UT",2025-03-18,2025-03-24,2025-03-26,,,2025-06-10,,194.85,Closed,Normal,Repair,HVAC PM,Sarah Williams,Internal,84.0,61-90,Closed,Closed,"Kingston, UT|2025-03-18"
"Lexington, TX",2025-03-18,,2025-03-24,2025-03-25,2515013,2025-03-27,3060871,,Closed,Urgent,Repair,Plumbing,Ashley Thompson,USPS,9.0,0-30,Closed,Closed,"Lexington, TX|2025-03-18"
"Lexington, TX",2025-03-18,2025-04-13,2025-04-16,2025-04-21,2515013,2025-04-30,3060870,490.0,Closed,Urgent,Repair,Plumbing,Ashley Thompson,USPS,43.0,31-60,Closed,Closed,"Lexington, TX|2025-03-18"
"Marion, NE",2025-03-18,2025-04-09,2025-04-10,2025-08-13,2514586,2025-10-20,3060419,725.69,Closed,Normal,Repair,Doors,Kevin Miller,USPS,216.0,90+,Closed,Closed,"Marion, NE|2025-03-18"
"Oakland, NC",2025-03-18,2025-03-19,2025-03-19,2025-03-20,2515122,2025-04-03,3060946,335.23,Closed,Urgent,Repair,HVAC Repairs,Ashley Thompson,USPS,16.0,0-30,Closed,Closed,"Oakland, NC|2025-03-18"
"Clinton, VT",2025-03-19,2025-04-02,2025-04-03,2025-04-11,2514552,2025-05-12,3060366,130.0,Closed,Normal,Repair,Plumbing,Sarah Williams,USPS,54.0,31-60,Closed,Closed,"Clinton, VT|2025-03-19"
"Fairview, NY",2025-03-19,2025-03-19,2025-03-20,,,2025-04-01,,50.0,Closed,Urgent,Repair,HVAC Repairs,Ashley Thompson,Internal,13.0,0-30,Closed,Closed,"Fairview, NY|2025-03-19"
"Hudson, AR",2025-03-19,2025-05-29,2025-06-23,2025-06-24,2514214,2025-07-08,3060028,600.0,Closed,Normal,Repair,Gutters,Sarah Williams,USPS,111.0,90+,Closed,Closed,"Hudson, AR|2025-03-19"
"Oakland, NC",2025-03-19,2025-05-08,2025-06-06,2025-06-08,2515122,2025-06-24,3060973,250.0,Closed,Normal,Repair,Concrete,Sarah Williams,USPS,97.0,90+,Closed,Closed,"Oakland, NC|2025-03-19"
"Riverside, CO",2025-03-19,2025-03-19,2025-04-06,,,2025-04-30,,300.0,Closed,Normal,Repair,Landscaping,Brandon Davis,Internal,42.0,31-60,Closed,Closed,"Riverside, CO|2025-03-19"
"Winchester, NY",2025-03-19,,,2025-04-15,2514787,2025-05-04,3060627,,Closed,Normal,Repair,Roof Repair,Sarah Williams,USPS,46.0,31-60,Closed,Closed,"Winchester, NY|2025-03-19"
"Farmington, LA",2025-03-20,2025-02-28,2025-03-16,,na,,na,7100.0,Completed,Normal,Repair,Roof Replacement - Flat,Mike Johnson,USPS,398.0,90+,Completed Not Paid,Open,"Farmington, LA|2025-03-20"
"Anderson, MA",2025-03-24,2025-04-08,2025-04-15,2025-04-17,na,2025-04-30,na,4200.0,Closed,Normal,Repair,Roof Replacement - Shingle,Mike Johnson,USPS,37.0,31-60,Closed,Closed,"Anderson, MA|2025-03-24"
"Auburn, TN",2025-03-24,2025-04-30,2025-05-08,2025-05-11,25151999,2025-05-11,3060982,10684.03,Closed,Urgent,Repair,HVAC Replacement,Mike Johnson,USPS,48.0,31-60,Closed,Closed,"Auburn, TN|2025-03-24"
"Centerville, RI",2025-03-24,2025-03-27,2025-06-04,2025-06-10,2515609,2025-07-14,3061500,350.0,Closed,Urgent,Repair,Roof Repair,Brandon Davis,USPS,112.0,90+,Closed,Closed,"Centerville, RI|2025-03-24"
"Centerville, VT",2025-03-24,,2025-05-23,,2515477,,3061278,2500.0,Completed,Normal,Repair,Roof Repair,Sarah Williams,USPS,394.0,90+,Completed Not Paid,Open,"Centerville, VT|2025-03-24"
"Clayton, OH",2025-03-24,2025-03-24,2025-03-30,2025-03-30,2515067,2025-05-31,3060925,85.0,Closed,Urgent,Repair,Plumbing,Brandon Davis,USPS,68.0,61-90,Closed,Closed,"Clayton, OH|2025-03-24"
"Bloomington, WY",2025-03-25,2025-04-22,2025-05-12,2025-05-12,2516941,2025-07-21,3062772,1638.0,Closed,Urgent,Repair,Plumbing,Brandon Davis,USPS,118.0,90+,Closed,Closed,"Bloomington, WY|2025-03-25"
"Clayton, CO",2025-03-25,2025-04-30,2025-05-26,2025-05-26,2515595,2025-06-25,3061398,1000.0,Closed,Urgent,Repair,Roof Repair,Brandon Davis,USPS,92.0,90+,Closed,Closed,"Clayton, CO|2025-03-25"
"Gainesville, MI",2025-03-25,2025-03-31,2025-04-01,2025-04-13,2516451,2025-06-10,3062319,100.0,Closed,Urgent,Repair,Doors,Brandon Davis,USPS,77.0,61-90,Closed,Closed,"Gainesville, MI|2025-03-25"
"Auburn, TN",2025-03-26,,,2025-03-27,2515199,2025-03-27,3061055,,Closed,Urgent,Repair,Electrical Repairs,Kevin Miller,USPS,1.0,0-30,Closed,Closed,"Auburn, TN|2025-03-26"
"Danville, MA",2025-03-26,2025-03-26,2025-03-27,2025-04-04,2515929,2025-05-31,3061810,173.2,Closed,Urgent,Repair,HVAC Repairs,Mike Johnson,USPS,66.0,61-90,Closed,Closed,"Danville, MA|2025-03-26"
"Dayton, IA",2025-03-26,2025-03-31,2025-04-01,,2516039,2025-04-24,3061886,700.0,Closed,Urgent,Repair,Roof Repair,Ashley Thompson,USPS,29.0,0-30,Closed,Closed,"Dayton, IA|2025-03-26"
"Dover, WA",2025-03-26,2025-04-03,2025-05-26,2025-06-02,2516418,2025-06-26,3062250,113.88,Closed,Urgent,Repair,Electrical Repairs,Kevin Miller,USPS,92.0,90+,Closed,Closed,"Dover, WA|2025-03-26"
"Fairview, NY",2025-03-26,2025-03-19,2025-03-20,2025-03-27,2514995,2025-04-30,3060788,65.0,Closed,Urgent,Repair,HVAC Repairs,Ashley Thompson,USPS,35.0,31-60,Closed,Closed,"Fairview, NY|2025-03-26"
"Franklin, LA",2025-03-26,2025-03-27,2025-04-10,2025-05-04,2516103,2025-06-11,3062011,,Closed,Normal,Repair,Roof Repair,Sarah Williams,USPS,77.0,61-90,Closed,Closed,"Franklin, LA|2025-03-26"
"Milton, RI",2025-03-26,2025-04-10,2025-04-10,2025-04-28,2516735,2025-09-23,3062571,300.0,Closed,Urgent,Repair,Roof Repair,Kevin Miller,USPS,181.0,90+,Closed,Closed,"Milton, RI|2025-03-26"
"Oakland, OR",2025-03-26,2025-05-01,2025-05-07,2025-05-07,2515943,2025-06-10,3061792,450.0,Closed,Normal,Repair,Roof Repair,Sarah Williams,USPS,76.0,61-90,Closed,Closed,"Oakland, OR|2025-03-26"
"Springfield, CT",2025-03-26,,,,2516364,,3062242,1000.0,Assigned,Normal,Repair,Building Repairs,Jessica Martin,USPS,392.0,90+,Not Started,Open,"Springfield, CT|2025-03-26"
"Albany, WI",2025-03-27,2025-04-29,2025-05-06,,2516065,,3061908,250.0,Completed,Normal,Repair,Roof Repair,Kevin Miller,USPS,391.0,90+,Completed Not Paid,Open,"Albany, WI|2025-03-27"
"Danville, ME",2025-03-27,2025-04-02,2025-04-03,2025-04-08,2517561,2025-06-10,3063514,354.66,Closed,Urgent,Repair,Plumbing,Ashley Thompson,USPS,75.0,61-90,Closed,Closed,"Danville, ME|2025-03-27"
"Norwood, NJ",2025-03-27,2025-03-30,2025-03-31,2025-03-31,2517551,2025-04-30,3063487,100.0,Closed,Urgent,Repair,Vandalism,Ashley Thompson,USPS,34.0,31-60,Closed,Closed,"Norwood, NJ|2025-03-27"
"Oakland, NC",2025-03-27,2025-04-09,2025-04-09,2025-07-14,2515122,2025-08-05,3060972,465.0,Closed,Normal,Repair,HVAC Repairs,Kevin Miller,USPS,131.0,90+,Closed,Closed,"Oakland, NC|2025-03-27"
"Riverside, NH",2025-03-27,2025-04-09,2025-05-06,2025-10-22,2514976,2025-10-22,3060816,,Closed,Urgent,Repair,Roof Repair,Kevin Miller,USPS,209.0,90+,Closed,Closed,"Riverside, NH|2025-03-27"
"Auburn, SC",2025-03-30,,2025-04-06,2025-04-06,2517875,2025-04-06,3063731,,Closed,Urgent,Repair,Plumbing,Brandon Davis,USPS,7.0,0-30,Closed,Closed,"Auburn, SC|2025-03-30"
"Bloomington, AL",2025-03-30,2025-03-30,2025-03-30,2025-03-30,2518878,2025-04-30,3064791,1660.0,Closed,Emergency,Repair,Electrical Repairs,Brandon Davis,USPS,31.0,31-60,Closed,Closed,"Bloomington, AL|2025-03-30"
"Cleveland, OR",2025-03-30,2025-04-01,2025-04-01,2025-04-04,2518191,2025-06-10,3064140,90.0,Closed,Urgent,Repair,Doors,Kevin Miller,USPS,72.0,61-90,Closed,Closed,"Cleveland, OR|2025-03-30"
"Cleveland, WV",2025-03-30,2025-03-30,2025-03-31,,,2025-04-30,,95.0,Closed,Normal,Repair,HVAC Repairs,Sarah Williams,Internal,31.0,31-60,Closed,Closed,"Cleveland, WV|2025-03-30"
"Columbia, MO",2025-03-30,2025-03-31,2025-04-10,2025-04-13,2518099,2025-04-30,3064046,237.0,Closed,Urgent,Repair,HVAC Repairs,Brandon Davis,USPS,31.0,31-60,Closed,Closed,"Columbia, MO|2025-03-30"
"Fairview, WV",2025-03-30,2025-04-15,2025-04-22,2025-04-23,2517628,2025-04-30,3063549,427.6,Closed,Urgent,Repair,Roof Repair,Ashley Thompson,USPS,31.0,31-60,Closed,Closed,"Fairview, WV|2025-03-30"
"Hamilton, WA",2025-03-30,2025-03-31,2025-04-08,2025-04-10,2517899,2025-04-30,3063896,65.0,Closed,Urgent,Repair,Doors,Ashley Thompson,USPS,31.0,31-60,Closed,Closed,"Hamilton, WA|2025-03-30"
"Kingston, WI",2025-03-30,2025-04-01,2025-04-03,2025-06-30,2517586,2025-07-20,3063510,250.0,Closed,Urgent,Repair,Roof Repair,Ashley Thompson,USPS,112.0,90+,Closed,Closed,"Kingston, WI|2025-03-30"
"Lancaster, ID",2025-03-30,2025-03-30,2025-04-01,2025-04-11,2517954,2025-05-31,3063959,340.0,Closed,Urgent,Repair,HVAC Repairs,Ashley Thompson,USPS,62.0,61-90,Closed,Closed,"Lancaster, ID|2025-03-30"
"Lexington, TX",2025-03-30,2025-03-30,2025-04-01,,,2025-04-30,,989.0,Closed,Urgent,Repair,HVAC PM,Ashley Thompson,Internal,31.0,31-60,Closed,Closed,"Lexington, TX|2025-03-30"
"Rockville, TX",2025-03-30,2025-03-30,2025-04-03,2025-04-02,2517886,2025-04-30,3063841,200.0,Closed,Urgent,Repair,Electrical Repairs,Brandon Davis,USPS,31.0,31-60,Closed,Closed,"Rockville, TX|2025-03-30"
"Cleveland, OR",2025-04-01,2025-06-08,2025-08-19,,2518742,2025-09-30,3064680,1723.0,Closed,Normal,Repair,Paving (Repair),Ashley Thompson,USPS,182.0,90+,Closed,Closed,"Cleveland, OR|2025-04-01"
"Cleveland, OR",2025-04-01,2025-06-11,2025-07-10,2025-08-24,2519101,2025-09-28,3065051,1930.0,Closed,Normal,Repair,Roof Repair,Sarah Williams,USPS,180.0,90+,Closed,Closed,"Cleveland, OR|2025-04-01"
"Danville, MA",2025-04-01,2025-04-01,2025-05-04,2025-07-20,2518506,2025-07-21,3064441,300.0,Closed,Urgent,Repair,Electrical Repairs,Brandon Davis,USPS,111.0,90+,Closed,Closed,"Danville, MA|2025-04-01"
"Dover, AL",2025-04-01,,,,na,,na,1836.0,Contracted,Normal,Repair,Other,Mike Johnson,USPS,386.0,90+,In Progress,Open,"Dover, AL|2025-04-01"
"Clayton, ME",2025-04-02,2025-04-27,2025-04-27,2025-04-30,2518967,2025-06-16,3064936,,Closed,Urgent,Repair,Roof Repair,Brandon Davis,USPS,75.0,61-90,Closed,Closed,"Clayton, ME|2025-04-02"
"Clinton, VT",2025-04-02,2025-05-04,2025-05-26,,na,2025-06-25,na,1000.0,Closed,Urgent,Repair,Structural,Brandon Davis,USPS,84.0,61-90,Closed,Closed,"Clinton, VT|2025-04-02"
"Georgetown, NC",2025-04-02,2025-04-21,2025-05-29,2025-06-02,2518846,2025-06-12,3064817,500.0,Closed,Urgent,Repair,Ceiling Tiles,Ashley Thompson,USPS,71.0,61-90,Closed,Closed,"Georgetown, NC|2025-04-02"
"Hudson, MO",2025-04-02,2025-05-18,2025-07-07,2025-07-14,2518871,2025-08-14,3064742,385.0,Closed,Urgent,Repair,Plumbing,Kevin Miller,USPS,134.0,90+,Closed,Closed,"Hudson, MO|2025-04-02"
"Plymouth, AL",2025-04-02,,,,,2025-05-22,,,Closed,Normal,Repair,Roof Replacement - Flat,Kevin Miller,Internal,50.0,31-60,Closed,Closed,"Plymouth, AL|2025-04-02"
"Arlington, MN",2025-04-03,2025-04-03,2025-04-07,2025-04-07,2519267,2025-04-30,3065233,200.0,Closed,Urgent,Repair,HVAC Repairs,Brandon Davis,USPS,27.0,0-30,Closed,Closed,"Arlington, MN|2025-04-03"
"Ashland, NY",2025-04-03,2025-04-14,2025-04-17,2025-07-10,2519952,2025-07-23,3065929,300.0,Closed,Normal,Repair,Roof Repair,Sarah Williams,USPS,111.0,90+,Closed,Closed,"Ashland, NY|2025-04-03"
"Bloomington, MS",2025-04-03,2025-04-03,2025-04-06,,na,2025-04-07,na,0.0,Closed,Urgent,Repair,Roof Repair,Mike Johnson,USPS,4.0,0-30,Closed,Closed,"Bloomington, MS|2025-04-03"
"Bloomington, NY",2025-04-03,,,,2519227,,3065108,8000.0,Assigned,Urgent,Repair,Siding,Jessica Martin,USPS,384.0,90+,Not Started,Open,"Bloomington, NY|2025-04-03"
"Canton, WV",2025-04-03,2025-04-27,2025-05-26,2025-05-31,2519465,2025-06-15,3065413,394.26,Closed,Urgent,Repair,Vandalism,Kevin Miller,USPS,73.0,61-90,Closed,Closed,"Canton, WV|2025-04-03"
"Fairview, WV",2025-04-03,2025-02-03,2025-02-03,2025-02-12,,2025-04-30,,325.0,Closed,Urgent,Repair,Misc. Repairs,Ashley Thompson,Internal,27.0,0-30,Closed,Closed,"Fairview, WV|2025-04-03"
"Danville, MA",2025-04-06,2025-04-06,2025-04-07,,na,,na,1282.76,Payment,Urgent,Repair,HVAC Repairs,Mike Johnson,USPS,381.0,90+,Financial Processing,Open,"Danville, MA|2025-04-06"
"Dayton, IA",2025-04-06,2025-04-06,2025-04-06,,,2025-04-24,,637.82,Closed,Urgent,Repair,Roof Repair,Ashley Thompson,Internal,18.0,0-30,Closed,Closed,"Dayton, IA|2025-04-06"
"Albany, TN",2025-04-08,,,,,,,,Closed,Normal,Repair,Electrical Repairs,Sarah Williams,Internal,379.0,90+,Closed,Closed,"Albany, TN|2025-04-08"
"Albany, TN",2025-04-08,,,,,,,,Closed,Normal,Repair,Plumbing,Sarah Williams,Internal,379.0,90+,Closed,Closed,"Albany, TN|2025-04-08"
"Albany, TN",2025-04-08,,,,,,,,Closed,Normal,Repair,Doors,Sarah Williams,Internal,379.0,90+,Closed,Closed,"Albany, TN|2025-04-08"
"Madison, HI",2025-04-08,,,,2520342,,3066280,4000.0,Assigned,Urgent,Repair,Ceiling Tiles,Jessica Martin,USPS,379.0,90+,Not Started,Open,"Madison, HI|2025-04-08"
"Auburn, IN",2025-04-09,,2025-05-21,2025-05-22,na,2025-05-22,na,,Closed,Urgent,Repair,Roof Repair,Brandon Davis,USPS,43.0,31-60,Closed,Closed,"Auburn, IN|2025-04-09"
"Auburn, IN",2025-04-09,,2025-05-21,2025-05-22,na,2025-05-22,na,,Closed,Urgent,Repair,Roof Repair,Brandon Davis,USPS,43.0,31-60,Closed,Closed,"Auburn, IN|2025-04-09"
"Franklin, LA",2025-04-10,,2025-04-10,2025-04-10,2519056,2025-07-08,3064828,274.69,Closed,Emergency,Repair,Roof Repair,Sarah Williams,USPS,89.0,61-90,Closed,Closed,"Franklin, LA|2025-04-10"
"Lexington, TX",2025-04-10,2025-04-13,2025-04-16,2025-04-21,2520866,2025-04-30,3066795,200.0,Closed,Urgent,Repair,Plumbing,Ashley Thompson,USPS,20.0,0-30,Closed,Closed,"Lexington, TX|2025-04-10"
"Bristol, SC",2025-04-13,2025-04-13,2025-04-15,2025-04-18,2521428,2025-04-30,3067455,100.0,Closed,Urgent,Repair,Plumbing,Ashley Thompson,USPS,17.0,0-30,Closed,Closed,"Bristol, SC|2025-04-13"
"Centerville, OH",2025-04-13,2025-05-14,2025-05-19,2025-05-21,2521661,2025-06-26,3067633,275.0,Closed,Urgent,Repair,Pest Control,Kevin Miller,USPS,74.0,61-90,Closed,Closed,"Centerville, OH|2025-04-13"
"Cleveland, NV",2025-04-13,2025-04-27,2025-05-09,2025-05-19,2521516,2025-05-21,3067475,193.05,Closed,Normal,Repair,Drive Thru,Sarah Williams,USPS,38.0,31-60,Closed,Closed,"Cleveland, NV|2025-04-13"
"Columbia, MO",2025-04-13,2025-04-20,2025-05-20,2025-05-20,2521664,2025-08-18,3067636,,Closed,Normal,Repair,Plumbing,Brandon Davis,USPS,127.0,90+,Closed,Closed,"Columbia, MO|2025-04-13"
"Danville, MA",2025-04-13,2025-06-16,2025-07-08,2025-07-21,2521921,2025-08-06,3067921,100.0,Closed,Urgent,Repair,Ceiling Tiles,Ashley Thompson,USPS,115.0,90+,Closed,Closed,"Danville, MA|2025-04-13"
"Danville, MA",2025-04-13,2025-04-10,2025-04-10,2025-04-20,2521510,2025-05-28,3067472,216.5,Closed,Urgent,Repair,HVAC Repairs,Mike Johnson,USPS,45.0,31-60,Closed,Closed,"Danville, MA|2025-04-13"
"Edison, NH",2025-04-13,2025-06-22,,,2521334,,3067262,340.0,Contracted,Normal,Repair,Flooring,Brandon Davis,USPS,374.0,90+,In Progress,Open,"Edison, NH|2025-04-13"
"Jackson, PA",2025-04-13,2025-05-13,2025-06-05,2025-07-10,2521985,2025-07-20,3068025,2008.42,Closed,Normal,Repair,Misc. Repairs,Sarah Williams,USPS,98.0,90+,Closed,Closed,"Jackson, PA|2025-04-13"
"Lexington, WV",2025-04-13,2025-04-14,2025-04-14,2025-04-14,2522588,2025-05-31,3068667,312.92,Closed,Emergency,Repair,HVAC Repairs,Brandon Davis,USPS,48.0,31-60,Closed,Closed,"Lexington, WV|2025-04-13"
"Madison, HI",2025-04-13,2025-05-18,2025-05-19,,2521439,2025-06-19,3067394,,Closed,Urgent,Repair,Gutters,Ashley Thompson,USPS,67.0,61-90,Closed,Closed,"Madison, HI|2025-04-13"
"Mount Vernon, MA",2025-04-13,2025-06-08,2025-06-24,2025-07-21,2521995,2025-07-24,3067997,267.0,Closed,Urgent,Repair,Paving (Repair),Ashley Thompson,USPS,102.0,90+,Closed,Closed,"Mount Vernon, MA|2025-04-13"
"Springfield, NH",2025-04-13,2025-04-03,2025-04-10,,na,2025-04-30,na,3915.0,Closed,Normal,Repair,Roof Repair,Mike Johnson,USPS,17.0,0-30,Closed,Closed,"Springfield, NH|2025-04-13"
"Winchester, NM",2025-04-13,2025-05-01,2025-06-18,2025-06-18,2521973,2025-07-08,3067995,406.0,Closed,Normal,Repair,Plumbing,Sarah Williams,USPS,86.0,61-90,Closed,Closed,"Winchester, NM|2025-04-13"
"Winchester, NM",2025-04-13,2025-04-27,2025-05-09,2025-05-17,2521973,2025-05-20,3067975,,Closed,Normal,Repair,Misc. Repairs,Sarah Williams,USPS,37.0,31-60,Closed,Closed,"Winchester, NM|2025-04-13"
"Salem, TN",2025-04-15,,,,2522416,,3068399,500.0,Assigned,Urgent,Repair,Roof Repair,Jessica Martin,USPS,372.0,90+,Not Started,Open,"Salem, TN|2025-04-15"
"Salem, TN",2025-04-15,,,,2522416,,3068400,200.0,Assigned,Urgent,Repair,Ceiling Tiles,Jessica Martin,USPS,372.0,90+,Not Started,Open,"Salem, TN|2025-04-15"
"Centerville, PA",2025-04-16,2025-04-17,2025-04-28,2025-05-07,2522301,2025-05-31,3068286,275.0,Closed,Normal,Repair,Doors,Sarah Williams,USPS,45.0,31-60,Closed,Closed,"Centerville, PA|2025-04-16"
"Clinton, VT",2025-04-16,2025-04-17,2025-04-21,2025-05-04,2522591,2025-05-04,3068643,,Closed,Normal,Repair,Roof Repair,Sarah Williams,USPS,18.0,0-30,Closed,Closed,"Clinton, VT|2025-04-16"
"Burlington, AL",2025-04-17,,,,2522811,,3068883,1000.0,Assigned,Normal,Repair,Concrete,Kevin Miller,USPS,370.0,90+,Not Started,Open,"Burlington, AL|2025-04-17"
"Burlington, AL",2025-04-17,2025-06-11,2025-07-23,2025-08-04,2522811,2025-08-14,3068728,500.0,Closed,Urgent,Repair,Sidewalk (Repair),Kevin Miller,USPS,119.0,90+,Closed,Closed,"Burlington, AL|2025-04-17"
"Farmington, MN",2025-04-17,2025-10-07,2025-10-14,,2523169,,3069245,487.0,Completed,Urgent,Repair,Building Repairs,Ashley Thompson,USPS,370.0,90+,Completed Not Paid,Open,"Farmington, MN|2025-04-17"
"Farmington, PA",2025-04-17,2025-06-18,2025-06-30,2025-07-21,2523332,2025-07-23,3069369,247.1,Closed,Urgent,Repair,Doors,Ashley Thompson,USPS,97.0,90+,Closed,Closed,"Farmington, PA|2025-04-17"
"Farmington, PA",2025-04-17,2025-07-31,,,2523332,,3069420,1500.0,Contracted,Urgent,Repair,Concrete,Ashley Thompson,USPS,370.0,90+,In Progress,Open,"Farmington, PA|2025-04-17"
"Marion, GA",2025-04-17,2025-05-05,2025-05-06,2025-05-07,2523796,2025-07-23,3069858,173.0,Closed,Urgent,Repair,Building Repairs,Ashley Thompson,USPS,97.0,90+,Closed,Closed,"Marion, GA|2025-04-17"
"Oakland, GA",2025-04-17,2025-04-21,2025-04-21,2025-04-21,2522109,2025-04-30,3068108,75.0,Closed,Urgent,Repair,Electrical Repairs,Ashley Thompson,USPS,13.0,0-30,Closed,Closed,"Oakland, GA|2025-04-17"
"Troy, NM",2025-04-17,2025-05-08,2025-05-27,2025-06-01,2523389,2025-06-15,3069479,200.0,Closed,Urgent,Repair,Doors,Kevin Miller,USPS,59.0,31-60,Closed,Closed,"Troy, NM|2025-04-17"
"Canton, VT",2025-04-20,2025-05-04,2025-05-11,,,,,350.0,Waiting For Bill,Urgent,Repair,Plumbing,Ashley Thompson,Internal,367.0,90+,Completed Not Paid,Open,"Canton, VT|2025-04-20"
"Greenville, NM",2025-04-20,2025-05-18,2025-09-28,,2523490,,3069553,300.0,Completed,Urgent,Repair,Glass,Kevin Miller,USPS,367.0,90+,Completed Not Paid,Open,"Greenville, NM|2025-04-20"
"Hamilton, MI",2025-04-20,2025-05-04,2025-05-19,2025-05-26,2524176,2025-06-12,3070256,450.0,Closed,Urgent,Repair,Roof Repair,Ashley Thompson,USPS,53.0,31-60,Closed,Closed,"Hamilton, MI|2025-04-20"
"Lexington, WV",2025-04-20,2025-04-22,2025-04-27,,,2025-05-31,,1120.52,Closed,Urgent,Repair,HVAC PM,Brandon Davis,Internal,41.0,31-60,Closed,Closed,"Lexington, WV|2025-04-20"
"Bloomington, MS",2025-04-21,,2025-04-21,,,2025-04-21,,0.0,Closed,Normal,Repair,Plumbing,Brandon Davis,Internal,0.0,0-30,Closed,Closed,"Bloomington, MS|2025-04-21"
"Hamilton, ND",2025-04-21,,2024-11-30,,,2025-04-30,,622.5,Closed,Urgent,Repair,HVAC PM,Ashley Thompson,Internal,9.0,0-30,Closed,Closed,"Hamilton, ND|2025-04-21"
"Hamilton, ND",2025-04-21,,2025-02-28,,,2025-09-21,,622.5,Closed,Urgent,Repair,HVAC PM,Ashley Thompson,Internal,153.0,90+,Closed,Closed,"Hamilton, ND|2025-04-21"
"Milton, MO",2025-04-21,2025-04-24,2025-06-03,,na,,na,600.0,Completed,Normal,Repair,HVAC PM,Mike Johnson,USPS,366.0,90+,Completed Not Paid,Open,"Milton, MO|2025-04-21"
"Burlington, MN",2025-04-22,2025-04-28,2025-04-29,2025-04-29,2524452,2025-05-12,3070573,190.0,Closed,Normal,Repair,Electrical Repairs,Brandon Davis,USPS,20.0,0-30,Closed,Closed,"Burlington, MN|2025-04-22"
"Ashland, IN",2025-04-23,2025-06-08,2025-07-31,2025-08-14,2524766,2025-09-11,3070900,120.0,Closed,Urgent,Repair,Ceiling Tiles,Ashley Thompson,USPS,141.0,90+,Closed,Closed,"Ashland, IN|2025-04-23"
"Bloomington, MS",2025-04-23,2025-04-23,2025-05-07,2025-08-27,2526108,2025-09-01,3072291,250.0,Closed,Emergency,Repair,Plumbing,Brandon Davis,USPS,131.0,90+,Closed,Closed,"Bloomington, MS|2025-04-23"
"Centerville, RI",2025-04-23,2025-04-17,2025-04-22,2025-04-28,,2025-05-12,,69.0,Closed,Urgent,Repair,HVAC PM,Ashley Thompson,Internal,19.0,0-30,Closed,Closed,"Centerville, RI|2025-04-23"
"Danville, MA",2025-04-23,2025-04-23,2025-04-23,,na,2025-05-31,na,830.28,Closed,Urgent,Repair,HVAC Repairs,Mike Johnson,USPS,38.0,31-60,Closed,Closed,"Danville, MA|2025-04-23"
"Franklin, DE",2025-04-23,2025-06-05,2025-06-05,2025-06-11,2524898,2025-06-26,3070932,104.0,Closed,Urgent,Repair,Plumbing,Kevin Miller,USPS,64.0,61-90,Closed,Closed,"Franklin, DE|2025-04-23"
"Columbia, NE",2025-04-24,2025-07-16,2025-10-12,2025-10-14,2525046,,3071182,9282.0,Payment,Normal,Repair,Drive Thru,Sarah Williams,USPS,363.0,90+,Financial Processing,Open,"Columbia, NE|2025-04-24"
"Farmington, NM",2025-04-24,,2025-04-24,2025-04-24,2524694,2025-04-24,3070870,,Closed,Urgent,Repair,Fencing,Brandon Davis,USPS,0.0,0-30,Closed,Closed,"Farmington, NM|2025-04-24"
"Florence, MT",2025-04-24,2025-04-28,2025-05-15,2025-06-19,2525219,2025-06-19,3071356,0.0,Closed,Urgent,Repair,Plumbing,Brandon Davis,USPS,56.0,31-60,Closed,Closed,"Florence, MT|2025-04-24"
"Milton, NV",2025-04-24,,,2025-07-12,2525037,2025-07-13,3071146,,Closed,Normal,Repair,Roof Repair,Sarah Williams,USPS,80.0,61-90,Closed,Closed,"Milton, NV|2025-04-24"
"Oakland, IA",2025-04-24,2025-04-24,2025-04-25,2025-05-07,2524931,2025-07-10,3071175,80.0,Closed,Urgent,Repair,HVAC Repairs,Ashley Thompson,USPS,77.0,61-90,Closed,Closed,"Oakland, IA|2025-04-24"
"Springfield, AK",2025-04-24,2025-05-12,2025-05-19,2025-06-02,2525036,2025-06-25,3071145,479.25,Closed,Urgent,Repair,Paving (Repair),Ashley Thompson,USPS,62.0,61-90,Closed,Closed,"Springfield, AK|2025-04-24"
"Arlington, VT",2025-04-27,,2025-06-02,2025-06-02,2525503,2025-06-02,3071773,0.0,Closed,Urgent,Repair,Building Repairs,Brandon Davis,USPS,36.0,31-60,Closed,Closed,"Arlington, VT|2025-04-27"
"Arlington, VT",2025-04-27,2025-05-18,2025-09-28,2025-09-29,2525503,,3071502,250.0,Completed,Urgent,Repair,Plumbing,Brandon Davis,USPS,360.0,90+,Completed Not Paid,Open,"Arlington, VT|2025-04-27"
"Ashland, AZ",2025-04-27,,2025-09-03,,2525816,,3071987,200.0,Completed,Urgent,Repair,Plumbing,Brandon Davis,USPS,360.0,90+,Completed Not Paid,Open,"Ashland, AZ|2025-04-27"
"Ashland, WA",2025-04-27,2025-05-04,2025-05-07,2025-07-13,2526049,2025-07-20,3072243,239.0,Closed,Urgent,Repair,Plumbing,Ashley Thompson,USPS,84.0,61-90,Closed,Closed,"Ashland, WA|2025-04-27"
"Bloomington, MS",2025-04-27,2025-04-27,2025-05-21,,,2025-06-12,,240.0,Closed,Urgent,Repair,HVAC PM,Ashley Thompson,Internal,46.0,31-60,Closed,Closed,"Bloomington, MS|2025-04-27"
"Cleveland, NM",2025-04-27,2025-06-09,2025-07-17,,2526355,,3072530,200.0,Closed,Urgent,Repair,Building Repairs,Kevin Miller,USPS,360.0,90+,Closed,Closed,"Cleveland, NM|2025-04-27"
"Cleveland, NM",2025-04-27,2025-06-09,2025-06-09,2025-06-18,2526355,2025-07-10,3072531,130.0,Closed,Normal,Repair,Electrical Repairs,Kevin Miller,USPS,74.0,61-90,Closed,Closed,"Cleveland, NM|2025-04-27"
"Cleveland, NM",2025-04-27,2025-05-06,2025-05-19,2025-05-19,2526355,2025-06-26,3072573,248.15,Closed,Normal,Repair,Doors,Kevin Miller,USPS,60.0,31-60,Closed,Closed,"Cleveland, NM|2025-04-27"
"Clinton, VA",2025-04-27,2025-06-03,2025-06-12,2025-06-23,2525717,2025-07-23,3071848,2000.0,Closed,Urgent,Repair,Plumbing,Kevin Miller,USPS,87.0,61-90,Closed,Closed,"Clinton, VA|2025-04-27"
"Danville, DE",2025-04-27,2025-05-08,2025-05-26,,na,2025-09-18,na,3446.85,Closed,Urgent,Repair,Utilities,Brandon Davis,USPS,144.0,90+,Closed,Closed,"Danville, DE|2025-04-27"
"Dayton, CO",2025-04-27,2025-04-29,2025-04-29,2025-05-05,2525988,2025-05-31,3072183,274.42,Closed,Urgent,Repair,Plumbing,Ashley Thompson,USPS,34.0,31-60,Closed,Closed,"Dayton, CO|2025-04-27"
"Franklin, DE",2025-04-27,2025-07-23,2025-08-09,2025-08-11,2525760,2025-08-26,3071902,700.0,Closed,Normal,Repair,Striping,Sarah Williams,USPS,121.0,90+,Closed,Closed,"Franklin, DE|2025-04-27"
"Manchester, AK",2025-04-27,2025-05-07,2025-05-15,2025-06-05,2526624,2025-06-12,3072822,157.0,Closed,Normal,Repair,Vandalism,Sarah Williams,USPS,46.0,31-60,Closed,Closed,"Manchester, AK|2025-04-27"
"Manchester, OK",2025-04-27,,,,2526675,,3072873,1000.0,Assigned,Urgent,Repair,Flooring,Ashley Thompson,USPS,360.0,90+,Not Started,Open,"Manchester, OK|2025-04-27"
"Manchester, OK",2025-04-27,2025-06-04,2025-06-17,2025-06-19,2526675,2025-06-25,3072897,752.21,Closed,Urgent,Repair,Painting,Ashley Thompson,USPS,59.0,31-60,Closed,Closed,"Manchester, OK|2025-04-27"
"Manchester, OK",2025-04-27,2025-10-16,,,2526675,,3072792,1898.76,Contracted,Urgent,Repair,Glass,Ashley Thompson,USPS,360.0,90+,In Progress,Open,"Manchester, OK|2025-04-27"
"Milton, ME",2025-04-27,2025-05-04,2025-05-05,2025-05-07,2526191,2025-06-12,3072351,265.0,Closed,Urgent,Repair,Plumbing,Ashley Thompson,USPS,46.0,31-60,Closed,Closed,"Milton, ME|2025-04-27"
"Oxford, NC",2025-04-27,2025-04-30,2025-04-30,2025-05-07,2525597,2025-05-31,3071765,100.0,Closed,Normal,Repair,Doors,Sarah Williams,USPS,34.0,31-60,Closed,Closed,"Oxford, NC|2025-04-27"
"Plymouth, SD",2025-04-27,2025-05-27,2025-06-10,2025-06-19,2527046,2025-07-10,3073334,6056.59,Closed,Urgent,Repair,HVAC Replacement,Ashley Thompson,USPS,74.0,61-90,Closed,Closed,"Plymouth, SD|2025-04-27"
"Winchester, SD",2025-04-27,2025-05-07,2025-05-18,2025-05-26,2526187,2025-06-10,3072347,200.0,Closed,Urgent,Repair,Structural,Brandon Davis,USPS,44.0,31-60,Closed,Closed,"Winchester, SD|2025-04-27"
"Columbia, FL",2025-04-28,2025-04-29,2025-04-30,2025-05-12,,2025-05-31,,200.0,Closed,Urgent,Repair,Plumbing,Sarah Williams,Internal,33.0,31-60,Closed,Closed,"Columbia, FL|2025-04-28"
"Auburn, NY",2025-04-29,2025-05-21,2025-05-21,2025-06-09,2527138,2025-10-19,3073291,1050.0,Closed,Normal,Repair,Roof Repair,Sarah Williams,USPS,173.0,90+,Closed,Closed,"Auburn, NY|2025-04-29"
"Clinton, ME",2025-04-29,2025-04-29,2025-04-29,2025-04-29,2528013,2025-05-12,3074322,414.0,Closed,Emergency,Repair,Plumbing,Brandon Davis,USPS,13.0,0-30,Closed,Closed,"Clinton, ME|2025-04-29"
"Edison, NC",2025-04-29,,2025-04-29,2025-04-29,na,2025-04-29,na,0.0,Closed,Normal,Repair,HVAC PM,Mike Johnson,USPS,0.0,0-30,Closed,Closed,"Edison, NC|2025-04-29"
"Lexington, WV",2025-04-29,2025-04-29,2025-04-29,2025-07-06,,2025-07-14,,81.9,Closed,Urgent,Repair,HVAC Repairs,Brandon Davis,Internal,76.0,61-90,Closed,Closed,"Lexington, WV|2025-04-29"
"Winchester, SD",2025-04-29,2025-05-12,2025-05-12,2025-06-05,2526473,2025-07-10,3072270,100.0,Closed,Urgent,Repair,Roof Repair,Kevin Miller,USPS,72.0,61-90,Closed,Closed,"Winchester, SD|2025-04-29"
"Albany, NC",2025-04-30,,,2025-07-12,2528182,2025-07-13,3074429,,Closed,Normal,Repair,Roof Repair,Sarah Williams,USPS,74.0,61-90,Closed,Closed,"Albany, NC|2025-04-30"
"Ashland, WA",2025-04-30,2025-05-01,2025-05-04,2025-06-12,2528178,2025-06-24,3074436,139.7,Closed,Normal,Repair,HVAC Repairs,Sarah Williams,USPS,55.0,31-60,Closed,Closed,"Ashland, WA|2025-04-30"
"Bloomington, OK",2025-04-30,2025-08-11,2025-08-17,2025-08-21,2527288,2025-09-03,3073580,922.5,Closed,Normal,Repair,Doors,Sarah Williams,USPS,126.0,90+,Closed,Closed,"Bloomington, OK|2025-04-30"
"Bristol, NJ",2025-04-30,,2025-08-12,2025-08-12,2527679,2025-08-12,3073909,0.0,Closed,Urgent,Repair,Roof Repair,Mike Johnson,USPS,104.0,90+,Closed,Closed,"Bristol, NJ|2025-04-30"
"Danville, MA",2025-04-30,2025-06-08,2025-06-11,,2527317,2025-08-05,3073471,2338.2,Closed,Urgent,Repair,HVAC Repairs,Mike Johnson,USPS,97.0,90+,Closed,Closed,"Danville, MA|2025-04-30"
"Fremont, MD",2025-04-30,2025-05-19,2025-05-19,2025-06-11,2527658,2025-06-24,3073871,485.0,Closed,Normal,Repair,Drive Thru,Sarah Williams,USPS,55.0,31-60,Closed,Closed,"Fremont, MD|2025-04-30"
"Lexington, WV",2025-04-30,2025-05-18,2025-06-22,2025-07-06,2527913,2025-07-14,3074166,724.0,Closed,Urgent,Repair,HVAC Repairs,Brandon Davis,USPS,75.0,61-90,Closed,Closed,"Lexington, WV|2025-04-30"
"Madison, HI",2025-04-30,2025-04-30,2025-05-01,2025-05-05,2528093,2025-05-07,3074399,0.0,Closed,Urgent,Repair,Roof Repair,Mike Johnson,USPS,7.0,0-30,Closed,Closed,"Madison, HI|2025-04-30"
"Mount Vernon, MA",2025-04-30,2025-05-12,2025-05-27,2025-06-23,2527464,2025-07-09,3073651,359.85,Closed,Normal,Repair,Electrical Repairs,Brandon Davis,USPS,70.0,61-90,Closed,Closed,"Mount Vernon, MA|2025-04-30"
"Mount Vernon, MA",2025-04-30,2025-05-06,2025-05-07,2025-05-07,2527463,2025-05-31,3073650,426.57,Closed,Urgent,Repair,Plumbing,Brandon Davis,USPS,31.0,31-60,Closed,Closed,"Mount Vernon, MA|2025-04-30"
"Mount Vernon, MA",2025-04-30,,2025-04-30,,2527467,2025-04-30,3073694,0.0,Closed,Urgent,Repair,Doors,Brandon Davis,USPS,0.0,0-30,Closed,Closed,"Mount Vernon, MA|2025-04-30"
"Plymouth, CA",2025-04-30,2025-05-05,2025-06-03,2025-07-16,2527339,2025-08-28,3073488,487.6,Closed,Urgent,Repair,Plumbing,Ashley Thompson,USPS,120.0,90+,Closed,Closed,"Plymouth, CA|2025-04-30"
"Springfield, AK",2025-04-30,2025-06-17,2025-08-03,2025-08-07,2527962,2025-09-04,3074201,95.0,Closed,Urgent,Repair,Glass,Ashley Thompson,USPS,127.0,90+,Closed,Closed,"Springfield, AK|2025-04-30"
"Springfield, AK",2025-04-30,,,,2527579,,3073746,,Closed,Urgent,Repair,Paving (Repair),Ashley Thompson,USPS,357.0,90+,Closed,Closed,"Springfield, AK|2025-04-30"
"Springfield, AK",2025-04-30,,,,2527562,2025-06-17,3073762,,Closed,Urgent,Repair,Roof Repair,Ashley Thompson,USPS,48.0,31-60,Closed,Closed,"Springfield, AK|2025-04-30"
"Bloomington, OK",2025-05-01,2025-05-02,2025-05-10,,na,2025-09-18,na,820.0,Closed,Urgent,Repair,HVAC Repairs,Mike Johnson,USPS,140.0,90+,Closed,Closed,"Bloomington, OK|2025-05-01"
"Danville, MA",2025-05-01,2025-05-15,2025-05-16,,na,2025-08-17,na,519.6,Closed,Urgent,Repair,HVAC Repairs,Mike Johnson,USPS,108.0,90+,Closed,Closed,"Danville, MA|2025-05-01"
"Marion, NE",2025-05-01,,,2025-05-04,2527446,2025-05-04,3073658,,Closed,Normal,Repair,Doors,Kevin Miller,USPS,3.0,0-30,Closed,Closed,"Marion, NE|2025-05-01"
"Anderson, CA",2025-05-04,2025-05-14,2025-05-29,2025-06-24,2528629,2025-07-16,3074850,385.0,Closed,Normal,Repair,Roof Repair,Sarah Williams,USPS,73.0,61-90,Closed,Closed,"Anderson, CA|2025-05-04"
"Anderson, MA",2025-05-04,2025-05-05,2025-05-11,2025-05-11,2529000,2025-06-10,3075259,183.41,Closed,Urgent,Repair,Electrical Repairs,Brandon Davis,USPS,37.0,31-60,Closed,Closed,"Anderson, MA|2025-05-04"
"Canton, KY",2025-05-04,,,,na,,na,,Assigned,Normal,Repair,Lighting,Brandon Davis,USPS,353.0,90+,Not Started,Open,"Canton, KY|2025-05-04"
"Clayton, ME",2025-05-04,2025-05-14,2025-05-20,2025-05-26,2528522,2025-05-26,3074747,0.0,Closed,Urgent,Repair,Roof Repair,Brandon Davis,USPS,22.0,0-30,Closed,Closed,"Clayton, ME|2025-05-04"
"Cleveland, WA",2025-05-04,2025-07-29,2025-08-10,2025-08-17,2528621,2025-10-13,3074843,390.0,Closed,Normal,Repair,Roof Repair,Sarah Williams,USPS,162.0,90+,Closed,Closed,"Cleveland, WA|2025-05-04"
"Columbia, MS",2025-05-04,2025-09-14,2025-10-15,2025-10-19,2528171,,3074439,35211.0,Completed,Urgent,Repair,Roof Replacement - Flat,Brandon Davis,USPS,353.0,90+,Completed Not Paid,Open,"Columbia, MS|2025-05-04"
"Dayton, NE",2025-05-04,2025-02-01,2025-09-28,,,,,220.0,Payment,Urgent,Repair,Landscaping,Ashley Thompson,Internal,353.0,90+,Financial Processing,Open,"Dayton, NE|2025-05-04"
"Florence, IL",2025-05-04,2025-05-11,2025-05-11,2025-05-19,2528467,2025-06-10,3074708,284.97,Closed,Urgent,Repair,Doors,Ashley Thompson,USPS,37.0,31-60,Closed,Closed,"Florence, IL|2025-05-04"
"Hamilton, AZ",2025-05-04,,,,2528784,,3075039,1000.0,Assigned,Urgent,Repair,Painting,Ashley Thompson,USPS,353.0,90+,Not Started,Open,"Hamilton, AZ|2025-05-04"
"Hamilton, AZ",2025-05-04,,,,2528785,,3075040,1000.0,Assigned,Urgent,Repair,Painting,Ashley Thompson,USPS,353.0,90+,Not Started,Open,"Hamilton, AZ|2025-05-04"
"Newport, CT",2025-05-04,2025-06-01,2025-06-17,2025-06-17,2528340,2025-07-13,3074558,488.94,Closed,Urgent,Repair,HVAC Repairs,Kevin Miller,USPS,70.0,61-90,Closed,Closed,"Newport, CT|2025-05-04"
"Oakland, NY",2025-05-04,2025-06-02,2025-06-12,2025-06-15,2529072,2025-06-25,3075308,684.22,Closed,Urgent,Repair,Painting,Ashley Thompson,USPS,52.0,31-60,Closed,Closed,"Oakland, NY|2025-05-04"
"Plymouth, CA",2025-05-04,2025-07-23,2025-09-01,2025-09-03,2528384,2025-09-11,3074615,800.0,Closed,Normal,Repair,Masonry,Kevin Miller,USPS,130.0,90+,Closed,Closed,"Plymouth, CA|2025-05-04"
"Danville, NM",2025-05-05,2025-05-05,2025-06-17,,,2025-06-17,,600.0,Closed,Normal,Repair,Landscaping,Brandon Davis,Internal,43.0,31-60,Closed,Closed,"Danville, NM|2025-05-05"
"Carrollton, OH",2025-05-06,2025-05-06,,,2529373,,3075738,30000.0,Assigned,Urgent,Repair,HVAC Replacement,Ashley Thompson,USPS,351.0,90+,Not Started,Open,"Carrollton, OH|2025-05-06"
"Centerville, PA",2025-05-06,2025-05-06,2025-05-06,2025-05-11,,2025-05-31,,133.44,Closed,Urgent,Repair,Plumbing,Ashley Thompson,Internal,25.0,0-30,Closed,Closed,"Centerville, PA|2025-05-06"
"Cleveland, KY",2025-05-06,2025-05-07,2025-05-09,2025-06-23,2529160,2025-07-08,3075404,217.08,Closed,Normal,Repair,Roof Repair,Sarah Williams,USPS,63.0,61-90,Closed,Closed,"Cleveland, KY|2025-05-06"
"Clinton, ME",2025-05-06,2025-05-06,2025-05-07,2025-05-11,2529628,2025-06-10,3075925,235.85,Closed,Urgent,Repair,HVAC Repairs,Ashley Thompson,USPS,35.0,31-60,Closed,Closed,"Clinton, ME|2025-05-06"
"Fairview, WI",2025-05-06,,,,2530036,2025-06-16,3076343,,Closed,Urgent,Repair,Roof Repair,Ashley Thompson,USPS,41.0,31-60,Closed,Closed,"Fairview, WI|2025-05-06"
"Bristol, WI",2025-05-07,2025-06-02,,,,,,400.0,Contracted,Normal,Repair,Doors,Sarah Williams,Internal,350.0,90+,In Progress,Open,"Bristol, WI|2025-05-07"
"Farmington, AZ",2025-05-07,2025-05-12,2025-05-12,2025-05-17,2529820,2025-06-10,3076153,200.24,Closed,Normal,Repair,HVAC Repairs,Sarah Williams,USPS,34.0,31-60,Closed,Closed,"Farmington, AZ|2025-05-07"
"Lexington, CO",2025-05-07,2025-06-19,2025-07-12,2025-07-14,2530002,2025-07-23,3076269,1575.0,Closed,Normal,Repair,Painting,Kevin Miller,USPS,77.0,61-90,Closed,Closed,"Lexington, CO|2025-05-07"
"Newport, FL",2025-05-07,2025-05-15,2025-05-16,2025-06-15,2530150,2025-06-24,3076491,374.5,Closed,Normal,Repair,Roof Repair,Sarah Williams,USPS,48.0,31-60,Closed,Closed,"Newport, FL|2025-05-07"
"Oakland, PA",2025-05-07,2025-05-07,2025-06-08,2025-06-08,2529938,2025-06-25,3076276,5500.0,Closed,Urgent,Repair,HVAC Repairs,Brandon Davis,USPS,49.0,31-60,Closed,Closed,"Oakland, PA|2025-05-07"
"Salem, WI",2025-05-07,2025-06-17,2025-07-10,2025-07-24,2529862,2025-07-23,3076181,2960.0,Closed,Normal,Repair,Paving (Repair),Sarah Williams,USPS,77.0,61-90,Closed,Closed,"Salem, WI|2025-05-07"
"Dayton, AK",2025-05-11,,,2025-05-17,2530924,2025-06-03,3077330,,Closed,Normal,Repair,Drive Thru,Sarah Williams,USPS,23.0,0-30,Closed,Closed,"Dayton, AK|2025-05-11"
"Dover, VT",2025-05-11,2025-06-22,2025-07-09,,,2025-08-05,,1315.11,Closed,Normal,Repair,HVAC PM,Sarah Williams,Internal,86.0,61-90,Closed,Closed,"Dover, VT|2025-05-11"
"Farmington, AL",2025-05-11,2025-05-11,2025-05-11,2025-05-11,2531481,2025-05-28,3077859,134.77,Closed,Emergency,Repair,HVAC Repairs,Mike Johnson,USPS,17.0,0-30,Closed,Closed,"Farmington, AL|2025-05-11"
"Oxford, NH",2025-05-11,2025-05-20,2025-05-26,2025-05-26,2530715,,3077085,80.0,Completed,Urgent,Repair,Electrical Repairs,Brandon Davis,USPS,346.0,90+,Completed Not Paid,Open,"Oxford, NH|2025-05-11"
"Oxford, WI",2025-05-11,2025-06-04,2025-06-30,2025-06-30,2530404,2025-07-13,3076762,250.0,Closed,Urgent,Repair,Concrete,Kevin Miller,USPS,63.0,61-90,Closed,Closed,"Oxford, WI|2025-05-11"
"Plymouth, CA",2025-05-11,2025-05-13,2025-05-14,2025-05-15,2530852,2025-06-22,3077245,170.0,Closed,Normal,Repair,HVAC Repairs,Sarah Williams,USPS,42.0,31-60,Closed,Closed,"Plymouth, CA|2025-05-11"
"Bloomington, MS",2025-05-12,,,,,,,,Dispute,Normal,Repair,Roof Repair,Kevin Miller,Internal,345.0,90+,Risk,Open,"Bloomington, MS|2025-05-12"
"Clinton, MN",2025-05-13,2025-05-13,2025-05-19,,na,2025-08-31,na,289.55,Closed,Urgent,Repair,Roof Repair,Mike Johnson,USPS,110.0,90+,Closed,Closed,"Clinton, MN|2025-05-13"
"Clinton, MN",2025-05-13,2025-05-13,2025-05-15,,na,2025-07-16,na,175.0,Closed,Urgent,Repair,Ceiling Tiles,Mike Johnson,USPS,64.0,61-90,Closed,Closed,"Clinton, MN|2025-05-13"
"Danville, MA",2025-05-13,2025-05-13,2025-05-16,,,,,649.5,Payment,Urgent,Repair,HVAC Repairs,Mike Johnson,Internal,344.0,90+,Financial Processing,Open,"Danville, MA|2025-05-13"
"Burlington, CO",2025-05-14,2025-06-04,2025-06-10,2025-06-12,2531866,2025-06-26,3078212,398.5,Closed,Urgent,Repair,Doors,Kevin Miller,USPS,43.0,31-60,Closed,Closed,"Burlington, CO|2025-05-14"
"Clinton, OK",2025-05-14,2025-05-15,2025-05-18,2025-06-15,2531778,2025-06-25,3078158,65.0,Closed,Urgent,Repair,HVAC Repairs,Ashley Thompson,USPS,42.0,31-60,Closed,Closed,"Clinton, OK|2025-05-14"
"Dayton, NE",2025-05-14,2025-07-23,2025-07-23,2025-07-23,2531535,,3077871,150.0,Closed,Urgent,Repair,Doors,Brandon Davis,USPS,343.0,90+,Closed,Closed,"Dayton, NE|2025-05-14"
"Milton, MA",2025-05-14,,,,2531738,,3078117,,Assigned,Normal,Repair,Gutters,Kevin Miller,USPS,343.0,90+,Not Started,Open,"Milton, MA|2025-05-14"
"Oxford, TN",2025-05-14,,,,2531908,,3078305,500.0,Assigned,Normal,Repair,Roof Repair,Sarah Williams,USPS,343.0,90+,Not Started,Open,"Oxford, TN|2025-05-14"
"Farmington, LA",2025-05-15,2025-05-19,2025-05-19,2025-05-26,2532091,2025-06-12,3078472,771.8,Closed,Urgent,Repair,Plumbing,Ashley Thompson,USPS,28.0,0-30,Closed,Closed,"Farmington, LA|2025-05-15"
"Hamilton, NY",2025-05-15,2025-06-24,2025-07-12,2025-07-20,2532267,2025-08-12,3078690,900.0,Closed,Normal,Repair,Paving (Repair),Sarah Williams,USPS,89.0,61-90,Closed,Closed,"Hamilton, NY|2025-05-15"
"Lexington, WV",2025-05-15,2025-05-18,2025-05-18,2025-07-06,,2025-07-06,,720.0,Closed,Urgent,Repair,HVAC Repairs,Brandon Davis,Internal,52.0,31-60,Closed,Closed,"Lexington, WV|2025-05-15"
"Anderson, OK",2025-05-18,2025-05-18,2025-05-21,2025-05-21,2533239,2025-07-09,3079649,647.0,Closed,Urgent,Repair,HVAC Repairs,Brandon Davis,USPS,52.0,31-60,Closed,Closed,"Anderson, OK|2025-05-18"
"Auburn, TN",2025-05-18,2025-05-18,2025-05-21,2025-05-21,2523294,2025-05-21,3069325,0.0,Closed,Urgent,Repair,Roof Repair,Mike Johnson,USPS,3.0,0-30,Closed,Closed,"Auburn, TN|2025-05-18"
"Auburn, TN",2025-05-18,,2025-10-13,,na,2025-10-13,na,0.0,Closed,Normal,Repair,Drive Thru,Mike Johnson,USPS,148.0,90+,Closed,Closed,"Auburn, TN|2025-05-18"
"Bristol, WY",2025-05-18,2025-05-18,2025-05-18,2025-05-19,2532015,2025-05-27,3078401,145.0,Closed,Urgent,Repair,HVAC Repairs,Ashley Thompson,USPS,9.0,0-30,Closed,Closed,"Bristol, WY|2025-05-18"
"Clayton, OH",2025-05-18,2025-05-18,2025-05-28,2025-05-28,2532876,,3079317,100.89,Closed,Urgent,Repair,Plumbing,Brandon Davis,USPS,339.0,90+,Closed,Closed,"Clayton, OH|2025-05-18"
"Greenville, CO",2025-05-18,,2025-05-18,,2522808,2025-05-18,3068853,0.0,Closed,Urgent,Repair,Roof Repair,Mike Johnson,USPS,0.0,0-30,Closed,Closed,"Greenville, CO|2025-05-18"
"Madison, HI",2025-05-18,2025-05-18,2025-05-19,2025-05-20,2533221,2025-05-20,3079672,0.0,Closed,Urgent,Repair,Roof Repair,Mike Johnson,USPS,2.0,0-30,Closed,Closed,"Madison, HI|2025-05-18"
"Anderson, VA",2025-05-19,2025-09-23,,,,,,1200.0,Contracted,Urgent,Repair,Masonry,Kevin Miller,Internal,338.0,90+,In Progress,Open,"Anderson, VA|2025-05-19"
"Lancaster, CA",2025-05-19,2025-08-07,2025-08-08,2025-09-11,2532099,2025-09-11,3078479,450.0,Closed,Urgent,Repair,Concrete,Kevin Miller,USPS,115.0,90+,Closed,Closed,"Lancaster, CA|2025-05-19"
"Auburn, TN",2025-05-20,2025-10-22,,,2533742,,3080239,3490.0,Contracted,Normal,Repair,Roof Repair,Sarah Williams,USPS,337.0,90+,In Progress,Open,"Auburn, TN|2025-05-20"
"Canton, KY",2025-05-20,,,,na,,na,,Assigned,Urgent,Repair,Concrete,Mike Johnson,USPS,337.0,90+,Not Started,Open,"Canton, KY|2025-05-20"
"Centerville, MS",2025-05-20,,2025-05-21,2025-05-21,2533588,2025-05-21,3080087,0.0,Closed,Urgent,Repair,HVAC Repairs,Brandon Davis,USPS,1.0,0-30,Closed,Closed,"Centerville, MS|2025-05-20"
"Farmington, DE",2025-05-20,2025-06-29,2025-06-29,2025-06-30,2533248,2025-07-23,3079699,83.0,Closed,Normal,Repair,Plumbing,Kevin Miller,USPS,64.0,61-90,Closed,Closed,"Farmington, DE|2025-05-20"
"Franklin, GA",2025-05-20,,,,2533481,,3079939,,Assigned,Normal,Repair,Misc. Repairs,Sarah Williams,USPS,337.0,90+,Not Started,Open,"Franklin, GA|2025-05-20"
"Mount Vernon, NV",2025-05-20,2025-11-17,2025-09-30,2025-09-30,2533322,,3079775,11285.0,Payment,Normal,Repair,Paving (Replacement),Jessica Martin,USPS,337.0,90+,Financial Processing,Open,"Mount Vernon, NV|2025-05-20"
"Oakland, WV",2025-05-20,,,2025-06-18,2533709,2025-06-18,3080208,,Closed,Normal,Repair,Doors,Sarah Williams,USPS,29.0,0-30,Closed,Closed,"Oakland, WV|2025-05-20"
"Oxford, NJ",2025-05-20,2025-05-21,2025-05-26,2025-06-15,2533441,2025-08-12,3079902,366.66,Closed,Urgent,Repair,HVAC Repairs,Ashley Thompson,USPS,84.0,61-90,Closed,Closed,"Oxford, NJ|2025-05-20"
"Burlington, MN",2025-05-21,2025-05-11,2025-05-12,,,2025-06-10,,83.05,Closed,Urgent,Repair,HVAC Repairs,Ashley Thompson,Internal,20.0,0-30,Closed,Closed,"Burlington, MN|2025-05-21"
"Danville, NE",2025-05-22,2025-08-01,2025-07-13,2025-10-05,2533974,2025-09-15,3080581,200.0,Closed,Urgent,Repair,HVAC Repairs,Brandon Davis,USPS,116.0,90+,Closed,Closed,"Danville, NE|2025-05-22"
"Farmington, AL",2025-05-22,2025-08-04,,,2533672,,3080167,1400.0,Contracted,Urgent,Repair,Building Repairs,Kevin Miller,USPS,335.0,90+,In Progress,Open,"Farmington, AL|2025-05-22"
"Jackson, NM",2025-05-22,2025-06-23,,,2534532,,3081140,850.0,Contracted,Urgent,Repair,Flooring,Kevin Miller,USPS,335.0,90+,In Progress,Open,"Jackson, NM|2025-05-22"
"Jackson, PA",2025-05-22,2025-05-22,2025-05-29,2025-09-14,2533905,2025-09-28,3080440,1428.05,Closed,Urgent,Repair,Roof Repair,Kevin Miller,USPS,129.0,90+,Closed,Closed,"Jackson, PA|2025-05-22"
"Kingston, PA",2025-05-22,,,,2534670,,3081253,,Assigned,Urgent,Repair,Sidewalk (Repair),Kevin Miller,USPS,335.0,90+,Not Started,Open,"Kingston, PA|2025-05-22"
"Kingston, PA",2025-05-22,2025-06-16,2025-07-01,,2534670,2025-08-18,3081220,382.0,Closed,Normal,Repair,HVAC Repairs,Sarah Williams,USPS,88.0,61-90,Closed,Closed,"Kingston, PA|2025-05-22"
"Kingston, PA",2025-05-22,,,,2534670,2025-08-12,3081190,,Closed,Urgent,Repair,Gutters,Kevin Miller,USPS,82.0,61-90,Closed,Closed,"Kingston, PA|2025-05-22"
"Troy, KY",2025-05-22,2025-06-26,2025-07-14,2025-07-15,2534254,2025-07-23,3080790,650.0,Closed,Urgent,Repair,Roof Repair,Ashley Thompson,USPS,62.0,61-90,Closed,Closed,"Troy, KY|2025-05-22"
"Winchester, MS",2025-05-24,2025-07-09,2025-07-31,,,2025-08-12,,12245.0,Closed,Urgent,Repair,Storm/Flood Cleanup,Mike Johnson,Internal,80.0,61-90,Closed,Closed,"Winchester, MS|2025-05-24"
"Clinton, MD",2025-05-26,2025-05-27,2025-05-27,2025-05-28,2536390,2025-07-08,3083012,823.18,Closed,Emergency,Repair,Drive Thru,Mike Johnson,USPS,43.0,31-60,Closed,Closed,"Clinton, MD|2025-05-26"
"Danville, MA",2025-05-26,,2025-06-01,,2535451,2025-06-10,3081971,,Closed,Urgent,Repair,Plumbing,Brandon Davis,USPS,15.0,0-30,Closed,Closed,"Danville, MA|2025-05-26"
"Hamilton, ND",2025-05-26,2025-06-25,,,2534948,,3081507,2000.0,Contracted,Urgent,Repair,Flooring,Kevin Miller,USPS,331.0,90+,In Progress,Open,"Hamilton, ND|2025-05-26"
"Hamilton, ND",2025-05-26,2025-10-02,2025-10-05,2025-10-06,2534948,,3081508,225.0,Waiting For Bill,Urgent,Repair,Doors,Kevin Miller,USPS,331.0,90+,Completed Not Paid,Open,"Hamilton, ND|2025-05-26"
"Kingston, HI",2025-05-26,2025-06-09,2025-06-29,2025-07-14,,,,150.0,Payment,Urgent,Repair,Landscaping,Ashley Thompson,Internal,331.0,90+,Financial Processing,Open,"Kingston, HI|2025-05-26"
"Lancaster, PA",2025-05-26,2025-05-28,2025-07-24,,,2025-09-03,,250.0,Closed,Urgent,Repair,Property Inspection,Brandon Davis,Internal,100.0,90+,Closed,Closed,"Lancaster, PA|2025-05-26"
"Madison, AR",2025-05-26,2025-06-23,2025-06-26,2025-07-21,2535678,2025-07-24,3082186,700.0,Closed,Urgent,Repair,Gutters,Ashley Thompson,USPS,59.0,31-60,Closed,Closed,"Madison, AR|2025-05-26"
"Marion, NE",2025-05-26,2025-06-25,2025-07-08,2025-07-22,2535759,2025-08-05,3082340,385.0,Closed,Urgent,Repair,Doors,Kevin Miller,USPS,71.0,61-90,Closed,Closed,"Marion, NE|2025-05-26"
"Oxford, LA",2025-05-26,2025-06-09,2025-06-10,2025-06-23,2535272,2025-07-10,3081851,200.0,Closed,Urgent,Repair,Glass,Ashley Thompson,USPS,45.0,31-60,Closed,Closed,"Oxford, LA|2025-05-26"
"Oxford, LA",2025-05-26,2025-05-27,2025-06-04,2025-07-08,2535269,2025-09-03,3081848,303.0,Closed,Normal,Repair,HVAC Repairs,Sarah Williams,USPS,100.0,90+,Closed,Closed,"Oxford, LA|2025-05-26"
"Georgetown, SD",2025-05-27,2025-05-27,2025-06-19,2025-06-23,2536670,,3083304,260.0,Closed,Emergency,Repair,HVAC Repairs,Mike Johnson,USPS,330.0,90+,Closed,Closed,"Georgetown, SD|2025-05-27"
"Centerville, PA",2025-05-28,2025-06-09,2025-06-19,2025-06-22,2535743,2025-07-09,3082326,250.0,Closed,Urgent,Repair,Doors,Brandon Davis,USPS,42.0,31-60,Closed,Closed,"Centerville, PA|2025-05-28"
"Centerville, PA",2025-05-28,2025-06-01,2025-07-28,2025-07-28,2536074,2025-08-27,3082694,0.0,Closed,Urgent,Repair,Flooring,Brandon Davis,USPS,91.0,90+,Closed,Closed,"Centerville, PA|2025-05-28"
"Cleveland, MI",2025-05-28,2025-06-22,2025-06-23,2025-06-26,2536238,2025-07-10,3082824,300.0,Closed,Urgent,Repair,Plumbing,Ashley Thompson,USPS,43.0,31-60,Closed,Closed,"Cleveland, MI|2025-05-28"
"Columbia, DE",2025-05-28,2025-06-01,2025-06-01,2025-06-15,2535728,2025-06-25,3082472,465.0,Closed,Urgent,Repair,HVAC Repairs,Ashley Thompson,USPS,28.0,0-30,Closed,Closed,"Columbia, DE|2025-05-28"
"Edison, NH",2025-05-28,,2025-05-28,2025-05-28,2536322,2025-05-28,3083010,0.0,Closed,Urgent,Repair,HVAC Repairs,Mike Johnson,USPS,0.0,0-30,Closed,Closed,"Edison, NH|2025-05-28"
"Greenville, SD",2025-05-28,2025-08-11,2025-08-21,2025-08-24,2536401,2025-09-03,3082966,550.0,Closed,Normal,Repair,Drive Thru,Sarah Williams,USPS,98.0,90+,Closed,Closed,"Greenville, SD|2025-05-28"
"Lancaster, UT",2025-05-28,2025-08-21,,,2534485,,3081054,500.0,Contracted,Normal,Repair,Roof Repair,Sarah Williams,USPS,329.0,90+,In Progress,Open,"Lancaster, UT|2025-05-28"
"Newport, WY",2025-05-28,,,2025-06-02,2535839,2025-06-02,3082421,,Closed,Urgent,Repair,Roof Repair,Kevin Miller,USPS,5.0,0-30,Closed,Closed,"Newport, WY|2025-05-28"
"Newport, WY",2025-05-28,2025-07-10,,,2535856,,3082460,750.0,Contracted,Urgent,Repair,Building Repairs,Kevin Miller,USPS,329.0,90+,In Progress,Open,"Newport, WY|2025-05-28"
"Newport, WY",2025-05-28,2025-07-10,,,2535834,,3082458,300.0,Contracted,Normal,Repair,Painting,Kevin Miller,USPS,329.0,90+,In Progress,Open,"Newport, WY|2025-05-28"
"Oxford, LA",2025-05-28,2025-06-26,2025-06-29,2025-07-08,2536049,2025-10-13,3082702,292.0,Closed,Normal,Repair,HVAC Repairs,Sarah Williams,USPS,138.0,90+,Closed,Closed,"Oxford, LA|2025-05-28"
"Bloomington, AZ",2025-05-29,2025-06-23,2025-06-29,2025-06-29,2536626,2025-07-20,3083293,800.0,Closed,Urgent,Repair,Plumbing,Ashley Thompson,USPS,52.0,31-60,Closed,Closed,"Bloomington, AZ|2025-05-29"
"Bristol, LA",2025-05-29,2025-05-29,2025-06-01,2025-06-01,2538447,2025-06-24,3085161,1350.0,Closed,Emergency,Repair,HVAC Repairs,Mike Johnson,USPS,26.0,0-30,Closed,Closed,"Bristol, LA|2025-05-29"
"Jackson, NM",2025-05-29,2025-06-10,2025-06-15,2025-06-19,2536947,2025-09-18,3083615,50.0,Closed,Urgent,Repair,Gutters,Ashley Thompson,USPS,112.0,90+,Closed,Closed,"Jackson, NM|2025-05-29"
"Mount Vernon, KS",2025-05-29,2025-06-01,2025-06-02,2025-06-02,2536646,2025-07-08,3083268,,Closed,Normal,Repair,HVAC Repairs,Sarah Williams,USPS,40.0,31-60,Closed,Closed,"Mount Vernon, KS|2025-05-29"
"Hamilton, AZ",2025-05-31,2025-06-09,2025-06-12,2025-06-15,2537634,2025-06-26,3084280,650.0,Closed,Urgent,Repair,Paving (Repair),Kevin Miller,USPS,26.0,0-30,Closed,Closed,"Hamilton, AZ|2025-05-31"
"Newport, ME",2025-05-31,2025-06-23,2025-08-04,2025-08-10,2538163,2025-08-25,3084843,300.0,Closed,Urgent,Repair,Ceiling Tiles,Ashley Thompson,USPS,86.0,61-90,Closed,Closed,"Newport, ME|2025-05-31"
"Newport, ME",2025-05-31,2025-07-13,2025-08-05,2025-08-10,2538149,2025-09-21,3084936,550.0,Closed,Urgent,Repair,Painting,Ashley Thompson,USPS,113.0,90+,Closed,Closed,"Newport, ME|2025-05-31"
"Newport, ME",2025-05-31,2025-06-12,2025-06-12,2025-06-24,2538230,2025-07-21,3084925,105.0,Closed,Urgent,Repair,Plumbing,Ashley Thompson,USPS,51.0,31-60,Closed,Closed,"Newport, ME|2025-05-31"
"Newport, ME",2025-05-31,2025-06-26,2025-08-05,2025-08-10,2538147,2025-08-25,3084933,556.4,Closed,Urgent,Repair,Plumbing,Ashley Thompson,USPS,86.0,61-90,Closed,Closed,"Newport, ME|2025-05-31"
"Salem, WI",2025-05-31,2025-06-15,2025-06-24,2025-07-22,2537122,2025-07-29,3083750,,Closed,Urgent,Repair,Doors,Kevin Miller,USPS,59.0,31-60,Closed,Closed,"Salem, WI|2025-05-31"
"Clayton, ME",2025-06-01,2025-06-01,2025-06-16,,2538092,2025-09-03,3084790,270.0,Closed,Urgent,Repair,Roof Repair,Brandon Davis,USPS,94.0,90+,Closed,Closed,"Clayton, ME|2025-06-01"
"Columbia, MO",2025-06-01,2025-06-01,2025-06-04,2025-06-16,2538194,2025-06-25,3084888,208.44,Closed,Urgent,Repair,HVAC Repairs,Brandon Davis,USPS,24.0,0-30,Closed,Closed,"Columbia, MO|2025-06-01"
"Florence, MT",2025-06-01,,,2025-06-05,2537446,2025-06-08,3084137,,Closed,Normal,Repair,Paving (Repair),Sarah Williams,USPS,7.0,0-30,Closed,Closed,"Florence, MT|2025-06-01"
"Hamilton, ND",2025-06-01,2025-06-01,2025-06-01,,na,2025-06-24,na,406.0,Closed,Urgent,Repair,HVAC PM,Mike Johnson,USPS,23.0,0-30,Closed,Closed,"Hamilton, ND|2025-06-01"
"Hudson, MO",2025-06-01,2025-06-01,2025-06-02,2025-06-03,2536704,2025-07-13,3083344,1709.52,Closed,Emergency,Repair,HVAC Repairs,Mike Johnson,USPS,42.0,31-60,Closed,Closed,"Hudson, MO|2025-06-01"
"Newport, ME",2025-06-01,2025-06-01,2025-07-09,2025-07-09,2537134,2025-08-13,3083783,150.0,Closed,Urgent,Repair,Electrical Repairs,Brandon Davis,USPS,73.0,61-90,Closed,Closed,"Newport, ME|2025-06-01"
"Salem, MD",2025-06-01,2025-06-08,2025-06-11,2025-06-23,2537265,2025-06-24,3083892,,Closed,Normal,Repair,Roof Repair,Sarah Williams,USPS,23.0,0-30,Closed,Closed,"Salem, MD|2025-06-01"
"Dayton, NE",2025-06-02,2025-05-01,2025-05-21,,,2025-06-12,,246.84,Closed,Urgent,Repair,HVAC PM,Ashley Thompson,Internal,10.0,0-30,Closed,Closed,"Dayton, NE|2025-06-02"
"Marion, PA",2025-06-02,,2025-06-02,,,2025-06-02,,,Closed,Normal,Repair,Roof Repair,Brandon Davis,Internal,0.0,0-30,Closed,Closed,"Marion, PA|2025-06-02"
"Marion, PA",2025-06-02,2025-06-30,2025-08-14,2025-09-16,,2025-09-28,,1300.0,Closed,Urgent,Repair,Flooring,Brandon Davis,Internal,118.0,90+,Closed,Closed,"Marion, PA|2025-06-02"
"Newport, VA",2025-06-02,2025-06-02,2025-06-10,2025-06-16,2528902,2025-06-24,3075151,906.41,Closed,Urgent,Repair,HVAC Repairs,Mike Johnson,USPS,22.0,0-30,Closed,Closed,"Newport, VA|2025-06-02"
"Farmington, MT",2025-06-03,2025-06-03,2025-06-04,2025-06-11,2538947,2025-07-30,3085717,0.0,Closed,Urgent,Repair,HVAC Repairs,Mike Johnson,USPS,57.0,31-60,Closed,Closed,"Farmington, MT|2025-06-03"
"Kingston, ME",2025-06-03,2025-06-03,2025-06-03,2025-06-03,,2025-06-12,,100.0,Closed,Urgent,Repair,HVAC Repairs,Sarah Williams,Internal,9.0,0-30,Closed,Closed,"Kingston, ME|2025-06-03"
"Newport, ME",2025-06-03,2025-07-13,2025-08-30,2025-08-31,2538150,2025-09-11,3084937,100.0,Closed,Urgent,Repair,Painting,Ashley Thompson,USPS,100.0,90+,Closed,Closed,"Newport, ME|2025-06-03"
"Norwood, NJ",2025-06-03,2025-06-03,2025-06-03,2025-06-04,2539850,2025-06-12,3086661,356.0,Closed,Emergency,Repair,Vandalism,Sarah Williams,USPS,9.0,0-30,Closed,Closed,"Norwood, NJ|2025-06-03"
"Auburn, TN",2025-06-04,2025-07-09,2025-07-17,2025-07-21,2539146,2025-08-05,3085907,464.99,Closed,Urgent,Repair,Doors,Kevin Miller,USPS,62.0,61-90,Closed,Closed,"Auburn, TN|2025-06-04"
"Bloomington, MS",2025-06-04,2025-06-10,2025-06-19,2025-07-10,2539617,2025-08-06,3086340,3100.0,Closed,Urgent,Repair,HVAC Repairs,Brandon Davis,USPS,63.0,61-90,Closed,Closed,"Bloomington, MS|2025-06-04"
"Clinton, OK",2025-06-04,2025-06-10,2025-06-23,2025-06-24,2539101,2025-07-13,3085847,513.09,Closed,Urgent,Repair,Building Repairs,Kevin Miller,USPS,39.0,31-60,Closed,Closed,"Clinton, OK|2025-06-04"
"Norwood, NH",2025-06-04,2025-09-10,2025-09-11,2025-10-14,2539193,,3085927,750.0,Payment,Urgent,Repair,Paving (Repair),Kevin Miller,USPS,322.0,90+,Financial Processing,Open,"Norwood, NH|2025-06-04"
"Rockville, KY",2025-06-04,2025-08-03,2025-08-22,2025-08-31,2539501,2025-10-06,3086235,400.0,Closed,Normal,Repair,Roof Repair,Sarah Williams,USPS,124.0,90+,Closed,Closed,"Rockville, KY|2025-06-04"
"Salem, PA",2025-06-04,2025-06-08,2025-06-10,2025-06-12,2538901,2025-08-18,3085667,400.0,Closed,Urgent,Repair,HVAC Repairs,Brandon Davis,USPS,75.0,61-90,Closed,Closed,"Salem, PA|2025-06-04"
"Anderson, VA",2025-06-05,2025-10-07,2025-10-16,2025-10-17,2540594,,3087507,180.0,Payment,Urgent,Repair,Roof Repair,Kevin Miller,USPS,321.0,90+,Financial Processing,Open,"Anderson, VA|2025-06-05"
"Clinton, MN",2025-06-05,2025-06-09,2025-10-13,,,,,210.0,Payment,Urgent,Repair,Landscaping,Ashley Thompson,Internal,321.0,90+,Financial Processing,Open,"Clinton, MN|2025-06-05"
"Georgetown, MO",2025-06-05,2025-06-09,2025-06-09,2025-06-21,2539968,2025-07-08,3086760,90.73,Closed,Normal,Repair,HVAC Repairs,Sarah Williams,USPS,33.0,31-60,Closed,Closed,"Georgetown, MO|2025-06-05"
"Lancaster, CA",2025-06-05,2025-06-05,2025-06-08,2025-06-12,,,,300.0,Completed,Urgent,Repair,HVAC Repairs,Mike Johnson,Internal,321.0,90+,Completed Not Paid,Open,"Lancaster, CA|2025-06-05"
"Oakland, MI",2025-06-05,2025-06-10,2025-06-11,2025-06-18,2540208,2025-07-08,3087002,920.15,Closed,Normal,Repair,HVAC PM,Sarah Williams,USPS,33.0,31-60,Closed,Closed,"Oakland, MI|2025-06-05"
"Albany, AL",2025-06-08,2025-06-08,2025-06-19,,2540870,2025-08-12,3087687,270.64,Closed,Normal,Repair,Roof Repair,Sarah Williams,USPS,65.0,61-90,Closed,Closed,"Albany, AL|2025-06-08"
"Ashland, WA",2025-06-08,2025-06-08,2025-06-09,2025-06-09,2541707,2025-06-11,3088594,176.5,Closed,Emergency,Repair,HVAC Repairs,Mike Johnson,USPS,3.0,0-30,Closed,Closed,"Ashland, WA|2025-06-08"
"Auburn, SC",2025-06-08,2025-06-16,2025-06-29,2025-06-30,2540536,2025-07-13,3087299,398.0,Closed,Urgent,Repair,Building Repairs,Kevin Miller,USPS,35.0,31-60,Closed,Closed,"Auburn, SC|2025-06-08"
"Canton, NV",2025-06-08,2025-07-17,2025-07-20,2025-07-28,2540016,2025-08-06,3086815,450.0,Closed,Urgent,Repair,Flooring,Ashley Thompson,USPS,59.0,31-60,Closed,Closed,"Canton, NV|2025-06-08"
"Canton, NV",2025-06-08,2025-08-04,2025-08-25,2025-08-31,2540016,2025-09-21,3086813,343.0,Closed,Urgent,Repair,Doors,Ashley Thompson,USPS,105.0,90+,Closed,Closed,"Canton, NV|2025-06-08"
"Clinton, MO",2025-06-08,2025-06-19,2025-06-28,2025-06-30,2540533,2025-07-10,3087407,363.0,Closed,Urgent,Repair,Electrical Repairs,Ashley Thompson,USPS,32.0,31-60,Closed,Closed,"Clinton, MO|2025-06-08"
"Farmington, VT",2025-06-08,2025-06-08,2025-06-27,2025-07-08,,2025-07-20,,2949.0,Closed,Urgent,Repair,Paving (Repair),Ashley Thompson,Internal,42.0,31-60,Closed,Closed,"Farmington, VT|2025-06-08"
"Florence, KY",2025-06-08,2025-01-01,2025-03-31,,,2025-06-12,,52.93,Closed,Urgent,Repair,Landscaping,Ashley Thompson,Internal,4.0,0-30,Closed,Closed,"Florence, KY|2025-06-08"
"Georgetown, OR",2025-06-08,2025-06-08,2025-06-08,2025-06-09,2541846,,3088693,200.0,Completed,Emergency,Repair,Drive Thru,Mike Johnson,USPS,318.0,90+,Completed Not Paid,Open,"Georgetown, OR|2025-06-08"
"Bristol, LA",2025-06-10,2025-06-10,2025-07-07,,na,2025-07-23,na,70.0,Closed,Normal,Repair,Plumbing,Mike Johnson,USPS,43.0,31-60,Closed,Closed,"Bristol, LA|2025-06-10"
"Burlington, MN",2025-06-10,2025-06-15,2025-06-18,2025-06-19,2541990,2025-07-13,3088943,273.63,Closed,Urgent,Repair,Building Repairs,Kevin Miller,USPS,33.0,31-60,Closed,Closed,"Burlington, MN|2025-06-10"
"Georgetown, OR",2025-06-10,2025-09-10,,,2541846,,3088695,3100.0,Deposit,Urgent,Repair,Drive Thru,Kevin Miller,USPS,316.0,90+,In Progress,Open,"Georgetown, OR|2025-06-10"
"Lancaster, ID",2025-06-10,2025-06-18,2025-06-18,2025-07-06,2541057,2025-07-13,3087854,118.86,Closed,Urgent,Repair,Doors,Kevin Miller,USPS,33.0,31-60,Closed,Closed,"Lancaster, ID|2025-06-10"
"Anderson, MA",2025-06-11,2025-08-31,2025-10-08,2025-10-08,2541942,2025-10-19,3088788,4500.0,Closed,Normal,Repair,Drive Thru,Sarah Williams,USPS,130.0,90+,Closed,Closed,"Anderson, MA|2025-06-11"
"Bloomington, AZ",2025-06-11,2025-06-01,,,,,,570.0,Payment,Urgent,Repair,HVAC PM,Ashley Thompson,Internal,315.0,90+,Financial Processing,Open,"Bloomington, AZ|2025-06-11"
"Clinton, VT",2025-06-11,,,,,,,1000.0,Assigned,Urgent,Repair,Flooring,Brandon Davis,Internal,315.0,90+,Not Started,Open,"Clinton, VT|2025-06-11"
"Clinton, VT",2025-06-11,2025-07-24,2025-07-28,,,2025-08-13,,200.0,Closed,Normal,Repair,Gutters,Brandon Davis,Internal,63.0,61-90,Closed,Closed,"Clinton, VT|2025-06-11"
"Clinton, VT",2025-06-11,,2025-06-24,2025-06-24,,2025-06-24,,0.0,Closed,Normal,Repair,Plumbing,Brandon Davis,Internal,13.0,0-30,Closed,Closed,"Clinton, VT|2025-06-11"
"Columbia, HI",2025-06-11,2025-06-12,2025-06-17,,,2025-06-17,,0.0,Closed,Urgent,Repair,Roof Repair,Brandon Davis,Internal,6.0,0-30,Closed,Closed,"Columbia, HI|2025-06-11"
"Danville, DE",2025-06-11,2025-04-30,2025-09-28,,,,,150.0,Payment,Urgent,Repair,Landscaping,Ashley Thompson,Internal,315.0,90+,Financial Processing,Open,"Danville, DE|2025-06-11"
"Danville, MA",2025-06-11,2025-06-18,2025-06-18,,2541415,,3088263,0.0,Assigned,Urgent,Repair,Plumbing,Brandon Davis,USPS,315.0,90+,Not Started,Open,"Danville, MA|2025-06-11"
"Danville, NM",2025-06-11,2025-06-11,2025-06-15,2025-06-15,2541630,2025-06-18,3088448,0.0,Closed,Urgent,Repair,HVAC Repairs,Brandon Davis,USPS,7.0,0-30,Closed,Closed,"Danville, NM|2025-06-11"
"Danville, NM",2025-06-11,2025-07-22,,,na,,na,22732.5,Contracted,Urgent,Repair,Environmental Repairs,Mike Johnson,USPS,315.0,90+,In Progress,Open,"Danville, NM|2025-06-11"
"Florence, IL",2025-06-11,2025-05-01,2025-05-20,,,2025-06-25,,451.0,Closed,Urgent,Repair,HVAC PM,Ashley Thompson,Internal,14.0,0-30,Closed,Closed,"Florence, IL|2025-06-11"
"Kingston, UT",2025-06-11,2025-09-04,2025-09-10,2025-09-10,2542128,2025-09-18,3089029,19279.85,Closed,Urgent,Repair,HVAC Replacement,Sarah Williams,USPS,99.0,90+,Closed,Closed,"Kingston, UT|2025-06-11"
"Madison, RI",2025-06-11,2025-08-06,,,na,,na,1550.0,Deposit,Urgent,Repair,Ceiling Tiles,Kevin Miller,USPS,315.0,90+,In Progress,Open,"Madison, RI|2025-06-11"
"Fremont, MD",2025-06-12,2025-06-16,2025-07-17,2025-07-28,2542487,2025-09-03,3089375,6250.0,Closed,Urgent,Repair,HVAC Replacement,Sarah Williams,USPS,83.0,61-90,Closed,Closed,"Fremont, MD|2025-06-12"
"Rockville, MS",2025-06-12,2025-06-12,2025-06-12,,na,2025-06-24,na,975.0,Closed,Urgent,Repair,Landscaping,Mike Johnson,USPS,12.0,0-30,Closed,Closed,"Rockville, MS|2025-06-12"
"Springfield, NC",2025-06-12,,,,2542397,,3089236,2500.0,Assigned,Normal,Repair,Roof Repair,Sarah Williams,USPS,314.0,90+,Not Started,Open,"Springfield, NC|2025-06-12"
"Canton, NC",2025-06-15,2025-07-31,2025-08-10,2025-09-22,2543582,2025-09-22,3090410,300.0,Closed,Urgent,Repair,Ceiling Tiles,Brandon Davis,USPS,99.0,90+,Closed,Closed,"Canton, NC|2025-06-15"
"Canton, NC",2025-06-15,2025-06-22,2025-07-01,2025-07-14,2543582,2025-07-14,3090459,0.0,Closed,Urgent,Repair,Roof Repair,Brandon Davis,USPS,29.0,0-30,Closed,Closed,"Canton, NC|2025-06-15"
"Cleveland, MI",2025-06-15,2025-07-10,2025-07-17,2025-07-22,2543147,2025-09-03,3090024,700.0,Closed,Normal,Repair,Paving (Repair),Kevin Miller,USPS,80.0,61-90,Closed,Closed,"Cleveland, MI|2025-06-15"
"Cleveland, NH",2025-06-15,2025-09-21,2025-10-16,2025-10-20,2543326,,3090233,11200.0,Completed,Urgent,Repair,Roof Repair,Kevin Miller,USPS,311.0,90+,Completed Not Paid,Open,"Cleveland, NH|2025-06-15"
"Danville, MA",2025-06-15,2025-06-16,2025-07-06,2025-10-06,2542984,2025-10-19,3089850,1000.0,Closed,Urgent,Repair,Paving (Repair),Brandon Davis,USPS,126.0,90+,Closed,Closed,"Danville, MA|2025-06-15"
"Danville, MA",2025-06-15,2025-06-16,2025-07-08,2025-07-21,2543011,2025-07-24,3089904,100.0,Closed,Urgent,Repair,Plumbing,Ashley Thompson,USPS,39.0,31-60,Closed,Closed,"Danville, MA|2025-06-15"
"Florence, MT",2025-06-15,2025-06-15,2025-06-19,2025-07-21,2542873,2025-08-06,3089729,125.0,Closed,Urgent,Repair,HVAC Repairs,Ashley Thompson,USPS,52.0,31-60,Closed,Closed,"Florence, MT|2025-06-15"
"Florence, MT",2025-06-15,2025-06-15,2025-06-19,2025-07-22,2543644,2025-08-06,3090535,157.9,Closed,Urgent,Repair,Plumbing,Ashley Thompson,USPS,52.0,31-60,Closed,Closed,"Florence, MT|2025-06-15"
"Greenville, NM",2025-06-15,2025-06-24,2025-06-29,2025-07-13,2542722,2025-07-21,3089500,250.0,Closed,Urgent,Repair,Electrical Repairs,Brandon Davis,USPS,36.0,31-60,Closed,Closed,"Greenville, NM|2025-06-15"
"Madison, NE",2025-06-15,2025-06-23,2025-07-07,2025-07-08,2543482,2025-08-19,3090333,164.76,Closed,Urgent,Repair,Plumbing,Kevin Miller,USPS,65.0,61-90,Closed,Closed,"Madison, NE|2025-06-15"
"Marion, NE",2025-06-15,2025-09-22,,,2543161,,3090033,200.0,Contracted,Normal,Repair,Paving (Repair),Kevin Miller,USPS,311.0,90+,In Progress,Open,"Marion, NE|2025-06-15"
"Mount Vernon, AR",2025-06-15,2025-06-15,2025-06-15,,2543313,2025-06-22,3090203,0.0,Closed,Urgent,Repair,HVAC Repairs,Mike Johnson,USPS,7.0,0-30,Closed,Closed,"Mount Vernon, AR|2025-06-15"
"Bloomington, OK",2025-06-16,2025-07-30,2025-08-18,2025-08-25,2544224,2025-09-03,3091159,1719.27,Closed,Urgent,Repair,Electrical Repairs,Brandon Davis,USPS,79.0,61-90,Closed,Closed,"Bloomington, OK|2025-06-16"
"Farmington, AZ",2025-06-16,2025-07-10,2025-08-24,2025-08-24,2544339,2025-09-04,3091254,450.0,Closed,Urgent,Repair,Building Repairs,Ashley Thompson,USPS,80.0,61-90,Closed,Closed,"Farmington, AZ|2025-06-16"
"Florence, ID",2025-06-16,2025-09-22,,,2535624,,3082303,550.0,Contracted,Urgent,Repair,Gutters,Ashley Thompson,USPS,310.0,90+,In Progress,Open,"Florence, ID|2025-06-16"
"Franklin, MS",2025-06-16,2025-08-11,2025-10-02,2025-10-07,2544222,,3091157,374.74,Payment,Normal,Repair,Concrete,Kevin Miller,USPS,310.0,90+,Financial Processing,Open,"Franklin, MS|2025-06-16"
"Greenville, CO",2025-06-16,2025-06-16,2025-08-06,2025-08-06,,2025-08-06,,0.0,Closed,Normal,Repair,Electrical Repairs,Brandon Davis,Internal,51.0,31-60,Closed,Closed,"Greenville, CO|2025-06-16"
"Greenville, IL",2025-06-16,2025-06-14,2025-06-16,,na,2025-07-20,na,1196.0,Closed,Normal,Repair,HVAC PM,Mike Johnson,USPS,34.0,31-60,Closed,Closed,"Greenville, IL|2025-06-16"
"Oakland, PA",2025-06-16,,2025-08-07,2025-09-22,2544500,2025-09-22,3091403,1000.0,Closed,Urgent,Repair,Restoration,Brandon Davis,USPS,98.0,90+,Closed,Closed,"Oakland, PA|2025-06-16"
"Salem, NM",2025-06-16,2025-06-16,2025-07-02,2025-08-05,2544307,2025-07-20,3091275,0.0,Closed,Urgent,Repair,Roof Repair,Mike Johnson,USPS,34.0,31-60,Closed,Closed,"Salem, NM|2025-06-16"
"Gainesville, AK",2025-06-19,,,2025-06-30,2545755,2025-06-30,3092693,,Closed,Emergency,Repair,Roof Repair,Sarah Williams,USPS,11.0,0-30,Closed,Closed,"Gainesville, AK|2025-06-19"
"Gainesville, AK",2025-06-19,,,,2525047,2025-06-19,3071218,,Closed,Urgent,Repair,Roof Repair,Mike Johnson,USPS,0.0,0-30,Closed,Closed,"Gainesville, AK|2025-06-19"
"Auburn, MD",2025-06-20,2025-07-09,2025-07-13,2025-07-18,2546089,2025-07-23,3093008,697.0,Closed,Urgent,Repair,Electrical Repairs,Ashley Thompson,USPS,33.0,31-60,Closed,Closed,"Auburn, MD|2025-06-20"
"Fairview, AL",2025-06-20,2025-06-23,2025-07-01,2025-07-14,2546370,2025-07-23,3093453,127.03,Closed,Normal,Repair,HVAC Repairs,Sarah Williams,USPS,33.0,31-60,Closed,Closed,"Fairview, AL|2025-06-20"
"Hudson, MO",2025-06-20,2025-08-07,2025-08-07,2025-08-07,2545482,2025-08-19,3092386,125.0,Closed,Normal,Repair,HVAC Repairs,Kevin Miller,USPS,60.0,31-60,Closed,Closed,"Hudson, MO|2025-06-20"
"Lancaster, PA",2025-06-20,2025-08-19,2025-09-04,,2546523,2025-09-30,3093535,150.0,Closed,Urgent,Repair,Ceiling Tiles,Ashley Thompson,USPS,102.0,90+,Closed,Closed,"Lancaster, PA|2025-06-20"
"Ashland, GA",2025-06-22,,,,2545389,,3092346,250.0,Assigned,Urgent,Repair,Masonry,Brandon Davis,USPS,304.0,90+,Not Started,Open,"Ashland, GA|2025-06-22"
"Ashland, GA",2025-06-22,2025-07-09,2025-07-29,2025-07-30,2545389,2025-08-24,3092347,500.0,Closed,Urgent,Repair,Electrical Repairs,Brandon Davis,USPS,63.0,61-90,Closed,Closed,"Ashland, GA|2025-06-22"
"Dover, AK",2025-06-22,2025-06-22,2025-06-23,2025-06-23,2545987,2025-07-09,3092941,206.0,Closed,Urgent,Repair,HVAC Repairs,Brandon Davis,USPS,17.0,0-30,Closed,Closed,"Dover, AK|2025-06-22"
"Georgetown, ME",2025-06-22,2025-06-23,2025-06-24,2025-06-25,2545646,2025-08-13,3092623,100.0,Closed,Urgent,Repair,HVAC Repairs,Brandon Davis,USPS,52.0,31-60,Closed,Closed,"Georgetown, ME|2025-06-22"
"Greenville, IN",2025-06-22,,,2025-07-02,2546327,,3093323,,Closed,Normal,Repair,Building Repairs,Kevin Miller,USPS,304.0,90+,Closed,Closed,"Greenville, IN|2025-06-22"
"Hudson, FL",2025-06-22,2025-06-24,2025-06-25,2025-06-25,2545404,2025-07-14,3092375,375.0,Closed,Urgent,Repair,Plumbing,Brandon Davis,USPS,22.0,0-30,Closed,Closed,"Hudson, FL|2025-06-22"
"Kingston, NE",2025-06-22,2025-06-22,2025-06-23,2025-06-23,,2025-06-23,,,Closed,Urgent,Repair,HVAC Repairs,Brandon Davis,Internal,1.0,0-30,Closed,Closed,"Kingston, NE|2025-06-22"
"Anderson, PA",2025-06-23,,,,2546626,,3093656,2000.0,Assigned,Urgent,Repair,Paving (Repair),Ashley Thompson,USPS,303.0,90+,Not Started,Open,"Anderson, PA|2025-06-23"
"Clinton, CA",2025-06-23,,2025-10-08,2025-10-15,2546637,,3093635,13500.0,Completed,Normal,Repair,Roof Replacement - Flat,Sarah Williams,USPS,303.0,90+,Completed Not Paid,Open,"Clinton, CA|2025-06-23"
"Danville, MA",2025-06-23,2025-06-23,2025-06-24,,na,2025-08-26,na,1255.7,Closed,Urgent,Repair,HVAC Repairs,Mike Johnson,USPS,64.0,61-90,Closed,Closed,"Danville, MA|2025-06-23"
"Canton, NV",2025-06-24,2025-07-01,2025-07-01,2025-07-06,2546657,2025-07-20,3093610,196.52,Closed,Urgent,Repair,Electrical Repairs,Ashley Thompson,USPS,26.0,0-30,Closed,Closed,"Canton, NV|2025-06-24"
"Cleveland, OR",2025-06-24,2025-08-06,2025-08-31,2025-09-10,2546828,2025-09-18,3093877,400.0,Closed,Normal,Repair,Electrical Repairs,Kevin Miller,USPS,86.0,61-90,Closed,Closed,"Cleveland, OR|2025-06-24"
"Cleveland, OR",2025-06-24,2025-08-06,2025-08-28,,2542554,,3089404,400.0,Completed,Normal,Repair,Plumbing,Kevin Miller,USPS,302.0,90+,Completed Not Paid,Open,"Cleveland, OR|2025-06-24"
"Cleveland, OR",2025-06-24,2025-09-18,,,2542616,,3089406,2000.0,Contracted,Normal,Repair,Doors,Kevin Miller,USPS,302.0,90+,In Progress,Open,"Cleveland, OR|2025-06-24"
"Columbia, MO",2025-06-24,2025-06-26,2025-06-29,2025-09-03,2547213,,3094251,200.0,Completed,Urgent,Repair,HVAC Repairs,Brandon Davis,USPS,302.0,90+,Completed Not Paid,Open,"Columbia, MO|2025-06-24"
"Jackson, WA",2025-06-24,2025-10-21,,,2547040,,3094007,3823.8,Contracted,Urgent,Repair,Roof Repair,Kevin Miller,USPS,302.0,90+,In Progress,Open,"Jackson, WA|2025-06-24"
"Marion, SC",2025-06-24,2025-06-29,2025-07-14,2025-08-04,2547113,2025-08-12,3094159,900.0,Closed,Urgent,Repair,Plumbing,Ashley Thompson,USPS,49.0,31-60,Closed,Closed,"Marion, SC|2025-06-24"
"Plymouth, SD",2025-06-24,2025-07-23,2025-08-10,2025-08-12,2547298,2025-08-26,3094338,550.0,Closed,Normal,Repair,Striping,Sarah Williams,USPS,63.0,61-90,Closed,Closed,"Plymouth, SD|2025-06-24"
"Plymouth, SD",2025-06-24,2025-10-08,,,2547298,,3094315,1334.0,Contracted,Normal,Repair,Painting,Sarah Williams,USPS,302.0,90+,In Progress,Open,"Plymouth, SD|2025-06-24"
"Rockville, MS",2025-06-24,2025-09-23,,,,,,300.0,Contracted,Urgent,Repair,Ceiling Tiles,Ashley Thompson,Internal,302.0,90+,In Progress,Open,"Rockville, MS|2025-06-24"
"Springfield, AR",2025-06-24,2025-08-20,2025-08-20,2025-08-21,2546895,2025-09-03,3093893,250.0,Closed,Urgent,Repair,Electrical Repairs,Brandon Davis,USPS,71.0,61-90,Closed,Closed,"Springfield, AR|2025-06-24"
"Fairview, NM",2025-06-25,2025-06-25,2025-07-01,2025-07-22,2547500,2025-08-06,3094521,350.0,Closed,Urgent,Repair,Roof Repair,Brandon Davis,USPS,42.0,31-60,Closed,Closed,"Fairview, NM|2025-06-25"
"Greenville, SD",2025-06-25,2025-06-25,2025-06-29,2025-06-30,2547471,2025-07-16,3094503,97.0,Closed,Normal,Repair,HVAC Repairs,Sarah Williams,USPS,21.0,0-30,Closed,Closed,"Greenville, SD|2025-06-25"
"Mount Vernon, AR",2025-06-25,,,2025-08-04,2547351,2025-09-24,3094384,,Closed,Normal,Repair,Roof Repair,Kevin Miller,USPS,91.0,90+,Closed,Closed,"Mount Vernon, AR|2025-06-25"
"Springfield, NH",2025-06-25,2025-06-25,2025-06-30,2025-07-06,2547706,2025-07-13,3094743,475.0,Closed,Urgent,Repair,Roof Repair,Mike Johnson,USPS,18.0,0-30,Closed,Closed,"Springfield, NH|2025-06-25"
"Bristol, OH",2025-06-26,2025-07-01,2025-07-07,2025-07-10,2548188,2025-07-20,3095244,185.54,Closed,Normal,Repair,Electrical Repairs,Sarah Williams,USPS,24.0,0-30,Closed,Closed,"Bristol, OH|2025-06-26"
"Farmington, SC",2025-06-26,2025-06-29,2025-06-29,2025-07-07,,2025-07-21,,144.81,Closed,Urgent,Repair,Plumbing,Ashley Thompson,Internal,25.0,0-30,Closed,Closed,"Farmington, SC|2025-06-26"
"Florence, MO",2025-06-26,2025-08-06,2025-08-06,2025-09-02,2548714,2025-09-18,3095769,195.0,Closed,Normal,Repair,Roof Repair,Sarah Williams,USPS,84.0,61-90,Closed,Closed,"Florence, MO|2025-06-26"
"Florence, MO",2025-06-26,2025-09-21,2025-09-25,2025-10-05,2548713,2025-10-13,3095768,120.0,Closed,Normal,Repair,Gutters,Sarah Williams,USPS,109.0,90+,Closed,Closed,"Florence, MO|2025-06-26"
"Franklin, CO",2025-06-26,2025-08-19,2025-09-18,2025-09-21,2548260,2025-09-28,3095317,250.0,Closed,Urgent,Repair,Plumbing,Sarah Williams,USPS,94.0,90+,Closed,Closed,"Franklin, CO|2025-06-26"
"Fremont, OK",2025-06-26,2025-06-26,2025-06-29,2025-07-20,,2025-08-06,,70.0,Closed,Urgent,Repair,HVAC Repairs,Brandon Davis,Internal,41.0,31-60,Closed,Closed,"Fremont, OK|2025-06-26"
"Madison, OH",2025-06-26,2025-06-29,2025-06-29,2025-07-12,2542849,,3091556,600.0,Completed,Urgent,Repair,HVAC Repairs,Mike Johnson,USPS,300.0,90+,Completed Not Paid,Open,"Madison, OH|2025-06-26"
"Mount Vernon, AR",2025-06-26,,,2025-07-02,3095814,2025-07-02,2548733,,Closed,Normal,Repair,Building Repairs,Kevin Miller,USPS,6.0,0-30,Closed,Closed,"Mount Vernon, AR|2025-06-26"
"Oakland, LA",2025-06-26,2025-06-24,2025-06-29,2025-07-21,2548272,2025-07-23,3095328,688.24,Closed,Urgent,Repair,HVAC Repairs,Ashley Thompson,USPS,27.0,0-30,Closed,Closed,"Oakland, LA|2025-06-26"
"Bloomington, OK",2025-06-29,2025-07-30,,2025-09-03,2547569,,3094609,100.0,Contracted,Urgent,Repair,Electrical Repairs,Brandon Davis,USPS,297.0,90+,In Progress,Open,"Bloomington, OK|2025-06-29"
"Clinton, ME",2025-06-29,,2025-07-06,,,2025-07-06,,1300.0,Closed,Urgent,Repair,Plumbing,Brandon Davis,Internal,7.0,0-30,Closed,Closed,"Clinton, ME|2025-06-29"
"Kingston, PA",2025-06-29,,,,na,2025-08-11,na,0.0,Closed,Normal,Repair,Sealcoating,Mike Johnson,USPS,43.0,31-60,Closed,Closed,"Kingston, PA|2025-06-29"
"Winchester, NM",2025-06-29,2025-06-29,2025-07-01,,2549618,,3096685,245.0,Completed,Emergency,Repair,HVAC Repairs,Sarah Williams,USPS,297.0,90+,Completed Not Paid,Open,"Winchester, NM|2025-06-29"
"Canton, NV",2025-06-30,2025-07-15,2025-07-22,2025-07-23,2549469,2025-08-06,3096565,591.51,Closed,Urgent,Repair,Glass,Ashley Thompson,USPS,37.0,31-60,Closed,Closed,"Canton, NV|2025-06-30"
"Edison, KY",2025-06-30,2025-07-02,2025-07-07,2025-07-08,2550288,2025-08-05,3097419,120.5,Closed,Urgent,Repair,HVAC Repairs,Sarah Williams,USPS,36.0,31-60,Closed,Closed,"Edison, KY|2025-06-30"
"Clinton, CA",2025-07-01,2025-07-01,2025-07-01,2025-07-06,2550511,2025-08-18,3097634,66.88,Closed,Emergency,Repair,HVAC Repairs,Mike Johnson,USPS,48.0,31-60,Closed,Closed,"Clinton, CA|2025-07-01"
"Norwood, GA",2025-07-01,2025-08-19,2025-09-15,2025-09-16,2047488,2025-09-21,2561030,200.0,Closed,Urgent,Repair,Gutters,Ashley Thompson,USPS,82.0,61-90,Closed,Closed,"Norwood, GA|2025-07-01"
"Anderson, OK",2025-07-02,2025-07-07,2025-07-16,2025-07-22,2550305,2025-08-26,3097374,312.38,Closed,Urgent,Repair,Plumbing,Ashley Thompson,USPS,55.0,31-60,Closed,Closed,"Anderson, OK|2025-07-02"
"Ashland, OK",2025-07-02,2025-10-13,,,2549216,,3096250,875.0,Contracted,Normal,Repair,Sidewalk (Repair),Kevin Miller,USPS,294.0,90+,In Progress,Open,"Ashland, OK|2025-07-02"
"Auburn, NV",2025-07-02,2025-07-03,2025-10-09,,,,,520.0,Completed,Urgent,Repair,Landscaping,Ashley Thompson,Internal,294.0,90+,Completed Not Paid,Open,"Auburn, NV|2025-07-02"
"Bloomington, AZ",2025-07-02,2025-07-02,2025-07-06,2025-07-08,2550558,2025-07-16,3097706,542.0,Closed,Urgent,Repair,HVAC Repairs,Kevin Miller,USPS,14.0,0-30,Closed,Closed,"Bloomington, AZ|2025-07-02"
"Bloomington, ME",2025-07-02,2025-07-02,2025-07-08,,2550774,2025-07-23,3097797,0.0,Closed,Urgent,Repair,Roof Repair,Mike Johnson,USPS,21.0,0-30,Closed,Closed,"Bloomington, ME|2025-07-02"
"Clinton, MN",2025-07-02,2025-07-14,2025-07-20,,,,,262.5,Payment,Urgent,Repair,Electrical Repairs,Mike Johnson,Internal,294.0,90+,Financial Processing,Open,"Clinton, MN|2025-07-02"
"Florence, MO",2025-07-02,2025-07-06,2025-07-08,2025-07-08,2550975,2025-08-05,3098084,394.58,Closed,Urgent,Repair,HVAC Repairs,Sarah Williams,USPS,34.0,31-60,Closed,Closed,"Florence, MO|2025-07-02"
"Franklin, MS",2025-07-02,,2025-08-10,2025-08-11,2550037,,3097166,397.0,Dispute,Urgent,Repair,Roof Repair,Ashley Thompson,USPS,294.0,90+,Risk,Open,"Franklin, MS|2025-07-02"
"Fremont, NC",2025-07-02,2025-07-02,2025-07-06,2025-07-06,na,2025-07-15,na,250.0,Closed,Urgent,Repair,HVAC Repairs,Mike Johnson,USPS,13.0,0-30,Closed,Closed,"Fremont, NC|2025-07-02"
"Greenville, IN",2025-07-02,2025-09-17,,,2551082,,3098211,300.0,Contracted,Emergency,Repair,Building Repairs,Kevin Miller,USPS,294.0,90+,In Progress,Open,"Greenville, IN|2025-07-02"
"Hudson, MO",2025-07-02,2025-07-30,2025-08-15,2025-08-24,2550521,2025-09-08,3097707,350.0,Closed,Urgent,Repair,Building Repairs,Kevin Miller,USPS,68.0,61-90,Closed,Closed,"Hudson, MO|2025-07-02"
"Bloomington, MS",2025-07-06,,2025-07-06,2025-07-10,2549320,2025-07-13,3096331,0.0,Closed,Urgent,Repair,HVAC Repairs,Brandon Davis,USPS,7.0,0-30,Closed,Closed,"Bloomington, MS|2025-07-06"
"Clinton, ME",2025-07-06,2025-07-07,2025-07-08,2025-07-10,2549900,2025-09-15,3097028,825.0,Closed,Urgent,Repair,Plumbing,Brandon Davis,USPS,71.0,61-90,Closed,Closed,"Clinton, ME|2025-07-06"
"Danville, MA",2025-07-06,,,,2538542,,3085257,40000.0,Assigned,Urgent,Repair,Painting,Mike Johnson,USPS,290.0,90+,Not Started,Open,"Danville, MA|2025-07-06"
"Danville, NM",2025-07-06,2025-07-06,2025-07-09,,,2025-07-09,,200.0,Closed,Urgent,Repair,HVAC Repairs,Brandon Davis,Internal,3.0,0-30,Closed,Closed,"Danville, NM|2025-07-06"
"Greenville, IL",2025-07-06,2025-07-06,2025-07-07,2025-07-07,2551934,2025-07-23,3099148,0.0,Closed,Emergency,Repair,HVAC Repairs,Mike Johnson,USPS,17.0,0-30,Closed,Closed,"Greenville, IL|2025-07-06"
"Greenville, MN",2025-07-06,2025-07-20,2025-07-24,2025-07-29,2551582,2025-08-12,3098729,150.0,Closed,Urgent,Repair,Gutters,Ashley Thompson,USPS,37.0,31-60,Closed,Closed,"Greenville, MN|2025-07-06"
"Hamilton, WA",2025-07-06,2025-07-06,,,,,,194.5,Payment,Urgent,Repair,HVAC PM,Ashley Thompson,Internal,290.0,90+,Financial Processing,Open,"Hamilton, WA|2025-07-06"
"Oakland, AR",2025-07-06,2025-07-06,2025-07-07,2025-07-07,2551405,2025-07-21,3098587,328.45,Closed,Emergency,Repair,Plumbing,Brandon Davis,USPS,15.0,0-30,Closed,Closed,"Oakland, AR|2025-07-06"
"Greenville, IL",2025-07-07,,2025-07-07,,na,2025-07-08,na,0.0,Closed,Normal,Repair,HVAC Repairs,Mike Johnson,USPS,1.0,0-30,Closed,Closed,"Greenville, IL|2025-07-07"
"Greenville, NC",2025-07-07,2025-08-12,2025-08-30,,na,2025-09-03,na,1683.69,Closed,Normal,Repair,Paving (Repair),Mike Johnson,USPS,58.0,31-60,Closed,Closed,"Greenville, NC|2025-07-07"
"Manchester, WA",2025-07-07,,2025-07-06,,na,2025-07-14,na,107.0,Closed,Normal,Repair,Pest Control,Mike Johnson,USPS,7.0,0-30,Closed,Closed,"Manchester, WA|2025-07-07"
"Oakland, AR",2025-07-07,2025-07-07,2025-07-09,2025-07-10,2552420,,3099694,300.0,Completed,Urgent,Repair,HVAC Repairs,Brandon Davis,USPS,289.0,90+,Completed Not Paid,Open,"Oakland, AR|2025-07-07"
"Oakland, WV",2025-07-07,2025-07-07,2025-07-08,2025-07-08,2552539,2025-07-14,3099779,265.6,Closed,Emergency,Repair,HVAC Repairs,Mike Johnson,USPS,7.0,0-30,Closed,Closed,"Oakland, WV|2025-07-07"
"Carrollton, IN",2025-07-08,2025-07-09,2025-07-10,2025-07-14,2551167,2025-08-18,3098320,253.23,Closed,Urgent,Repair,HVAC Repairs,Sarah Williams,USPS,41.0,31-60,Closed,Closed,"Carrollton, IN|2025-07-08"
"Greenville, NM",2025-07-08,2025-09-17,2025-09-17,2025-10-06,2551737,2025-10-06,3098916,0.0,Closed,Urgent,Repair,Roof Repair,Kevin Miller,USPS,90.0,61-90,Closed,Closed,"Greenville, NM|2025-07-08"
"Hudson, MO",2025-07-08,2025-07-08,2025-07-09,2025-07-09,2552710,2025-07-23,3099863,1608.37,Closed,Emergency,Repair,HVAC Repairs,Mike Johnson,USPS,15.0,0-30,Closed,Closed,"Hudson, MO|2025-07-08"
"Oakland, WV",2025-07-08,2025-07-08,2025-10-07,2025-10-08,na,2025-10-19,na,147.7,Closed,Normal,Repair,HVAC PM,Mike Johnson,USPS,103.0,90+,Closed,Closed,"Oakland, WV|2025-07-08"
"Salem, NM",2025-07-08,2025-07-15,2025-07-20,,,2025-08-12,,180.05,Closed,Normal,Repair,Roof Repair,Sarah Williams,Internal,35.0,31-60,Closed,Closed,"Salem, NM|2025-07-08"
"Danville, MA",2025-07-09,,,,2551578,,3098755,500.0,Assigned,Urgent,Repair,Paving (Repair),Brandon Davis,USPS,287.0,90+,Not Started,Open,"Danville, MA|2025-07-09"
"Danville, NM",2025-07-09,2025-09-17,2025-09-24,2025-09-28,2551652,,3098794,300.0,Payment,Urgent,Repair,HVAC Repairs,Brandon Davis,USPS,287.0,90+,Financial Processing,Open,"Danville, NM|2025-07-09"
"Greenville, ME",2025-07-09,2025-07-13,2025-07-15,2025-07-17,2551719,2025-09-01,3098928,250.0,Closed,Urgent,Repair,HVAC Repairs,Brandon Davis,USPS,54.0,31-60,Closed,Closed,"Greenville, ME|2025-07-09"
"Lancaster, OK",2025-07-09,2025-07-13,2025-07-15,2025-07-16,2551045,2025-07-23,3098186,382.21,Closed,Urgent,Repair,Glass,Kevin Miller,USPS,14.0,0-30,Closed,Closed,"Lancaster, OK|2025-07-09"
"Carrollton, DE",2025-07-10,2025-07-13,,2025-08-03,2551915,2025-08-04,3099131,0.0,Closed,Urgent,Repair,HVAC Repairs,Ashley Thompson,USPS,25.0,0-30,Closed,Closed,"Carrollton, DE|2025-07-10"
"Centerville, HI",2025-07-10,,,,2552747,,3100027,1500.0,Assigned,Urgent,Repair,Roof Repair,Sarah Williams,USPS,286.0,90+,Not Started,Open,"Centerville, HI|2025-07-10"
"Greenville, ME",2025-07-10,2025-07-13,2025-08-19,2025-08-19,2551719,2025-08-28,3098929,200.0,Closed,Urgent,Repair,Electrical Repairs,Brandon Davis,USPS,49.0,31-60,Closed,Closed,"Greenville, ME|2025-07-10"
"Mount Vernon, MA",2025-07-10,2025-07-10,2025-07-13,2025-09-02,2552199,2025-09-18,3099386,407.5,Closed,Urgent,Repair,HVAC Repairs,Sarah Williams,USPS,70.0,61-90,Closed,Closed,"Mount Vernon, MA|2025-07-10"
"Centerville, RI",2025-07-11,2025-07-13,2025-07-17,2025-07-27,2553418,2025-08-26,3100631,245.0,Closed,Urgent,Repair,HVAC Repairs,Sarah Williams,USPS,46.0,31-60,Closed,Closed,"Centerville, RI|2025-07-11"
"Norwood, ID",2025-07-11,2025-07-14,2025-07-15,2025-07-16,2553246,2025-07-29,3100435,90.0,Closed,Normal,Repair,HVAC Repairs,Mike Johnson,USPS,18.0,0-30,Closed,Closed,"Norwood, ID|2025-07-11"
"Canton, IN",2025-07-13,2025-07-13,2025-07-14,2025-07-21,2552695,,3099860,300.0,Completed,Urgent,Repair,HVAC Repairs,Brandon Davis,USPS,283.0,90+,Completed Not Paid,Open,"Canton, IN|2025-07-13"
"Centerville, WY",2025-07-13,2025-07-13,2025-07-23,2025-07-23,2553596,2025-08-06,3100863,49.0,Closed,Urgent,Repair,Plumbing,Ashley Thompson,USPS,24.0,0-30,Closed,Closed,"Centerville, WY|2025-07-13"
"Centerville, WY",2025-07-13,,2025-09-02,2025-09-09,2554524,2025-09-09,3101761,115000.0,Closed,Urgent,Repair,HVAC Repairs,Brandon Davis,USPS,58.0,31-60,Closed,Closed,"Centerville, WY|2025-07-13"
"Clayton, CO",2025-07-13,2025-07-13,2025-07-17,2025-07-17,2553199,2025-07-23,3100428,300.0,Closed,Urgent,Repair,HVAC Repairs,Brandon Davis,USPS,10.0,0-30,Closed,Closed,"Clayton, CO|2025-07-13"
"Danville, NE",2025-07-13,2025-07-14,,,2553217,,3100412,200.0,Assigned,Urgent,Repair,Plumbing,Brandon Davis,USPS,283.0,90+,Not Started,Open,"Danville, NE|2025-07-13"
"Gainesville, MD",2025-07-13,2025-07-30,2025-08-03,2025-08-03,2553551,2025-09-16,3100775,625.0,Closed,Urgent,Repair,Gutters,Ashley Thompson,USPS,65.0,61-90,Closed,Closed,"Gainesville, MD|2025-07-13"
"Georgetown, IL",2025-07-13,2025-07-22,2025-08-13,2025-08-19,2553445,2025-09-18,3100547,225.0,Closed,Urgent,Repair,Doors,Kevin Miller,USPS,67.0,61-90,Closed,Closed,"Georgetown, IL|2025-07-13"
"Georgetown, IL",2025-07-13,2025-08-06,2025-08-15,2025-09-11,2553445,,3100678,640.0,Payment,Normal,Repair,Electrical Repairs,Kevin Miller,USPS,283.0,90+,Financial Processing,Open,"Georgetown, IL|2025-07-13"
"Lexington, CO",2025-07-13,2025-07-15,2025-07-22,2025-07-22,2532814,2025-08-26,3079308,220.0,Closed,Urgent,Repair,Plumbing,Brandon Davis,USPS,44.0,31-60,Closed,Closed,"Lexington, CO|2025-07-13"
"Lexington, TX",2025-07-13,,,2025-07-14,2553799,,3101078,,Closed,Urgent,Repair,HVAC Repairs,Ashley Thompson,USPS,283.0,90+,Closed,Closed,"Lexington, TX|2025-07-13"
"Lexington, TX",2025-07-13,2025-07-13,2025-07-13,2025-07-14,2553799,2025-07-14,3101078,0.0,Closed,Emergency,Repair,HVAC Repairs,Mike Johnson,USPS,1.0,0-30,Closed,Closed,"Lexington, TX|2025-07-13"
"Manchester, KY",2025-07-13,2025-07-21,2025-07-30,,2553469,,3100648,125.0,Completed,Urgent,Repair,Pest Control,Ashley Thompson,USPS,283.0,90+,Completed Not Paid,Open,"Manchester, KY|2025-07-13"
"Manchester, OK",2025-07-13,2025-07-13,2025-07-15,,2553291,,3100512,200.0,Waiting For Bill,Urgent,Repair,HVAC Repairs,Ashley Thompson,USPS,283.0,90+,Completed Not Paid,Open,"Manchester, OK|2025-07-13"
"Marion, NE",2025-07-13,,,,2553121,,3100309,500.0,Assigned,Normal,Repair,Building Repairs,Kevin Miller,USPS,283.0,90+,Not Started,Open,"Marion, NE|2025-07-13"
"Marion, NE",2025-07-13,,,,2553155,,3100374,380.0,Assigned,Normal,Repair,Plumbing,Kevin Miller,USPS,283.0,90+,Not Started,Open,"Marion, NE|2025-07-13"
"Marion, NE",2025-07-13,,,2025-07-13,2553351,2025-07-22,3100563,,Closed,Urgent,Repair,Doors,Kevin Miller,USPS,9.0,0-30,Closed,Closed,"Marion, NE|2025-07-13"
"Mount Vernon, MA",2025-07-13,2025-05-26,2025-07-28,,,2025-09-18,,1120.0,Closed,Normal,Repair,HVAC PM,Sarah Williams,Internal,67.0,61-90,Closed,Closed,"Mount Vernon, MA|2025-07-13"
"Oxford, WV",2025-07-13,2025-07-13,2025-07-13,2025-07-22,2552114,2025-08-06,3099281,300.0,Closed,Urgent,Repair,HVAC Repairs,Brandon Davis,USPS,24.0,0-30,Closed,Closed,"Oxford, WV|2025-07-13"
"Riverside, LA",2025-07-13,2025-07-15,2025-07-15,2025-07-20,2553744,2025-08-05,3100873,112.09,Closed,Urgent,Repair,HVAC Repairs,Kevin Miller,USPS,23.0,0-30,Closed,Closed,"Riverside, LA|2025-07-13"
"Bristol, LA",2025-07-14,2025-07-14,2025-07-14,2025-07-23,2554648,2025-08-05,3101885,355.0,Closed,Emergency,Repair,HVAC Repairs,Mike Johnson,USPS,22.0,0-30,Closed,Closed,"Bristol, LA|2025-07-14"
"Newport, AL",2025-07-14,2025-07-14,2025-07-20,,,2025-07-22,,0.0,Closed,Urgent,Repair,Plumbing,Ashley Thompson,Internal,8.0,0-30,Closed,Closed,"Newport, AL|2025-07-14"
"Arlington, KY",2025-07-15,,,,2553454,,3100647,0.0,Assigned,Urgent,Repair,Roof Repair,Kevin Miller,USPS,281.0,90+,Not Started,Open,"Arlington, KY|2025-07-15"
"Arlington, KY",2025-07-15,2025-07-16,2025-07-20,2025-07-23,2553786,2025-08-18,3101002,234.35,Closed,Normal,Repair,HVAC Repairs,Sarah Williams,USPS,34.0,31-60,Closed,Closed,"Arlington, KY|2025-07-15"
"Auburn, HI",2025-07-15,,,2025-07-21,2553555,2025-07-22,3100779,,Closed,Urgent,Repair,Plumbing,Kevin Miller,USPS,7.0,0-30,Closed,Closed,"Auburn, HI|2025-07-15"
"Edison, NH",2025-07-15,,,,2553669,,3100854,500.0,Assigned,Urgent,Repair,Building Repairs,Kevin Miller,USPS,281.0,90+,Not Started,Open,"Edison, NH|2025-07-15"
"Edison, NH",2025-07-15,,,,2553581,2025-08-13,3100810,,Completed,Urgent,Repair,Landscaping,Jessica Martin,USPS,29.0,0-30,Completed Not Paid,Open,"Edison, NH|2025-07-15"
"Farmington, MT",2025-07-15,2025-08-07,2025-08-28,2025-09-29,2554097,2025-10-07,3101343,512.97,Closed,Urgent,Repair,Glass,Kevin Miller,USPS,84.0,61-90,Closed,Closed,"Farmington, MT|2025-07-15"
"Gainesville, MI",2025-07-15,2025-07-16,2025-07-21,2025-07-21,2554235,2025-07-21,3101481,250.0,Closed,Urgent,Repair,HVAC Repairs,Brandon Davis,USPS,6.0,0-30,Closed,Closed,"Gainesville, MI|2025-07-15"
"Hudson, AR",2025-07-15,,,,2526437,,3072598,950.0,Assigned,Normal,Repair,Roof Repair,Sarah Williams,USPS,281.0,90+,Not Started,Open,"Hudson, AR|2025-07-15"
"Lexington, CO",2025-07-15,2025-07-22,2025-07-30,2025-07-30,2532861,2025-08-12,3079284,300.0,Closed,Urgent,Repair,Ceiling Tiles,Jessica Martin,USPS,28.0,0-30,Closed,Closed,"Lexington, CO|2025-07-15"
"Madison, SD",2025-07-15,2025-07-17,2025-07-20,2025-07-21,2553808,2025-07-23,3100976,350.0,Closed,Urgent,Repair,HVAC Repairs,Brandon Davis,USPS,8.0,0-30,Closed,Closed,"Madison, SD|2025-07-15"
"Oakland, AR",2025-07-15,2025-07-17,2025-07-20,2025-07-20,2554531,2025-08-06,3101872,250.0,Closed,Urgent,Repair,HVAC Repairs,Brandon Davis,USPS,22.0,0-30,Closed,Closed,"Oakland, AR|2025-07-15"
"Oakland, IA",2025-07-15,,,,2554385,,3101639,9200.0,Assigned,Urgent,Repair,Paving (Repair),Sarah Williams,USPS,281.0,90+,Not Started,Open,"Oakland, IA|2025-07-15"
"Winchester, IN",2025-07-15,,,,2553511,,3100677,400.0,Assigned,Urgent,Repair,Concrete,Brandon Davis,USPS,281.0,90+,Not Started,Open,"Winchester, IN|2025-07-15"
"Anderson, MN",2025-07-16,2025-07-16,2025-07-17,2025-07-17,2512449,2025-07-23,3058196,80.16,Closed,Urgent,Repair,Electrical Repairs,Ashley Thompson,USPS,7.0,0-30,Closed,Closed,"Anderson, MN|2025-07-16"
"Auburn, TN",2025-07-16,,,,2517279,,3063144,1000.0,Assigned,Normal,Repair,Masonry,Sarah Williams,USPS,280.0,90+,Not Started,Open,"Auburn, TN|2025-07-16"
"Bristol, SC",2025-07-16,,,,2527774,,3074021,0.0,Assigned,Urgent,Repair,Flooring,Ashley Thompson,USPS,280.0,90+,Not Started,Open,"Bristol, SC|2025-07-16"
"Florence, IL",2025-07-16,,,,2555003,,3102230,,Assigned,Urgent,Repair,Electrical Repairs,Ashley Thompson,USPS,280.0,90+,Not Started,Open,"Florence, IL|2025-07-16"
"Franklin, MS",2025-07-16,2025-07-23,2025-07-23,2025-07-24,2544223,2025-08-05,3091158,40.54,Closed,Normal,Repair,Doors,Kevin Miller,USPS,20.0,0-30,Closed,Closed,"Franklin, MS|2025-07-16"
"Greenville, MT",2025-07-16,2025-08-05,2025-08-19,2025-08-19,2554928,2025-09-18,3102172,246.57,Closed,Normal,Repair,Plumbing,Kevin Miller,USPS,64.0,61-90,Closed,Closed,"Greenville, MT|2025-07-16"
"Lexington, WA",2025-07-16,,,,2529861,,3076180,,Closed,Urgent,Repair,Paving (Repair),Ashley Thompson,USPS,280.0,90+,Closed,Closed,"Lexington, WA|2025-07-16"
"Mount Vernon, MA",2025-07-16,2025-09-04,,,2554786,,3102004,875.0,Contracted,Urgent,Repair,Glass,Kevin Miller,USPS,280.0,90+,In Progress,Open,"Mount Vernon, MA|2025-07-16"
"Norwood, ID",2025-07-16,2025-07-29,2025-09-10,2025-09-10,,2025-09-18,,550.0,Closed,Urgent,Repair,Ceiling Tiles,Jessica Martin,Internal,64.0,61-90,Closed,Closed,"Norwood, ID|2025-07-16"
"Oakland, GA",2025-07-16,,,,2522109,,3068107,,Closed,Urgent,Repair,Electrical Repairs,Ashley Thompson,USPS,280.0,90+,Closed,Closed,"Oakland, GA|2025-07-16"
"Oxford, PA",2025-07-16,2025-07-20,2025-07-20,2025-07-24,2554705,2025-08-05,3101945,309.05,Closed,Urgent,Repair,Glass,Kevin Miller,USPS,20.0,0-30,Closed,Closed,"Oxford, PA|2025-07-16"
"Troy, KY",2025-07-16,2025-09-01,2025-09-08,2025-10-21,2524008,,3070083,371.0,Payment,Normal,Repair,Paving (Repair),Kevin Miller,USPS,280.0,90+,Financial Processing,Open,"Troy, KY|2025-07-16"
"Arlington, MN",2025-07-17,2025-07-16,2025-07-17,2025-07-17,2554503,2025-08-18,3101740,250.0,Closed,Urgent,Repair,HVAC Repairs,Brandon Davis,USPS,32.0,31-60,Closed,Closed,"Arlington, MN|2025-07-17"
"Canton, IA",2025-07-17,2025-08-07,2025-09-09,,,,,675.0,Payment,Urgent,Repair,Roof Repair,Kevin Miller,Internal,279.0,90+,Financial Processing,Open,"Canton, IA|2025-07-17"
"Dayton, IA",2025-07-17,,,,2555709,,3102983,500.0,Assigned,Urgent,Repair,Roof Repair,Sarah Williams,USPS,279.0,90+,Not Started,Open,"Dayton, IA|2025-07-17"
"Franklin, CO",2025-07-17,2025-07-21,2025-07-21,2025-07-28,2555670,2025-08-12,3102933,195.18,Closed,Urgent,Repair,HVAC Repairs,Sarah Williams,USPS,26.0,0-30,Closed,Closed,"Franklin, CO|2025-07-17"
"Georgetown, SD",2025-07-17,2025-09-02,2025-09-09,2025-09-10,2554716,2025-09-18,3101967,350.0,Closed,Urgent,Repair,Roof Repair,Brandon Davis,USPS,63.0,61-90,Closed,Closed,"Georgetown, SD|2025-07-17"
"Jackson, FL",2025-07-17,2025-07-17,2025-07-17,2025-07-20,,2025-07-23,,60.0,Closed,Normal,Repair,Electrical Repairs,Jessica Martin,Internal,6.0,0-30,Closed,Closed,"Jackson, FL|2025-07-17"
"Lexington, WV",2025-07-17,2025-07-17,2025-07-17,,,2025-08-11,,300.0,Closed,Urgent,Repair,HVAC Repairs,Brandon Davis,Internal,25.0,0-30,Closed,Closed,"Lexington, WV|2025-07-17"
"Milton, FL",2025-07-17,,,,2550169,,3097266,250.0,Completed,Normal,Repair,Roof Repair,Sarah Williams,USPS,279.0,90+,Completed Not Paid,Open,"Milton, FL|2025-07-17"
"Milton, TN",2025-07-17,2025-07-17,2025-07-17,,2554765,,3102021,200.0,Completed,Urgent,Repair,HVAC Repairs,Ashley Thompson,USPS,279.0,90+,Completed Not Paid,Open,"Milton, TN|2025-07-17"
"Norwood, NH",2025-07-17,,,,,2025-07-31,,,Closed,Normal,Repair,Electrical Repairs,Kevin Miller,Internal,14.0,0-30,Closed,Closed,"Norwood, NH|2025-07-17"
"Rockville, GA",2025-07-17,,,,2555097,2025-09-10,3102451,0.0,Assigned,Normal,Repair,Roof Repair,Sarah Williams,USPS,55.0,31-60,Not Started,Open,"Rockville, GA|2025-07-17"
"Troy, OH",2025-07-18,,2025-09-23,,2555919,,3103111,246.5,Completed,Urgent,Repair,Roof Repair,Sarah Williams,USPS,278.0,90+,Completed Not Paid,Open,"Troy, OH|2025-07-18"
"Arlington, WY",2025-07-20,2025-10-15,,,2555212,,3102429,150.0,Contracted,Urgent,Repair,Glass,Ashley Thompson,USPS,276.0,90+,In Progress,Open,"Arlington, WY|2025-07-20"
"Bloomington, AZ",2025-07-20,2025-07-20,2025-08-05,2025-08-18,2555542,2025-08-24,3102819,167.0,Closed,Normal,Repair,Doors,Jessica Martin,USPS,35.0,31-60,Closed,Closed,"Bloomington, AZ|2025-07-20"
"Burlington, CO",2025-07-20,2025-07-28,2025-07-28,2025-07-30,2555987,2025-07-30,3103264,0.0,Closed,Normal,Repair,Doors,Kevin Miller,USPS,10.0,0-30,Closed,Closed,"Burlington, CO|2025-07-20"
"Centerville, WY",2025-07-20,2025-10-21,,,2555809,,3103085,500.0,Contracted,Urgent,Repair,Misc. Repairs,Brandon Davis,USPS,276.0,90+,In Progress,Open,"Centerville, WY|2025-07-20"
"Danville, CO",2025-07-20,,,,2555287,,3102537,2500.0,Assigned,Urgent,Repair,Building Repairs,Ashley Thompson,USPS,276.0,90+,Not Started,Open,"Danville, CO|2025-07-20"
"Danville, CO",2025-07-20,2025-07-30,2025-08-17,,2555287,2025-09-04,3102536,594.0,Closed,Urgent,Repair,Electrical Repairs,Ashley Thompson,USPS,46.0,31-60,Closed,Closed,"Danville, CO|2025-07-20"
"Danville, NE",2025-07-20,,,,2555133,,3102425,250.0,Assigned,Urgent,Repair,Doors,Brandon Davis,USPS,276.0,90+,Not Started,Open,"Danville, NE|2025-07-20"
"Danville, NE",2025-07-20,,,,2555132,,3102424,250.0,Assigned,Urgent,Repair,Doors,Brandon Davis,USPS,276.0,90+,Not Started,Open,"Danville, NE|2025-07-20"
"Danville, NE",2025-07-20,,,,2555217,,3102474,250.0,Assigned,Urgent,Repair,Flooring,Brandon Davis,USPS,276.0,90+,Not Started,Open,"Danville, NE|2025-07-20"
"Danville, NE",2025-07-20,,,,2555196,,3102484,250.0,Assigned,Urgent,Repair,Doors,Brandon Davis,USPS,276.0,90+,Not Started,Open,"Danville, NE|2025-07-20"
"Farmington, LA",2025-07-20,2025-07-20,2025-07-21,2025-07-22,2557027,2025-08-06,3104402,152.48,Closed,Urgent,Repair,HVAC Repairs,Ashley Thompson,USPS,17.0,0-30,Closed,Closed,"Farmington, LA|2025-07-20"
"Franklin, MS",2025-07-20,2025-08-07,2025-08-21,2025-08-22,2556139,2025-09-03,3103444,195.93,Closed,Normal,Repair,Plumbing,Jessica Martin,USPS,45.0,31-60,Closed,Closed,"Franklin, MS|2025-07-20"
"Georgetown, MO",2025-07-20,2025-07-21,2025-08-24,2025-08-31,2556438,2025-09-21,3103819,0.0,Closed,Urgent,Repair,HVAC Repairs,Sarah Williams,USPS,63.0,61-90,Closed,Closed,"Georgetown, MO|2025-07-20"
"Lancaster, NM",2025-07-20,,,,2556826,,3104123,0.0,Assigned,Urgent,Repair,Roof Repair,Sarah Williams,USPS,276.0,90+,Not Started,Open,"Lancaster, NM|2025-07-20"
"Lexington, WV",2025-07-20,2025-07-17,2025-07-17,2025-09-22,2556192,2025-10-21,3103416,100.0,Closed,Urgent,Repair,HVAC Repairs,Brandon Davis,USPS,93.0,90+,Closed,Closed,"Lexington, WV|2025-07-20"
"Rockville, TX",2025-07-20,2025-08-19,,,2555581,,3102757,360.0,Contracted,Normal,Repair,Concrete,Kevin Miller,USPS,276.0,90+,In Progress,Open,"Rockville, TX|2025-07-20"
"Troy, KY",2025-07-20,2025-10-23,,,2555676,,3102959,180.0,Contracted,Urgent,Repair,Ceiling Tiles,Ashley Thompson,USPS,276.0,90+,In Progress,Open,"Troy, KY|2025-07-20"
"Winchester, IN",2025-07-20,2025-08-25,2025-08-31,2025-09-01,2556183,2025-09-11,3103448,350.0,Closed,Normal,Repair,Flooring,Jessica Martin,USPS,53.0,31-60,Closed,Closed,"Winchester, IN|2025-07-20"
"Winchester, SD",2025-07-20,2025-07-20,2025-07-20,2025-07-24,2555460,2025-07-29,3102697,,Closed,Normal,Repair,Roof Repair,Kevin Miller,USPS,9.0,0-30,Closed,Closed,"Winchester, SD|2025-07-20"
"Bristol, OH",2025-07-21,2025-07-22,2025-07-22,2025-07-22,2556468,2025-08-06,3103798,500.0,Closed,Urgent,Repair,Plumbing,Brandon Davis,USPS,16.0,0-30,Closed,Closed,"Bristol, OH|2025-07-21"
"Bristol, OH",2025-07-21,2025-08-31,2025-09-01,2025-09-01,2556468,2025-09-29,3103799,200.0,Closed,Urgent,Repair,Plumbing,Brandon Davis,USPS,70.0,61-90,Closed,Closed,"Bristol, OH|2025-07-21"
"Danville, NM",2025-07-21,,2025-09-09,,,2025-09-15,,500.0,Closed,Urgent,Repair,Landscaping,Brandon Davis,Internal,56.0,31-60,Closed,Closed,"Danville, NM|2025-07-21"
"Georgetown, ME",2025-07-21,2025-08-18,2025-10-13,,2531448,2025-10-13,3077935,250.0,Closed,Urgent,Repair,Concrete,Brandon Davis,USPS,84.0,61-90,Closed,Closed,"Georgetown, ME|2025-07-21"
"Greenville, MT",2025-07-21,2025-08-19,2025-09-11,2025-09-17,2556795,2025-09-28,3104097,455.0,Closed,Normal,Repair,Electrical Repairs,Kevin Miller,USPS,69.0,61-90,Closed,Closed,"Greenville, MT|2025-07-21"
"Oakland, GA",2025-07-21,2025-08-21,2025-07-21,2025-07-21,,2025-08-18,,164.75,Closed,Normal,Repair,HVAC Repairs,Jessica Martin,Internal,28.0,0-30,Closed,Closed,"Oakland, GA|2025-07-21"
"Columbia, HI",2025-07-22,2025-07-22,2025-08-14,2025-08-14,2557166,2025-08-19,3104452,,Closed,Urgent,Repair,Roof Repair,Kevin Miller,USPS,28.0,0-30,Closed,Closed,"Columbia, HI|2025-07-22"
"Farmington, CA",2025-07-22,,,,2557512,,3104858,1000.0,Assigned,Normal,Repair,Misc. Repairs,Sarah Williams,USPS,274.0,90+,Not Started,Open,"Farmington, CA|2025-07-22"
"Farmington, CA",2025-07-22,2025-07-29,,,2557510,,3104816,0.0,Contracted,Normal,Repair,Roof Repair,Sarah Williams,USPS,274.0,90+,In Progress,Open,"Farmington, CA|2025-07-22"
"Cleveland, OR",2025-07-23,,,,,2025-07-23,,,Closed,Urgent,Repair,HVAC PM,Ashley Thompson,Internal,0.0,0-30,Closed,Closed,"Cleveland, OR|2025-07-23"
"Farmington, LA",2025-07-23,2025-07-23,2025-07-24,2025-07-27,,2025-08-12,,112.68,Closed,Urgent,Repair,Electrical Repairs,Ashley Thompson,Internal,20.0,0-30,Closed,Closed,"Farmington, LA|2025-07-23"
"Hudson, OR",2025-07-23,2025-07-29,2025-08-11,2025-08-17,2558135,2025-09-03,3105511,400.0,Closed,Normal,Repair,Roof Repair,Sarah Williams,USPS,42.0,31-60,Closed,Closed,"Hudson, OR|2025-07-23"
"Auburn, TN",2025-07-24,,,,2557827,,3105165,,Assigned,Urgent,Repair,Misc. Repairs,Sarah Williams,USPS,272.0,90+,Not Started,Open,"Auburn, TN|2025-07-24"
"Bloomington, WY",2025-07-24,2025-07-24,2025-08-03,2025-08-14,2557580,,3104926,200.0,Waiting For Bill,Normal,Repair,HVAC Repairs,Sarah Williams,USPS,272.0,90+,Completed Not Paid,Open,"Bloomington, WY|2025-07-24"
"Danville, MA",2025-07-24,,2025-07-21,,2558732,,3106192,0.0,Completed,Emergency,Repair,HVAC Repairs,Mike Johnson,USPS,272.0,90+,Completed Not Paid,Open,"Danville, MA|2025-07-24"
"Danville, OH",2025-07-24,,,,2557788,,3105181,1000.0,Assigned,Urgent,Repair,Concrete,Sarah Williams,USPS,272.0,90+,Not Started,Open,"Danville, OH|2025-07-24"
"Hamilton, OH",2025-07-24,2025-07-24,2025-07-24,2025-07-29,2557790,2025-08-12,3105183,214.23,Closed,Normal,Repair,Electrical Repairs,Jessica Martin,USPS,19.0,0-30,Closed,Closed,"Hamilton, OH|2025-07-24"
"Kingston, ME",2025-07-24,2025-07-27,2025-07-27,2025-07-28,2557908,2025-08-12,3105267,115.39,Closed,Urgent,Repair,HVAC Repairs,Sarah Williams,USPS,19.0,0-30,Closed,Closed,"Kingston, ME|2025-07-24"
"Anderson, MS",2025-07-25,,,,2558294,,3105699,,Assigned,Normal,Repair,Roof Repair,Sarah Williams,USPS,271.0,90+,Not Started,Open,"Anderson, MS|2025-07-25"
"Arlington, CO",2025-07-27,2025-08-18,2025-10-19,2025-10-19,2558283,,3105685,550.0,Payment,Normal,Repair,Doors,Jessica Martin,USPS,269.0,90+,Financial Processing,Open,"Arlington, CO|2025-07-27"
"Burlington, NH",2025-07-27,2025-08-13,2025-08-31,2025-08-31,2558631,2025-09-03,3106046,200.0,Closed,Normal,Repair,Plumbing,Jessica Martin,USPS,38.0,31-60,Closed,Closed,"Burlington, NH|2025-07-27"
"Burlington, NH",2025-07-27,2025-08-28,,,2558631,,3106104,6500.0,Deposit,Urgent,Repair,Painting,Kevin Miller,USPS,269.0,90+,In Progress,Open,"Burlington, NH|2025-07-27"
"Danville, NM",2025-07-27,2025-08-04,2025-09-02,,na,2025-09-10,na,,Closed,Urgent,Repair,Plumbing,Mike Johnson,USPS,45.0,31-60,Closed,Closed,"Danville, NM|2025-07-27"
"Greenville, NC",2025-07-27,,,,na,,na,500.0,Assigned,Urgent,Repair,Electrical Repairs,Mike Johnson,USPS,269.0,90+,Not Started,Open,"Greenville, NC|2025-07-27"
"Greenville, NC",2025-07-27,2025-07-27,2025-07-28,,na,2025-08-07,na,108.65,Closed,Urgent,Repair,Doors,Mike Johnson,USPS,11.0,0-30,Closed,Closed,"Greenville, NC|2025-07-27"
"Hamilton, WA",2025-07-27,,,,na,,na,,Assigned,Urgent,Repair,Drive Thru,Mike Johnson,USPS,269.0,90+,Not Started,Open,"Hamilton, WA|2025-07-27"
"Hamilton, WA",2025-07-27,2025-10-22,,,,,,1855.0,Contracted,Urgent,Repair,Building Repairs,Kevin Miller,Internal,269.0,90+,In Progress,Open,"Hamilton, WA|2025-07-27"
"Manchester, AR",2025-07-27,2025-08-04,2025-09-14,,2558468,,3105881,50.0,Waiting For Bill,Normal,Repair,Glass,Kevin Miller,USPS,269.0,90+,Completed Not Paid,Open,"Manchester, AR|2025-07-27"
"Newport, ME",2025-07-27,2025-08-27,2025-09-03,2025-09-03,2558608,2025-09-21,3105974,7200.0,Closed,Urgent,Repair,HVAC Replacement,Ashley Thompson,USPS,56.0,31-60,Closed,Closed,"Newport, ME|2025-07-27"
"Riverside, MS",2025-07-27,2025-08-07,2025-08-17,2025-08-19,2558692,2025-09-03,3106103,150.0,Closed,Normal,Repair,Gutters,Jessica Martin,USPS,38.0,31-60,Closed,Closed,"Riverside, MS|2025-07-27"
"Salem, WV",2025-07-27,,,,2558609,,3105975,500.0,Assigned,Normal,Repair,Roof Repair,Kevin Miller,USPS,269.0,90+,Not Started,Open,"Salem, WV|2025-07-27"
"Arlington, MN",2025-07-28,2025-07-28,2025-07-28,2025-07-31,,2025-08-11,,250.0,Closed,Urgent,Repair,HVAC Repairs,Brandon Davis,Internal,14.0,0-30,Closed,Closed,"Arlington, MN|2025-07-28"
"Danville, NM",2025-07-28,2025-08-14,2025-09-24,2025-09-24,2558395,2025-10-06,3105839,400.0,Closed,Urgent,Repair,Misc. Repairs,Brandon Davis,USPS,70.0,61-90,Closed,Closed,"Danville, NM|2025-07-28"
"Fremont, OK",2025-07-28,2025-07-28,2025-07-30,2025-07-30,,2025-08-18,,200.0,Closed,Urgent,Repair,HVAC Repairs,Brandon Davis,Internal,21.0,0-30,Closed,Closed,"Fremont, OK|2025-07-28"
"Lexington, WV",2025-07-28,2025-08-31,2025-08-31,2025-09-22,2556192,2025-09-28,3103416,400.0,Closed,Urgent,Repair,Roof Repair,Brandon Davis,USPS,62.0,61-90,Closed,Closed,"Lexington, WV|2025-07-28"
"Manchester, NM",2025-07-28,2025-06-01,2025-06-26,,,2025-08-12,,200.0,Closed,Urgent,Repair,HVAC PM,Ashley Thompson,Internal,15.0,0-30,Closed,Closed,"Manchester, NM|2025-07-28"
"Anderson, PA",2025-07-29,,,,,,,1000.0,Payment,Urgent,Repair,Plumbing,Brandon Davis,Internal,267.0,90+,Financial Processing,Open,"Anderson, PA|2025-07-29"
"Arlington, WY",2025-07-29,2025-08-31,2025-08-31,2025-09-10,2558884,2025-09-28,3106254,147.7,Closed,Normal,Repair,Glass,Kevin Miller,USPS,61.0,61-90,Closed,Closed,"Arlington, WY|2025-07-29"
"Arlington, WY",2025-07-29,2025-07-30,2025-07-30,2025-07-30,2558869,2025-08-12,3106273,75.0,Closed,Normal,Repair,Electrical Repairs,Jessica Martin,USPS,14.0,0-30,Closed,Closed,"Arlington, WY|2025-07-29"
"Arlington, WY",2025-07-29,,,,2558867,,3106271,2500.0,Contracted,Urgent,Repair,Paving (Repair),Ashley Thompson,USPS,267.0,90+,In Progress,Open,"Arlington, WY|2025-07-29"
"Dayton, NE",2025-07-29,2025-10-14,,,,,,1000.0,Contracted,Urgent,Repair,Plumbing,Brandon Davis,Internal,267.0,90+,In Progress,Open,"Dayton, NE|2025-07-29"
"Georgetown, ME",2025-07-29,,2025-07-30,,,2025-07-30,,250.0,Closed,Urgent,Repair,HVAC Repairs,Brandon Davis,Internal,1.0,0-30,Closed,Closed,"Georgetown, ME|2025-07-29"
"Oakland, IA",2025-07-29,,,,,,,5200.0,Assigned,Urgent,Repair,HVAC Repairs,Kevin Miller,Internal,267.0,90+,Not Started,Open,"Oakland, IA|2025-07-29"
"Winchester, NE",2025-07-29,,,,2559371,2025-09-16,3106722,,Closed,Normal,Repair,Drive Thru,Sarah Williams,USPS,49.0,31-60,Closed,Closed,"Winchester, NE|2025-07-29"
"Danville, NE",2025-07-30,2025-08-10,,,,2025-08-17,,250.0,Closed,Urgent,Repair,HVAC Repairs,Brandon Davis,Internal,18.0,0-30,Closed,Closed,"Danville, NE|2025-07-30"
"Danville, NM",2025-07-30,2025-08-14,2025-09-09,,,2025-09-18,,625.0,Closed,Urgent,Repair,Violation,Brandon Davis,Internal,50.0,31-60,Closed,Closed,"Danville, NM|2025-07-30"
"Fremont, OK",2025-07-30,,,,,,,400.0,Assigned,Urgent,Repair,Masonry,Brandon Davis,Internal,266.0,90+,Not Started,Open,"Fremont, OK|2025-07-30"
"Georgetown, ME",2025-07-30,2025-07-30,2025-07-30,2025-07-30,2559085,2025-08-13,3106483,250.0,Closed,Urgent,Repair,HVAC Repairs,Brandon Davis,USPS,14.0,0-30,Closed,Closed,"Georgetown, ME|2025-07-30"
"Hudson, WI",2025-07-30,2025-08-01,2025-08-03,2025-08-13,2560733,2025-08-18,3108194,4350.0,Closed,Emergency,Repair,Roof Repair,Mike Johnson,USPS,19.0,0-30,Closed,Closed,"Hudson, WI|2025-07-30"
"Plymouth, AR",2025-07-30,,,,na,,na,1000.0,Assigned,Urgent,Repair,Roof Repair,Mike Johnson,USPS,266.0,90+,Not Started,Open,"Plymouth, AR|2025-07-30"
"Springfield, NC",2025-07-30,2025-07-30,2025-07-30,,2560917,,3108388,2247.0,Payment,Emergency,Repair,Drive Thru,Sarah Williams,USPS,266.0,90+,Financial Processing,Open,"Springfield, NC|2025-07-30"
"Clinton, OR",2025-07-31,2025-07-31,2025-08-07,2025-10-05,2560129,2025-10-13,3107572,240.0,Closed,Urgent,Repair,HVAC Repairs,Sarah Williams,USPS,74.0,61-90,Closed,Closed,"Clinton, OR|2025-07-31"
"Greenville, SD",2025-07-31,,,,2527662,,3073876,1000.0,Assigned,Normal,Repair,Paving (Repair),Sarah Williams,USPS,265.0,90+,Not Started,Open,"Greenville, SD|2025-07-31"
"Milton, NH",2025-07-31,,,,2559813,,3107270,500.0,Assigned,Urgent,Repair,Roof Repair,Sarah Williams,USPS,265.0,90+,Not Started,Open,"Milton, NH|2025-07-31"
"Mount Vernon, MA",2025-07-31,2025-08-13,2025-08-14,,,2025-09-18,,371.0,Closed,Normal,Repair,HVAC Repairs,Sarah Williams,Internal,49.0,31-60,Closed,Closed,"Mount Vernon, MA|2025-07-31"
"Clinton, MN",2025-08-01,2025-08-03,2025-08-19,,na,2025-09-18,na,446.19,Closed,Urgent,Repair,Roof Repair,Mike Johnson,USPS,48.0,31-60,Closed,Closed,"Clinton, MN|2025-08-01"
"Bristol, OH",2025-08-02,,,,2561021,,3108558,300.0,Assigned,Urgent,Repair,Roof Repair,Kevin Miller,USPS,263.0,90+,Not Started,Open,"Bristol, OH|2025-08-02"
"Burlington, MN",2025-08-03,2025-08-03,2025-08-06,,2561054,2025-09-04,3108603,480.52,Closed,Urgent,Repair,Plumbing,Ashley Thompson,USPS,32.0,31-60,Closed,Closed,"Burlington, MN|2025-08-03"
"Clayton, NM",2025-08-03,2025-08-03,2025-08-03,2025-08-05,2560017,,3107476,763.58,Payment,Urgent,Repair,HVAC Repairs,Ashley Thompson,USPS,262.0,90+,Financial Processing,Open,"Clayton, NM|2025-08-03"
"Columbia, HI",2025-08-03,2025-08-04,2025-09-01,2025-09-29,2560945,,3108429,0.0,Completed,Normal,Repair,Roof Repair,Sarah Williams,USPS,262.0,90+,Completed Not Paid,Open,"Columbia, HI|2025-08-03"
"Fairview, MT",2025-08-03,2025-08-06,2025-08-06,,2559745,2025-08-26,3107180,,Closed,Urgent,Repair,Roof Repair,Jessica Martin,USPS,23.0,0-30,Closed,Closed,"Fairview, MT|2025-08-03"
"Jackson, NM",2025-08-03,2025-08-03,2025-08-03,2025-08-03,2560515,2025-08-12,3107992,294.94,Closed,Urgent,Repair,HVAC Repairs,Ashley Thompson,USPS,9.0,0-30,Closed,Closed,"Jackson, NM|2025-08-03"
"Milton, NH",2025-08-03,2025-08-06,,,2559813,,3107254,600.0,Contracted,Normal,Repair,Ceiling Tiles,Jessica Martin,USPS,262.0,90+,In Progress,Open,"Milton, NH|2025-08-03"
"Oakland, IA",2025-08-03,,,,2554099,2025-08-27,3101345,600.0,Assigned,Normal,Repair,Electrical Repairs,Jessica Martin,USPS,24.0,0-30,Not Started,Open,"Oakland, IA|2025-08-03"
"Oxford, NH",2025-08-03,2025-09-02,2025-09-22,2025-09-22,2560220,2025-09-30,3107617,6167.5,Closed,Urgent,Repair,Roof Repair,Jessica Martin,USPS,58.0,31-60,Closed,Closed,"Oxford, NH|2025-08-03"
"Riverside, AR",2025-08-03,,,,2559696,,3107135,500.0,Assigned,Normal,Repair,Glass,Jessica Martin,USPS,262.0,90+,Not Started,Open,"Riverside, AR|2025-08-03"
"Auburn, TN",2025-08-04,2025-08-05,2025-08-17,2025-08-17,2561309,2025-08-17,3108810,0.0,Closed,Urgent,Repair,HVAC Repairs,Jessica Martin,USPS,13.0,0-30,Closed,Closed,"Auburn, TN|2025-08-04"
"Dover, VT",2025-08-04,2025-08-27,,,2561713,,3109175,500.0,Assigned,Normal,Repair,Roof Repair,Sarah Williams,USPS,261.0,90+,Not Started,Open,"Dover, VT|2025-08-04"
"Lancaster, MI",2025-08-04,2025-08-06,2025-08-06,2025-08-12,2561498,2025-09-18,3109119,195.0,Closed,Urgent,Repair,HVAC Repairs,Kevin Miller,USPS,45.0,31-60,Closed,Closed,"Lancaster, MI|2025-08-04"
"Oxford, LA",2025-08-04,2025-09-17,,,2561763,,3109298,6800.0,Deposit,Urgent,Repair,HVAC Replacement,Sarah Williams,USPS,261.0,90+,In Progress,Open,"Oxford, LA|2025-08-04"
"Oxford, LA",2025-08-04,2025-08-07,2025-09-28,,2561321,,3108842,400.0,Payment,Urgent,Repair,Paving (Repair),Ashley Thompson,USPS,261.0,90+,Financial Processing,Open,"Oxford, LA|2025-08-04"
"Rockville, TX",2025-08-04,,,,2555581,,3102898,750.0,Assigned,Normal,Repair,Electrical Repairs,Jessica Martin,USPS,261.0,90+,Not Started,Open,"Rockville, TX|2025-08-04"
"Dover, WA",2025-08-05,2025-08-12,2025-08-13,2025-08-14,2561933,2025-09-18,3109472,150.0,Closed,Urgent,Repair,Plumbing,Kevin Miller,USPS,44.0,31-60,Closed,Closed,"Dover, WA|2025-08-05"
"Greenville, NC",2025-08-05,2025-08-10,2025-08-10,2025-08-10,,,,,Closed,Normal,Repair,Doors,Kevin Miller,Internal,260.0,90+,Closed,Closed,"Greenville, NC|2025-08-05"
"Greenville, NC",2025-08-05,2025-08-05,,,,,,625.0,Contracted,Normal,Repair,Overhead Doors,Kevin Miller,Internal,260.0,90+,In Progress,Open,"Greenville, NC|2025-08-05"
"Greenville, NM",2025-08-05,2025-08-26,2025-09-08,,2562001,,3109581,896.75,Completed,Urgent,Repair,HVAC Repairs,Kevin Miller,USPS,260.0,90+,Completed Not Paid,Open,"Greenville, NM|2025-08-05"
"Kingston, VT",2025-08-05,2025-08-25,2025-09-11,2025-09-28,2562071,2025-10-06,3109642,495.0,Closed,Normal,Repair,Roof Repair,Sarah Williams,USPS,62.0,61-90,Closed,Closed,"Kingston, VT|2025-08-05"
"Norwood, ID",2025-08-05,2025-08-05,,,2562007,2025-08-24,3109525,0.0,Closed,Urgent,Repair,Roof Repair,Mike Johnson,USPS,19.0,0-30,Closed,Closed,"Norwood, ID|2025-08-05"
"Fairview, NM",2025-08-06,2025-08-31,2025-09-15,2025-09-22,2559906,2025-09-28,3107401,600.0,Closed,Urgent,Repair,Roof Repair,Brandon Davis,USPS,53.0,31-60,Closed,Closed,"Fairview, NM|2025-08-06"
"Farmington, MN",2025-08-06,,,2025-09-02,2561478,2025-09-02,3108989,0.0,Closed,Urgent,Repair,Roof Repair,Ashley Thompson,USPS,27.0,0-30,Closed,Closed,"Farmington, MN|2025-08-06"
"Jackson, VT",2025-08-06,2025-08-11,2025-08-11,2025-08-20,,2025-09-03,,150.0,Closed,Urgent,Repair,Electrical Repairs,Jessica Martin,Internal,28.0,0-30,Closed,Closed,"Jackson, VT|2025-08-06"
"Mount Vernon, MA",2025-08-06,2025-08-18,2025-08-26,2025-08-26,2562776,2025-09-18,3110366,200.0,Closed,Urgent,Repair,Plumbing,Brandon Davis,USPS,43.0,31-60,Closed,Closed,"Mount Vernon, MA|2025-08-06"
"Auburn, SC",2025-08-07,2025-09-18,,,2562931,,3110482,350.0,Contracted,Urgent,Repair,Roof Repair,Brandon Davis,USPS,258.0,90+,In Progress,Open,"Auburn, SC|2025-08-07"
"Dayton, PA",2025-08-07,2025-08-18,2025-08-21,2025-09-02,2563310,2025-10-19,3110868,150.0,Closed,Urgent,Repair,Roof Repair,Sarah Williams,USPS,73.0,61-90,Closed,Closed,"Dayton, PA|2025-08-07"
"Hudson, KS",2025-08-07,,,,2563046,,3110602,800.0,Assigned,Normal,Repair,Misc. Repairs,Jessica Martin,USPS,258.0,90+,Not Started,Open,"Hudson, KS|2025-08-07"
"Hudson, KS",2025-08-07,2025-09-01,2025-09-14,2025-09-15,2563047,2025-09-18,3110605,300.0,Closed,Normal,Repair,Striping,Jessica Martin,USPS,42.0,31-60,Closed,Closed,"Hudson, KS|2025-08-07"
"Hudson, KS",2025-08-07,2025-09-01,2025-09-14,2025-09-15,2563025,2025-09-18,3110591,300.0,Closed,Normal,Repair,Painting,Jessica Martin,USPS,42.0,31-60,Closed,Closed,"Hudson, KS|2025-08-07"
"Bloomington, MS",2025-08-10,,,,,,,0.0,Dispute,Urgent,Repair,HVAC Repairs,Brandon Davis,Internal,255.0,90+,Risk,Open,"Bloomington, MS|2025-08-10"
"Bristol, IA",2025-08-10,,,,2562914,,3110452,400.0,Assigned,Urgent,Repair,Glass,Kevin Miller,USPS,255.0,90+,Not Started,Open,"Bristol, IA|2025-08-10"
"Danville, NE",2025-08-10,2025-08-10,2025-09-01,2025-09-01,256375,2025-10-06,3111336,12500.0,Closed,Urgent,Repair,HVAC Replacement,Brandon Davis,USPS,57.0,31-60,Closed,Closed,"Danville, NE|2025-08-10"
"Dayton, IN",2025-08-10,2025-10-08,,,2547106,,3094125,400.0,Contracted,Urgent,Repair,Glass,Kevin Miller,USPS,255.0,90+,In Progress,Open,"Dayton, IN|2025-08-10"
"Madison, SD",2025-08-10,2025-08-18,2025-08-19,2025-09-01,2562639,2025-09-01,3110189,200.0,Closed,Urgent,Repair,Plumbing,Brandon Davis,USPS,22.0,0-30,Closed,Closed,"Madison, SD|2025-08-10"
"Oakland, GA",2025-08-10,2025-08-06,2025-08-12,2025-08-25,2563309,,3110867,426.0,Dispute,Normal,Repair,HVAC Repairs,Jessica Martin,USPS,255.0,90+,Risk,Open,"Oakland, GA|2025-08-10"
"Centerville, SC",2025-08-11,,,,,,,308.0,Closed,Normal,Repair,Pest Control,Jessica Martin,Internal,254.0,90+,Closed,Closed,"Centerville, SC|2025-08-11"
"Riverside, CO",2025-08-11,,,,,,,265.0,Closed,Normal,Repair,Pest Control,Jessica Martin,Internal,254.0,90+,Closed,Closed,"Riverside, CO|2025-08-11"
"Auburn, TN",2025-08-12,2025-08-07,2025-08-17,2025-08-17,,2025-09-03,,523.93,Closed,Normal,Repair,HVAC Filters,Jessica Martin,Internal,22.0,0-30,Closed,Closed,"Auburn, TN|2025-08-12"
"Burlington, NH",2025-08-12,2025-08-13,2025-08-31,2025-08-31,2564629,2025-09-03,3112258,200.0,Closed,Normal,Repair,Plumbing,Jessica Martin,USPS,22.0,0-30,Closed,Closed,"Burlington, NH|2025-08-12"
"Florence, MO",2025-08-12,2025-08-13,2025-08-14,2025-08-17,2563848,2025-09-18,3111419,1216.68,Closed,Urgent,Repair,HVAC Repairs,Sarah Williams,USPS,37.0,31-60,Closed,Closed,"Florence, MO|2025-08-12"
"Winchester, IN",2025-08-12,,,,,2025-09-16,,,Closed,Urgent,Repair,Building Repairs,Kevin Miller,Internal,35.0,31-60,Closed,Closed,"Winchester, IN|2025-08-12"
"Cleveland, CT",2025-08-13,2025-08-18,2025-08-28,2025-09-02,2564208,2025-09-18,3111697,300.0,Closed,Normal,Repair,Ceiling Tiles,Jessica Martin,USPS,36.0,31-60,Closed,Closed,"Cleveland, CT|2025-08-13"
"Clinton, CA",2025-08-13,2025-08-14,2025-08-14,2025-08-14,2564218,2025-08-24,3111899,91.51,Closed,Normal,Repair,Plumbing,Jessica Martin,USPS,11.0,0-30,Closed,Closed,"Clinton, CA|2025-08-13"
"Clinton, CA",2025-08-13,,,,,,,0.0,Closed,Urgent,Repair,HVAC PM,Ashley Thompson,Internal,252.0,90+,Closed,Closed,"Clinton, CA|2025-08-13"
"Columbia, NY",2025-08-13,2025-09-29,,,2564882,,3112500,0.0,Contracted,Urgent,Repair,Roof Repair,Mike Johnson,USPS,252.0,90+,In Progress,Open,"Columbia, NY|2025-08-13"
"Dayton, AZ",2025-08-13,2025-08-14,2025-08-17,2025-08-18,2564921,2025-09-03,3112560,156.07,Closed,Normal,Repair,Electrical Repairs,Jessica Martin,USPS,21.0,0-30,Closed,Closed,"Dayton, AZ|2025-08-13"
"Dayton, ME",2025-08-13,2025-08-19,2025-08-20,2025-08-21,2564575,,3112111,150.0,Completed,Normal,Repair,Doors,Jessica Martin,USPS,252.0,90+,Completed Not Paid,Open,"Dayton, ME|2025-08-13"
"Edison, PA",2025-08-13,2025-08-14,2025-08-14,2025-08-17,,2025-08-24,,180.0,Closed,Normal,Repair,Misc. Repairs,Jessica Martin,Internal,11.0,0-30,Closed,Closed,"Edison, PA|2025-08-13"
"Farmington, PA",2025-08-13,2025-09-23,,,2564562,,3112119,500.0,Assigned,Urgent,Repair,Building Repairs,Ashley Thompson,USPS,252.0,90+,Not Started,Open,"Farmington, PA|2025-08-13"
"Farmington, PA",2025-08-13,2025-09-23,,,2564562,,3112057,300.0,Assigned,Urgent,Repair,Doors,Ashley Thompson,USPS,252.0,90+,Not Started,Open,"Farmington, PA|2025-08-13"
"Mount Vernon, MA",2025-08-13,2025-08-31,2025-08-31,2025-09-02,2564812,2025-09-28,3112462,95.0,Closed,Urgent,Repair,Doors,Kevin Miller,USPS,46.0,31-60,Closed,Closed,"Mount Vernon, MA|2025-08-13"
"Rockville, NH",2025-08-13,2025-08-25,2025-08-29,2025-08-31,2564564,2025-09-03,3112124,145.8,Closed,Urgent,Repair,Paving (Repair),Jessica Martin,USPS,21.0,0-30,Closed,Closed,"Rockville, NH|2025-08-13"
"Winchester, NM",2025-08-13,2025-08-13,2025-08-13,2025-08-21,2564816,,3112412,500.0,Completed,Urgent,Repair,HVAC Repairs,Sarah Williams,USPS,252.0,90+,Completed Not Paid,Open,"Winchester, NM|2025-08-13"
"Arlington, MN",2025-08-14,,,,2564133,,3111728,300.0,Assigned,Urgent,Repair,Misc. Repairs,Brandon Davis,USPS,251.0,90+,Not Started,Open,"Arlington, MN|2025-08-14"
"Ashland, PA",2025-08-14,,,,,2025-09-03,,110.0,Closed,Normal,Repair,Pest Control,Jessica Martin,Internal,20.0,0-30,Closed,Closed,"Ashland, PA|2025-08-14"
"Columbia, MO",2025-08-14,,,,2564697,,3112256,500.0,Assigned,Urgent,Repair,Paving (Repair),Brandon Davis,USPS,251.0,90+,Not Started,Open,"Columbia, MO|2025-08-14"
"Mount Vernon, TX",2025-08-14,2025-08-26,2025-08-26,,2564256,,3111841,60.0,Waiting For Bill,Urgent,Repair,Doors,Ashley Thompson,USPS,251.0,90+,Completed Not Paid,Open,"Mount Vernon, TX|2025-08-14"
"Oakland, MD",2025-08-14,2025-09-14,2025-09-17,2025-09-18,2565202,2025-09-28,3112777,150.0,Closed,Normal,Repair,Doors,Jessica Martin,USPS,45.0,31-60,Closed,Closed,"Oakland, MD|2025-08-14"
"Anderson, CA",2025-08-17,2025-08-17,2025-08-19,2025-08-20,2566059,2025-09-03,3113674,309.43,Closed,Emergency,Repair,HVAC Repairs,Sarah Williams,USPS,17.0,0-30,Closed,Closed,"Anderson, CA|2025-08-17"
"Anderson, WV",2025-08-17,2025-08-24,2025-08-25,2025-08-26,2565509,,3113106,270.63,Payment,Normal,Repair,Roof Repair,Sarah Williams,USPS,248.0,90+,Financial Processing,Open,"Anderson, WV|2025-08-17"
"Burlington, SC",2025-08-17,2025-08-17,2025-08-18,2025-08-19,2565553,,3113187,80.0,Payment,Urgent,Repair,HVAC Repairs,Sarah Williams,USPS,248.0,90+,Financial Processing,Open,"Burlington, SC|2025-08-17"
"Clayton, IA",2025-08-17,2025-08-20,2025-08-31,2025-08-31,2565316,2025-09-18,3112999,750.0,Closed,Urgent,Repair,Plumbing,Brandon Davis,USPS,32.0,31-60,Closed,Closed,"Clayton, IA|2025-08-17"
"Edison, WA",2025-08-17,,,,2564967,,3112525,350.0,Assigned,Normal,Repair,Doors,Jessica Martin,USPS,248.0,90+,Not Started,Open,"Edison, WA|2025-08-17"
"Jackson, NM",2025-08-17,2025-08-17,2025-08-20,2025-09-10,2565206,2025-09-11,3112787,474.77,Closed,Urgent,Repair,HVAC Repairs,Ashley Thompson,USPS,25.0,0-30,Closed,Closed,"Jackson, NM|2025-08-17"
"Marion, GA",2025-08-17,2025-08-18,2025-08-19,2025-08-21,2565388,2025-09-04,3113014,110.0,Closed,Urgent,Repair,Electrical Repairs,Ashley Thompson,USPS,18.0,0-30,Closed,Closed,"Marion, GA|2025-08-17"
"Mount Vernon, MA",2025-08-17,,2025-08-17,,2564812,2025-08-27,3112462,0.0,Closed,Urgent,Repair,Doors,Brandon Davis,USPS,10.0,0-30,Closed,Closed,"Mount Vernon, MA|2025-08-17"
"Norwood, GA",2025-08-17,2025-08-20,2025-08-20,2025-08-20,2565557,2025-09-03,3113194,950.0,Closed,Urgent,Repair,Plumbing,Brandon Davis,USPS,17.0,0-30,Closed,Closed,"Norwood, GA|2025-08-17"
"Salem, WI",2025-08-17,2025-08-18,,,,,,250.0,Waiting For Bill,Urgent,Repair,Doors,Sarah Williams,Internal,248.0,90+,Completed Not Paid,Open,"Salem, WI|2025-08-17"
"Oxford, PA",2025-08-18,,,,,,,500.0,Assigned,Urgent,Repair,Misc. Repairs,Brandon Davis,Internal,247.0,90+,Not Started,Open,"Oxford, PA|2025-08-18"
"Arlington, WV",2025-08-19,2025-08-20,2025-08-26,2025-08-27,2566203,2025-09-11,3113790,467.5,Closed,Urgent,Repair,Electrical Repairs,Ashley Thompson,USPS,23.0,0-30,Closed,Closed,"Arlington, WV|2025-08-19"
"Bloomington, OK",2025-08-19,,2025-09-21,2025-10-06,2566198,2025-10-06,3113838,300.0,Closed,Urgent,Repair,Concrete,Brandon Davis,USPS,48.0,31-60,Closed,Closed,"Bloomington, OK|2025-08-19"
"Edison, NH",2025-08-19,,,2025-09-15,2566076,2025-09-15,3113653,,Closed,Normal,Repair,Misc. Repairs,Kevin Miller,USPS,27.0,0-30,Closed,Closed,"Edison, NH|2025-08-19"
"Edison, NH",2025-08-19,2025-08-28,2025-09-01,2025-09-10,2566076,2025-09-18,3113651,183.7,Closed,Urgent,Repair,Plumbing,Kevin Miller,USPS,30.0,0-30,Closed,Closed,"Edison, NH|2025-08-19"
"Farmington, DE",2025-08-19,2025-08-17,2025-08-17,2025-08-19,2565600,2025-09-11,3113210,235.29,Closed,Urgent,Repair,HVAC Repairs,Kevin Miller,USPS,23.0,0-30,Closed,Closed,"Farmington, DE|2025-08-19"
"Albany, AL",2025-08-20,2025-09-10,2025-09-22,2025-10-22,2567128,,3114778,600.0,Completed,Normal,Repair,Flooring,Kevin Miller,USPS,245.0,90+,Completed Not Paid,Open,"Albany, AL|2025-08-20"
"Ashland, AZ",2025-08-20,2025-08-20,2025-08-24,2025-08-24,2566397,,3114062,400.0,Completed,Urgent,Repair,HVAC Repairs,Brandon Davis,USPS,245.0,90+,Completed Not Paid,Open,"Ashland, AZ|2025-08-20"
"Burlington, CO",2025-08-20,2025-08-21,2025-08-21,2025-09-24,2566733,,3114352,250.0,Completed,Urgent,Repair,HVAC Repairs,Sarah Williams,USPS,245.0,90+,Completed Not Paid,Open,"Burlington, CO|2025-08-20"
"Clayton, IN",2025-08-20,2025-09-30,2025-10-05,,2567216,,3114876,500.0,Completed,Urgent,Repair,Roof Repair,Brandon Davis,USPS,245.0,90+,Completed Not Paid,Open,"Clayton, IN|2025-08-20"
"Cleveland, MN",2025-08-20,,,,2567061,,3114751,7000.0,Assigned,Urgent,Repair,Roof Replacement - Shingle,Ashley Thompson,USPS,245.0,90+,Not Started,Open,"Cleveland, MN|2025-08-20"
"Clinton, ME",2025-08-20,2025-08-20,2025-08-21,2025-08-24,2566471,2025-09-04,3114076,418.66,Closed,Urgent,Repair,Plumbing,Ashley Thompson,USPS,15.0,0-30,Closed,Closed,"Clinton, ME|2025-08-20"
"Danville, NM",2025-08-20,2025-08-20,2025-08-26,,,2025-09-03,,150.0,Closed,Normal,Repair,Plumbing,Sarah Williams,Internal,14.0,0-30,Closed,Closed,"Danville, NM|2025-08-20"
"Dayton, ME",2025-08-20,2025-10-20,,,2566605,,3114238,350.0,Assigned,Normal,Repair,Concrete,Kevin Miller,USPS,245.0,90+,Not Started,Open,"Dayton, ME|2025-08-20"
"Dayton, ME",2025-08-20,,,,2566605,,3114194,500.0,Assigned,Normal,Repair,Electrical Repairs,Kevin Miller,USPS,245.0,90+,Not Started,Open,"Dayton, ME|2025-08-20"
"Dayton, ME",2025-08-20,2025-09-24,2025-09-24,2025-09-26,2566605,2025-10-07,3114156,153.0,Closed,Normal,Repair,Plumbing,Kevin Miller,USPS,48.0,31-60,Closed,Closed,"Dayton, ME|2025-08-20"
"Florence, MA",2025-08-20,,,,2567464,,3115113,300.0,Assigned,Urgent,Repair,Doors,Sarah Williams,USPS,245.0,90+,Not Started,Open,"Florence, MA|2025-08-20"
"Florence, NE",2025-08-20,2025-08-24,2025-08-24,,2567202,,3114835,300.0,Completed,Urgent,Repair,HVAC Repairs,Kevin Miller,USPS,245.0,90+,Completed Not Paid,Open,"Florence, NE|2025-08-20"
"Mount Vernon, MA",2025-08-20,2025-08-20,2025-08-21,,,2025-09-18,,440.0,Closed,Urgent,Repair,HVAC Repairs,Sarah Williams,Internal,29.0,0-30,Closed,Closed,"Mount Vernon, MA|2025-08-20"
"Oakland, MI",2025-08-20,,,,2566906,,3114526,300.0,Assigned,Urgent,Repair,Doors,Sarah Williams,USPS,245.0,90+,Not Started,Open,"Oakland, MI|2025-08-20"
"Salem, WI",2025-08-20,,,,2566496,,3114121,7569.0,Assigned,Normal,Repair,Doors,Sarah Williams,USPS,245.0,90+,Not Started,Open,"Salem, WI|2025-08-20"
"Springfield, SC",2025-08-20,,,,,,,8000.0,Assigned,Urgent,Repair,HVAC Repairs,Brandon Davis,Internal,245.0,90+,Not Started,Open,"Springfield, SC|2025-08-20"
"Springfield, SC",2025-08-20,,,,,,,5000.0,Assigned,Normal,Repair,Ceiling Tiles,Jessica Martin,Internal,245.0,90+,Not Started,Open,"Springfield, SC|2025-08-20"
"Springfield, SC",2025-08-20,,,,,,,14300.0,Assigned,Normal,Repair,Painting,Jessica Martin,Internal,245.0,90+,Not Started,Open,"Springfield, SC|2025-08-20"
"Springfield, SC",2025-08-20,,,,,,,3200.0,Assigned,Normal,Repair,Other,Jessica Martin,Internal,245.0,90+,Not Started,Open,"Springfield, SC|2025-08-20"
"Franklin, LA",2025-08-21,2025-02-01,2025-06-11,,,2025-09-04,,907.0,Closed,Urgent,Repair,HVAC PM,Ashley Thompson,Internal,14.0,0-30,Closed,Closed,"Franklin, LA|2025-08-21"
"Lexington, WV",2025-08-21,2025-08-24,2025-08-26,,2567515,2025-09-28,3115177,300.0,Closed,Urgent,Repair,Electrical Repairs,Brandon Davis,USPS,38.0,31-60,Closed,Closed,"Lexington, WV|2025-08-21"
"Oakland, MI",2025-08-21,,,,2567619-3115326,,3115326,750.0,Assigned,Urgent,Repair,Paving (Repair),Sarah Williams,USPS,244.0,90+,Not Started,Open,"Oakland, MI|2025-08-21"
"Ashland, AZ",2025-08-24,,,,,2025-08-25,,,Closed,Normal,Repair,Electrical Repairs,Jessica Martin,Internal,1.0,0-30,Closed,Closed,"Ashland, AZ|2025-08-24"
"Hudson, MI",2025-08-24,,,,,,,5000.0,Assigned,Normal,Repair,HVAC Repairs,Jessica Martin,Internal,241.0,90+,Not Started,Open,"Hudson, MI|2025-08-24"
"Riverside, AR",2025-08-24,,,,,,,18000.0,Assigned,Normal,Repair,Roof Replacement - Flat,Jessica Martin,Internal,241.0,90+,Not Started,Open,"Riverside, AR|2025-08-24"
"Hudson, CA",2025-08-25,2025-08-26,2025-08-26,2025-08-26,2568286,,3115982,300.0,Completed,Emergency,Repair,Doors,Sarah Williams,USPS,240.0,90+,Completed Not Paid,Open,"Hudson, CA|2025-08-25"
"Mount Vernon, MA",2025-08-25,2025-08-25,2025-08-28,2025-09-02,,2025-10-19,,1305.0,Closed,Urgent,Repair,HVAC Repairs,Sarah Williams,Internal,55.0,31-60,Closed,Closed,"Mount Vernon, MA|2025-08-25"
"Oakland, GA",2025-08-25,,,,,,,4000.0,Assigned,Normal,Repair,HVAC Repairs,Jessica Martin,Internal,240.0,90+,Not Started,Open,"Oakland, GA|2025-08-25"
"Anderson, FL",2025-08-26,,,,,2025-10-07,,297.69,Closed,Normal,Repair,Roof Repair,Kevin Miller,Internal,42.0,31-60,Closed,Closed,"Anderson, FL|2025-08-26"
"Bloomington, MS",2025-08-26,2025-08-26,2025-08-27,,na,,na,0.0,Completed,Urgent,Repair,Roof Repair,Mike Johnson,USPS,239.0,90+,Completed Not Paid,Open,"Bloomington, MS|2025-08-26"
"Danville, NM",2025-08-26,,,,,,,0.0,Assigned,Normal,Repair,Utilities,Mike Johnson,Internal,239.0,90+,Not Started,Open,"Danville, NM|2025-08-26"
"Danville, NM",2025-08-26,,,,,,,,Assigned,Urgent,Repair,Landscaping,Ashley Thompson,Internal,239.0,90+,Not Started,Open,"Danville, NM|2025-08-26"
"Farmington, AZ",2025-08-26,2025-09-10,2025-10-09,2025-10-13,,2025-10-20,,250.0,Closed,Urgent,Repair,Painting,Ashley Thompson,Internal,55.0,31-60,Closed,Closed,"Farmington, AZ|2025-08-26"
"Hudson, CA",2025-08-26,2025-10-05,2025-10-06,,2568286,2025-10-19,3116828,401.25,Closed,Normal,Repair,Doors,Sarah Williams,USPS,54.0,31-60,Closed,Closed,"Hudson, CA|2025-08-26"
"Lancaster, ID",2025-08-26,2025-09-02,2025-09-02,2025-09-04,2568970,2025-10-07,3116745,93.75,Closed,Urgent,Repair,Doors,Kevin Miller,USPS,42.0,31-60,Closed,Closed,"Lancaster, ID|2025-08-26"
"Salem, OH",2025-08-26,2025-09-18,,,2568019,,3115734,250.0,Contracted,Urgent,Repair,Roof Repair,Kevin Miller,USPS,239.0,90+,In Progress,Open,"Salem, OH|2025-08-26"
"Springfield, NH",2025-08-26,2025-08-26,2025-09-15,2025-10-05,2568937,2025-10-05,3116667,0.0,Closed,Urgent,Repair,Roof Repair,Kevin Miller,USPS,40.0,31-60,Closed,Closed,"Springfield, NH|2025-08-26"
"Winchester, MS",2025-08-26,2025-09-30,2025-10-01,2025-10-01,2569036,2025-10-14,3116783,1050.0,Closed,Normal,Repair,Plumbing,Jessica Martin,USPS,49.0,31-60,Closed,Closed,"Winchester, MS|2025-08-26"
"Clinton, CA",2025-08-27,2025-08-27,2025-08-27,2025-08-28,2569633,,3117370,200.0,Payment,Emergency,Repair,Doors,Jessica Martin,USPS,238.0,90+,Financial Processing,Open,"Clinton, CA|2025-08-27"
"Danville, NM",2025-08-27,2025-09-14,2025-10-06,2025-10-06,2569254,2025-10-14,3117037,200.0,Closed,Urgent,Repair,Ceiling Tiles,Brandon Davis,USPS,48.0,31-60,Closed,Closed,"Danville, NM|2025-08-27"
"Danville, NM",2025-08-27,,2025-08-31,2025-09-22,2569254,2025-09-22,3117080,800.0,Contracted,Urgent,Repair,Building Repairs,Brandon Davis,USPS,26.0,0-30,In Progress,Open,"Danville, NM|2025-08-27"
"Georgetown, MO",2025-08-27,2025-09-08,2025-09-23,,2569324,,3117008,350.0,Completed,Normal,Repair,Roof Repair,Sarah Williams,USPS,238.0,90+,Completed Not Paid,Open,"Georgetown, MO|2025-08-27"
"Milton, ME",2025-08-27,2025-09-24,,,2570021,,3117883,0.0,Contracted,Emergency,Repair,Building Repairs,Mike Johnson,USPS,238.0,90+,In Progress,Open,"Milton, ME|2025-08-27"
"Springfield, FL",2025-08-27,2025-09-01,2025-09-01,2025-09-02,2569796,,3117593,800.0,Completed,Urgent,Repair,Roof Repair,Sarah Williams,USPS,238.0,90+,Completed Not Paid,Open,"Springfield, FL|2025-08-27"
"Winchester, NV",2025-08-27,2025-08-27,2025-09-08,,,,,150.0,Payment,Normal,Repair,Property Inspection,Kevin Miller,Internal,238.0,90+,Financial Processing,Open,"Winchester, NV|2025-08-27"
"Arlington, MN",2025-08-28,,,,2569721,,3117516,600.0,Assigned,Urgent,Repair,Ceiling Tiles,Brandon Davis,USPS,237.0,90+,Not Started,Open,"Arlington, MN|2025-08-28"
"Dover, AK",2025-08-28,2025-08-28,2025-08-31,2025-09-08,2569913,2025-09-18,3117708,366.66,Closed,Normal,Repair,Electrical Repairs,Jessica Martin,USPS,21.0,0-30,Closed,Closed,"Dover, AK|2025-08-28"
"Fremont, NC",2025-08-28,2025-08-28,2025-08-28,2025-08-28,,2025-08-28,,0.0,Closed,Normal,Repair,HVAC Repairs,Jessica Martin,Internal,0.0,0-30,Closed,Closed,"Fremont, NC|2025-08-28"
"Greenville, NM",2025-08-28,2025-08-31,2025-10-12,,2570191,,3118011,1000.0,Completed,Urgent,Repair,Roof Repair,Sarah Williams,USPS,237.0,90+,Completed Not Paid,Open,"Greenville, NM|2025-08-28"
"Centerville, WY",2025-08-31,,,,2570108,,3117929,1000.0,Assigned,Urgent,Repair,HVAC Repairs,Brandon Davis,USPS,234.0,90+,Not Started,Open,"Centerville, WY|2025-08-31"
"Milton, MO",2025-08-31,2025-10-05,2025-10-05,2025-10-13,2569940,2025-10-20,3117757,500.0,Closed,Urgent,Repair,HVAC Repairs,Brandon Davis,USPS,50.0,31-60,Closed,Closed,"Milton, MO|2025-08-31"
"Centerville, OH",2025-09-01,2025-09-01,2025-09-08,2025-09-11,2571175,2025-09-18,3119016,150.0,Closed,Emergency,Repair,Doors,Jessica Martin,USPS,17.0,0-30,Closed,Closed,"Centerville, OH|2025-09-01"
"Canton, WV",2025-09-02,2025-09-03,2025-09-04,,na,2025-09-11,na,180.0,Closed,Urgent,Repair,HVAC Repairs,Jessica Martin,USPS,9.0,0-30,Closed,Closed,"Canton, WV|2025-09-02"
"Centerville, RI",2025-09-02,2025-09-03,2025-09-03,2025-09-03,2570386,2025-09-11,3118261,120.0,Closed,Urgent,Repair,HVAC Repairs,Ashley Thompson,USPS,9.0,0-30,Closed,Closed,"Centerville, RI|2025-09-02"
"Farmington, MT",2025-09-02,2025-08-28,2025-09-02,,,2025-10-20,,75.0,Closed,Normal,Repair,Property Inspection,Kevin Miller,Internal,48.0,31-60,Closed,Closed,"Farmington, MT|2025-09-02"
"Hudson, PA",2025-09-02,,,,2570415,,3118302,500.0,Assigned,Urgent,Repair,Roof Repair,Sarah Williams,USPS,232.0,90+,Not Started,Open,"Hudson, PA|2025-09-02"
"Jackson, VT",2025-09-02,2025-09-02,2025-09-02,2025-09-04,,2025-09-11,,179.79,Closed,Normal,Repair,Electrical Repairs,Jessica Martin,Internal,9.0,0-30,Closed,Closed,"Jackson, VT|2025-09-02"
"Bristol, LA",2025-09-03,,,,2570542,,3118386,3000.0,Assigned,Urgent,Repair,Glass,Ashley Thompson,USPS,231.0,90+,Not Started,Open,"Bristol, LA|2025-09-03"
"Centerville, RI",2025-09-03,2025-09-03,2025-09-30,2025-10-07,2570388,2025-10-14,3118262,300.0,Closed,Urgent,Repair,Roof Repair,Ashley Thompson,USPS,41.0,31-60,Closed,Closed,"Centerville, RI|2025-09-03"
"Cleveland, OR",2025-09-03,,,,2571293,,3119133,500.0,Assigned,Normal,Repair,Roof Repair,Sarah Williams,USPS,231.0,90+,Not Started,Open,"Cleveland, OR|2025-09-03"
"Kingston, WI",2025-09-03,,,,2571251,,3119160,600.0,Closed,Urgent,Repair,Roof Repair,Ashley Thompson,USPS,231.0,90+,Closed,Closed,"Kingston, WI|2025-09-03"
"Kingston, WI",2025-09-03,,,,2571251,,3119428,250.0,Closed,Urgent,Repair,Ceiling Tiles,Ashley Thompson,USPS,231.0,90+,Closed,Closed,"Kingston, WI|2025-09-03"
"Oakland, TN",2025-09-03,2025-09-03,2025-09-04,2024-09-09,2566534,2025-10-19,3114117,180.0,Closed,Emergency,Repair,HVAC Repairs,Mike Johnson,USPS,46.0,31-60,Closed,Closed,"Oakland, TN|2025-09-03"
"Plymouth, MI",2025-09-03,2025-10-01,2025-10-05,2025-10-19,2570383,,3118177,344.0,Payment,Urgent,Repair,Building Repairs,Ashley Thompson,USPS,231.0,90+,Financial Processing,Open,"Plymouth, MI|2025-09-03"
"Anderson, LA",2025-09-04,2025-09-10,2025-09-16,2025-09-28,2572028,,3119963,200.0,Payment,Urgent,Repair,HVAC Repairs,Sarah Williams,USPS,230.0,90+,Financial Processing,Open,"Anderson, LA|2025-09-04"
"Bloomington, AL",2025-09-04,,,,2572592,,3120573,500.0,Assigned,Normal,Repair,Roof Repair,Sarah Williams,USPS,230.0,90+,Not Started,Open,"Bloomington, AL|2025-09-04"
"Bristol, SC",2025-09-04,2025-10-21,,,2572472,,3120438,250.0,Contracted,Urgent,Repair,HVAC Repairs,Sarah Williams,USPS,230.0,90+,In Progress,Open,"Bristol, SC|2025-09-04"
"Georgetown, SD",2025-09-04,,,,,2025-09-22,,400.0,Closed,Urgent,Repair,HVAC Repairs,Brandon Davis,Internal,18.0,0-30,Closed,Closed,"Georgetown, SD|2025-09-04"
"Lexington, TX",2025-09-04,2025-09-04,2025-09-23,2025-09-24,,2025-10-14,,181.88,Closed,Urgent,Repair,HVAC Repairs,Ashley Thompson,Internal,40.0,31-60,Closed,Closed,"Lexington, TX|2025-09-04"
"Winchester, PA",2025-09-04,2025-09-04,2025-09-04,,,2025-09-11,,120.0,Closed,Normal,Repair,HVAC Repairs,Jessica Martin,Internal,7.0,0-30,Closed,Closed,"Winchester, PA|2025-09-04"
"Bristol, LA",2025-09-08,,,,2572484,,3120446,5000.0,Assigned,Urgent,Repair,Glass,Ashley Thompson,USPS,226.0,90+,Not Started,Open,"Bristol, LA|2025-09-08"
"Burlington, NH",2025-09-08,2025-09-08,2025-09-08,2025-09-09,2571897,2025-09-11,3119839,200.0,Closed,Urgent,Repair,HVAC Repairs,Ashley Thompson,USPS,3.0,0-30,Closed,Closed,"Burlington, NH|2025-09-08"
"Canton, WV",2025-09-08,2025-09-08,2025-09-08,,,2025-09-11,,210.0,Closed,Normal,Repair,HVAC PM,Jessica Martin,Internal,3.0,0-30,Closed,Closed,"Canton, WV|2025-09-08"
"Danville, NM",2025-09-08,,,,2570831,,3118663,800.0,Assigned,Normal,Repair,Fencing,Jessica Martin,USPS,226.0,90+,Not Started,Open,"Danville, NM|2025-09-08"
"Winchester, NE",2025-09-08,2025-09-23,2025-10-06,,2571974,2025-10-19,3119874,200.0,Closed,Normal,Repair,Roof Repair,Sarah Williams,USPS,41.0,31-60,Closed,Closed,"Winchester, NE|2025-09-08"
"Cleveland, OR",2025-09-09,,,2025-10-05,2571252,2025-10-06,3119162,0.0,Closed,Normal,Repair,Doors,Kevin Miller,USPS,27.0,0-30,Closed,Closed,"Cleveland, OR|2025-09-09"
"Cleveland, VA",2025-09-09,2025-09-28,,,2573270,,3121249,400.0,Contracted,Normal,Repair,Vandalism,Jessica Martin,USPS,225.0,90+,In Progress,Open,"Cleveland, VA|2025-09-09"
"Franklin, MS",2025-09-09,2025-09-10,,,2573624,,3121620,250.0,Contracted,Urgent,Repair,HVAC Repairs,Mike Johnson,USPS,225.0,90+,In Progress,Open,"Franklin, MS|2025-09-09"
"Gainesville, LA",2025-09-09,2025-10-22,,,2571599,,3119496,175.0,Contracted,Normal,Repair,Roof Repair,Jessica Martin,USPS,225.0,90+,In Progress,Open,"Gainesville, LA|2025-09-09"
"Lancaster, IA",2025-09-09,2025-10-06,2025-10-06,2025-10-21,2572346,,3120306,200.0,Payment,Normal,Repair,Paving (Repair),Kevin Miller,USPS,225.0,90+,Financial Processing,Open,"Lancaster, IA|2025-09-09"
"Oakland, TN",2025-09-09,2025-10-09,2025-10-15,2025-10-15,2573675,,3121656,75.0,Payment,Normal,Repair,Doors,Jessica Martin,USPS,225.0,90+,Financial Processing,Open,"Oakland, TN|2025-09-09"
"Rockville, NH",2025-09-09,2025-10-07,2025-10-16,2025-10-19,2573233,,3121236,437.4,Payment,Normal,Repair,Electrical Repairs,Jessica Martin,USPS,225.0,90+,Financial Processing,Open,"Rockville, NH|2025-09-09"
"Danville, MA",2025-09-10,2025-09-17,2025-09-21,2025-10-14,2573252,2025-10-14,3121282,100.0,Closed,Urgent,Repair,Electrical Repairs,Brandon Davis,USPS,34.0,31-60,Closed,Closed,"Danville, MA|2025-09-10"
"Georgetown, IL",2025-09-10,2025-07-22,2025-07-22,,,2025-09-18,,264.0,Closed,Unknown,Repair,Doors,Kevin Miller,Internal,8.0,0-30,Closed,Closed,"Georgetown, IL|2025-09-10"
"Springfield, PA",2025-09-10,,,,,,,500.0,Assigned,Normal,Repair,Roof Repair,Sarah Williams,Internal,224.0,90+,Not Started,Open,"Springfield, PA|2025-09-10"
"Ashland, PA",2025-09-11,2025-09-11,2025-09-12,2025-09-15,2574577,,3122634,300.0,Completed,Emergency,Repair,Doors,Mike Johnson,USPS,223.0,90+,Completed Not Paid,Open,"Ashland, PA|2025-09-11"
"Clayton, AK",2025-09-12,,,2025-10-20,2574455,,3122534,500.0,Assigned,Urgent,Repair,Roof Repair,Sarah Williams,USPS,222.0,90+,Not Started,Open,"Clayton, AK|2025-09-12"
"Greenville, WI",2025-09-12,,,,2573777,,3121863,500.0,Assigned,Urgent,Repair,Roof Repair,Sarah Williams,USPS,222.0,90+,Not Started,Open,"Greenville, WI|2025-09-12"
"Hamilton, ND",2025-09-12,2025-09-15,,2025-09-17,2573760,2025-10-06,3121888,350.0,Closed,Urgent,Repair,HVAC Repairs,Sarah Williams,USPS,24.0,0-30,Closed,Closed,"Hamilton, ND|2025-09-12"
"Norwood, MS",2025-09-12,,,2025-09-25,2571227,2025-09-25,3119088,0.0,Closed,Urgent,Repair,Plumbing,Sarah Williams,USPS,13.0,0-30,Closed,Closed,"Norwood, MS|2025-09-12"
"Plymouth, SD",2025-09-12,2025-10-08,,,2574040,,3122160,0.0,Contracted,Urgent,Repair,Roof Repair,Sarah Williams,USPS,222.0,90+,In Progress,Open,"Plymouth, SD|2025-09-12"
"Albany, WI",2025-09-14,,,,2573803,,3121798,500.0,Assigned,Urgent,Repair,Roof Repair,Kevin Miller,USPS,220.0,90+,Not Started,Open,"Albany, WI|2025-09-14"
"Arlington, MN",2025-09-14,,,,2573869,,3121901,250.0,Assigned,Urgent,Repair,Misc. Repairs,Brandon Davis,USPS,220.0,90+,Not Started,Open,"Arlington, MN|2025-09-14"
"Arlington, MN",2025-09-14,,,,2573888,,3121849,250.0,Assigned,Urgent,Repair,Ceiling Tiles,Brandon Davis,USPS,220.0,90+,Not Started,Open,"Arlington, MN|2025-09-14"
"Columbia, TX",2025-09-14,2025-09-25,2025-10-04,2025-10-05,2574121,2025-10-14,3122180,225.0,Closed,Normal,Repair,Striping,Jessica Martin,USPS,30.0,0-30,Closed,Closed,"Columbia, TX|2025-09-14"
"Franklin, DE",2025-09-14,2025-09-14,2025-09-14,2025-09-15,2575021,2025-09-28,3123122,88.0,Closed,Emergency,Repair,HVAC Repairs,Mike Johnson,USPS,14.0,0-30,Closed,Closed,"Franklin, DE|2025-09-14"
"Milton, ME",2025-09-14,,,,na,,na,800.0,Assigned,Urgent,Repair,Painting,Mike Johnson,USPS,220.0,90+,Not Started,Open,"Milton, ME|2025-09-14"
"Milton, ME",2025-09-14,2025-09-14,2025-09-15,,na,2025-10-06,na,80.0,Closed,Urgent,Repair,Electrical Repairs,Mike Johnson,USPS,22.0,0-30,Closed,Closed,"Milton, ME|2025-09-14"
"Milton, ME",2025-09-14,,,,na,2025-10-19,na,0.0,Closed,Urgent,Repair,Roof Repair,Sarah Williams,USPS,35.0,31-60,Closed,Closed,"Milton, ME|2025-09-14"
"Milton, ME",2025-09-14,2025-09-24,,,na,,na,300.0,Contracted,Urgent,Repair,Painting,Mike Johnson,USPS,220.0,90+,In Progress,Open,"Milton, ME|2025-09-14"
"Milton, ME",2025-09-14,2025-09-24,,,na,,na,150.0,Contracted,Urgent,Repair,Building Repairs,Mike Johnson,USPS,220.0,90+,In Progress,Open,"Milton, ME|2025-09-14"
"Milton, ME",2025-09-14,2025-09-24,,,na,,na,300.0,Contracted,Urgent,Repair,Flooring,Mike Johnson,USPS,220.0,90+,In Progress,Open,"Milton, ME|2025-09-14"
"Springfield, AK",2025-09-14,2025-09-14,2025-09-14,2025-09-14,2574225,2025-10-07,3122217,175.0,Closed,Urgent,Repair,HVAC Repairs,Ashley Thompson,USPS,23.0,0-30,Closed,Closed,"Springfield, AK|2025-09-14"
"Springfield, AK",2025-09-14,2025-10-11,,,257241,,3122274,500.0,Contracted,Urgent,Repair,Doors,Ashley Thompson,USPS,220.0,90+,In Progress,Open,"Springfield, AK|2025-09-14"
"Winchester, IN",2025-09-14,,,,2573911,,3121930,500.0,Assigned,Urgent,Repair,HVAC Repairs,Kevin Miller,USPS,220.0,90+,Not Started,Open,"Winchester, IN|2025-09-14"
"Winchester, IN",2025-09-14,2025-10-05,,,2573898,,3121857,300.0,Contracted,Urgent,Repair,Building Repairs,Ashley Thompson,USPS,220.0,90+,In Progress,Open,"Winchester, IN|2025-09-14"
"Cleveland, OR",2025-09-15,2025-09-15,,,,,,990.0,Payment,Urgent,Repair,HVAC PM,Ashley Thompson,Internal,219.0,90+,Financial Processing,Open,"Cleveland, OR|2025-09-15"
"Florence, IL",2025-09-15,2025-09-15,,,,,,1353.0,Payment,Urgent,Repair,HVAC PM,Ashley Thompson,Internal,219.0,90+,Financial Processing,Open,"Florence, IL|2025-09-15"
"Florence, MO",2025-09-15,2025-09-16,2025-09-23,2025-09-29,2575271-3123397,,3123397,250.0,Completed,Urgent,Repair,HVAC Repairs,Sarah Williams,USPS,219.0,90+,Completed Not Paid,Open,"Florence, MO|2025-09-15"
"Franklin, MS",2025-09-15,,,,2572413,,3120376,500.0,Assigned,Urgent,Repair,Building Repairs,Kevin Miller,USPS,219.0,90+,Not Started,Open,"Franklin, MS|2025-09-15"
"Georgetown, ME",2025-09-15,,,,2575203,,3123326,0.0,Assigned,Urgent,Repair,Roof Repair,Sarah Williams,USPS,219.0,90+,Not Started,Open,"Georgetown, ME|2025-09-15"
"Jackson, ID",2025-09-15,2025-09-18,,2025-09-28,,2025-09-28,,274.0,Closed,Normal,Repair,HVAC PM,Jessica Martin,Internal,13.0,0-30,Closed,Closed,"Jackson, ID|2025-09-15"
"Lexington, LA",2025-09-15,,2025-09-16,2025-09-23,2574751,2025-10-13,3122838,500.0,Closed,Urgent,Repair,HVAC Repairs,Brandon Davis,USPS,28.0,0-30,Closed,Closed,"Lexington, LA|2025-09-15"
"Mount Vernon, OK",2025-09-15,,,,2575234,,3123353,5000.0,Assigned,Urgent,Repair,Drive Thru,Ashley Thompson,USPS,219.0,90+,Not Started,Open,"Mount Vernon, OK|2025-09-15"
"Mount Vernon, WV",2025-09-15,,,,,,,1000.0,Assigned,Urgent,Repair,Plumbing,Brandon Davis,Internal,219.0,90+,Not Started,Open,"Mount Vernon, WV|2025-09-15"
"Clayton, PA",2025-09-16,,,,2575479,,3123641,850.0,Assigned,Normal,Repair,Concrete,Jessica Martin,USPS,218.0,90+,Not Started,Open,"Clayton, PA|2025-09-16"
"Columbia, FL",2025-09-16,,,,257548,,3123632,250.0,Assigned,Normal,Repair,Gutters,Jessica Martin,USPS,218.0,90+,Not Started,Open,"Columbia, FL|2025-09-16"
"Columbia, FL",2025-09-16,,,,2575550,,3123691,950.0,Assigned,Normal,Repair,Concrete,Jessica Martin,USPS,218.0,90+,Not Started,Open,"Columbia, FL|2025-09-16"
"Jackson, NM",2025-09-16,2025-09-16,,,,2025-09-28,,137.0,Closed,Normal,Repair,Pest Control,Jessica Martin,Internal,12.0,0-30,Closed,Closed,"Jackson, NM|2025-09-16"
"Auburn, TN",2025-09-17,2025-09-17,,,,2025-09-24,,1410.0,Closed,Normal,Repair,HVAC PM,Jessica Martin,Internal,7.0,0-30,Closed,Closed,"Auburn, TN|2025-09-17"
"Auburn, WA",2025-09-17,,,,,,,1500.0,Assigned,Urgent,Repair,Building Repairs,Kevin Miller,Internal,217.0,90+,Not Started,Open,"Auburn, WA|2025-09-17"
"Georgetown, UT",2025-09-17,,,,2575858,,3124074,500.0,Assigned,Normal,Repair,Roof Repair,Sarah Williams,USPS,217.0,90+,Not Started,Open,"Georgetown, UT|2025-09-17"
"Kingston, AR",2025-09-17,2025-10-21,,,2575730,,3123907,100.0,Contracted,Normal,Repair,Sidewalk (Repair),Jessica Martin,USPS,217.0,90+,In Progress,Open,"Kingston, AR|2025-09-17"
"Lancaster, NH",2025-09-17,,,,2575916-3124090,,3124090,500.0,Assigned,Normal,Repair,Roof Repair,Sarah Williams,USPS,217.0,90+,Not Started,Open,"Lancaster, NH|2025-09-17"
"Springfield, FL",2025-09-17,,,,257585,,3124067,11564.49,Assigned,Urgent,Repair,Roof Replacement - Shingle,Sarah Williams,USPS,217.0,90+,Not Started,Open,"Springfield, FL|2025-09-17"
"Newport, VA",2025-09-18,,,,2576249,,3124507,0.0,Contracted,Emergency,Repair,Building Repairs,Mike Johnson,USPS,216.0,90+,In Progress,Open,"Newport, VA|2025-09-18"
"Salem, OR",2025-09-18,,,,,,,20000.0,Assigned,Normal,Repair,Paving (Replacement),Sarah Williams,Internal,216.0,90+,Not Started,Open,"Salem, OR|2025-09-18"
"Plymouth, HI",2025-09-19,,,,2576367,,3124588,500.0,Assigned,Normal,Repair,Roof Repair,Sarah Williams,USPS,215.0,90+,Not Started,Open,"Plymouth, HI|2025-09-19"
"Cleveland, NE",2025-09-21,,,,2575199,,3123317,800.0,Assigned,Normal,Repair,Fencing,Jessica Martin,USPS,213.0,90+,Not Started,Open,"Cleveland, NE|2025-09-21"
"Columbia, TX",2025-09-21,2025-09-25,,,2576059,,3124287,50.0,Contracted,Normal,Repair,Roof Repair,Jessica Martin,USPS,213.0,90+,In Progress,Open,"Columbia, TX|2025-09-21"
"Dayton, NJ",2025-09-21,,,,2576280,,3124546,250.0,Assigned,Urgent,Repair,Roof Repair,Brandon Davis,USPS,213.0,90+,Not Started,Open,"Dayton, NJ|2025-09-21"
"Franklin, DE",2025-09-21,2025-09-21,2025-09-24,2025-09-25,2576108,2025-10-14,3124310,400.0,Closed,Urgent,Repair,HVAC Repairs,Brandon Davis,USPS,23.0,0-30,Closed,Closed,"Franklin, DE|2025-09-21"
"Ashland, AZ",2025-09-22,,,,2576787,,3125087,850.0,Assigned,Normal,Repair,Glass,Jessica Martin,USPS,212.0,90+,Not Started,Open,"Ashland, AZ|2025-09-22"
"Ashland, GA",2025-09-22,2025-09-23,2025-09-28,2025-09-29,2576804,,3125054,573.15,Payment,Urgent,Repair,Plumbing,Ashley Thompson,USPS,212.0,90+,Financial Processing,Open,"Ashland, GA|2025-09-22"
"Canton, IN",2025-09-22,,,,2575697,,3123871,550.0,Assigned,Normal,Repair,Fencing,Jessica Martin,USPS,212.0,90+,Not Started,Open,"Canton, IN|2025-09-22"
"Centerville, RI",2025-09-22,2025-10-01,2025-10-07,2025-10-07,2576775,2025-10-19,3125076,225.0,Closed,Normal,Repair,Doors,Jessica Martin,USPS,27.0,0-30,Closed,Closed,"Centerville, RI|2025-09-22"
"Cleveland, WA",2025-09-22,,,,2576863-3125124,,3125124,500.0,Assigned,Normal,Repair,Roof Repair,Sarah Williams,USPS,212.0,90+,Not Started,Open,"Cleveland, WA|2025-09-22"
"Georgetown, ME",2025-09-22,2025-10-07,2025-10-08,,2575266,2025-10-19,3123390,250.0,Closed,Urgent,Repair,Roof Repair,Brandon Davis,USPS,27.0,0-30,Closed,Closed,"Georgetown, ME|2025-09-22"
"Georgetown, ME",2025-09-22,2025-10-07,2025-10-08,,2575266,2025-10-13,3123391,250.0,Closed,Urgent,Repair,Doors,Brandon Davis,USPS,21.0,0-30,Closed,Closed,"Georgetown, ME|2025-09-22"
"Georgetown, ME",2025-09-22,,2025-09-22,2025-10-13,2575266,2025-10-13,3123392,250.0,Closed,Urgent,Repair,Concrete,Brandon Davis,USPS,21.0,0-30,Closed,Closed,"Georgetown, ME|2025-09-22"
"Georgetown, SD",2025-09-22,,2025-10-15,,2576840,,3125241,1000.0,Completed,Urgent,Repair,HVAC Repairs,Brandon Davis,USPS,212.0,90+,Completed Not Paid,Open,"Georgetown, SD|2025-09-22"
"Lancaster, ID",2025-09-22,2025-04-01,2025-07-16,,,2025-09-30,,144.0,Closed,Urgent,Repair,HVAC PM,Ashley Thompson,Internal,8.0,0-30,Closed,Closed,"Lancaster, ID|2025-09-22"
"Mount Vernon, TX",2025-09-22,,,,,,,15000.0,Assigned,Normal,Repair,Roof Replacement - Flat,Jessica Martin,Internal,212.0,90+,Not Started,Open,"Mount Vernon, TX|2025-09-22"
"Newport, ME",2025-09-22,2025-06-10,2025-06-12,,,2025-09-30,,106.4,Closed,Urgent,Repair,Plumbing,Ashley Thompson,Internal,8.0,0-30,Closed,Closed,"Newport, ME|2025-09-22"
"Newport, ME",2025-09-22,2025-07-27,2025-07-30,,,2025-09-30,,369.98,Closed,Urgent,Repair,HVAC Repairs,Ashley Thompson,Internal,8.0,0-30,Closed,Closed,"Newport, ME|2025-09-22"
"Auburn, TN",2025-09-23,2025-09-24,2025-10-01,,,2025-10-14,,941.31,Closed,Normal,Repair,HVAC Repairs,Jessica Martin,Internal,21.0,0-30,Closed,Closed,"Auburn, TN|2025-09-23"
"Clayton, OH",2025-09-23,2025-09-24,2025-09-24,2025-09-30,2577376,2025-10-07,3125703,170.0,Closed,Urgent,Repair,Electrical Repairs,Ashley Thompson,USPS,14.0,0-30,Closed,Closed,"Clayton, OH|2025-09-23"
"Danville, OH",2025-09-23,,,,2577544,,3125891,1000.0,Assigned,Urgent,Repair,Flooring,Sarah Williams,USPS,211.0,90+,Not Started,Open,"Danville, OH|2025-09-23"
"Hamilton, MS",2025-09-23,,,,2577447,,3125727,0.0,Assigned,Normal,Repair,Roof Repair,Sarah Williams,USPS,211.0,90+,Not Started,Open,"Hamilton, MS|2025-09-23"
"Madison, MS",2025-09-23,2025-09-23,2025-09-24,,2577192,2025-10-14,3125491,154.5,Closed,Urgent,Repair,HVAC Repairs,Ashley Thompson,USPS,21.0,0-30,Closed,Closed,"Madison, MS|2025-09-23"
"Troy, KY",2025-09-23,,,,2577580,,3125931,1500.0,Assigned,Urgent,Repair,Painting,Ashley Thompson,USPS,211.0,90+,Not Started,Open,"Troy, KY|2025-09-23"
"Troy, KY",2025-09-23,2025-10-23,,,2577581,,3125932,200.0,Contracted,Urgent,Repair,Siding,Ashley Thompson,USPS,211.0,90+,In Progress,Open,"Troy, KY|2025-09-23"
"Clayton, MI",2025-09-25,,,,,,,350.0,Assigned,Normal,Repair,Other,Jessica Martin,Internal,209.0,90+,Not Started,Open,"Clayton, MI|2025-09-25"
"Clayton, MS",2025-09-25,,,,2578544,,3126990,200.0,Assigned,Urgent,Repair,Structural,Kevin Miller,USPS,209.0,90+,Not Started,Open,"Clayton, MS|2025-09-25"
"Farmington, MI",2025-09-25,2025-10-16,,,2578091,,3126477,151.28,Contracted,Normal,Repair,Vandalism,Sarah Williams,USPS,209.0,90+,In Progress,Open,"Farmington, MI|2025-09-25"
"Florence, NE",2025-09-25,2025-10-20,,,2577925,,3126301,350.0,Contracted,Normal,Repair,Plumbing,Jessica Martin,USPS,209.0,90+,In Progress,Open,"Florence, NE|2025-09-25"
"Greenville, IN",2025-09-25,,,,2578196,,3126629,250.0,Assigned,Urgent,Repair,Ceiling Tiles,Brandon Davis,USPS,209.0,90+,Not Started,Open,"Greenville, IN|2025-09-25"
"Mount Vernon, WY",2025-09-25,,,,2578159,,3116745,500.0,Assigned,Urgent,Repair,Roof Repair,Kevin Miller,USPS,209.0,90+,Not Started,Open,"Mount Vernon, WY|2025-09-25"
"Norwood, MS",2025-09-25,,,,2578342,,3126764,850.0,Assigned,Urgent,Repair,Hot Water Heater (Replacement),Sarah Williams,USPS,209.0,90+,Not Started,Open,"Norwood, MS|2025-09-25"
"Oxford, OH",2025-09-26,2025-09-30,2025-10-13,,na,,na,,Completed,Urgent,Repair,Electrical Repairs,Brandon Davis,USPS,208.0,90+,Completed Not Paid,Open,"Oxford, OH|2025-09-26"
"Albany, WI",2025-09-28,,,,2578271,,3126692,350.0,Assigned,Urgent,Repair,Electrical Repairs,Brandon Davis,USPS,206.0,90+,Not Started,Open,"Albany, WI|2025-09-28"
"Auburn, HI",2025-09-28,2025-09-28,,,2578281,,3126763,1900.0,Contracted,Urgent,Repair,Building Repairs,Kevin Miller,USPS,206.0,90+,In Progress,Open,"Auburn, HI|2025-09-28"
"Centerville, SC",2025-09-28,,,,,,,10000.0,Assigned,Urgent,Repair,Roof Replacement - Shingle,Brandon Davis,Internal,206.0,90+,Not Started,Open,"Centerville, SC|2025-09-28"
"Milton, NV",2025-09-28,,,,,,,15000.0,Assigned,Normal,Repair,Roof Replacement - Shingle,Sarah Williams,Internal,206.0,90+,Not Started,Open,"Milton, NV|2025-09-28"
"Dayton, PA",2025-09-29,,,,2578858,,3127401,8000.0,Assigned,Normal,Repair,Roof Repair,Sarah Williams,USPS,205.0,90+,Not Started,Open,"Dayton, PA|2025-09-29"
"Florence, MO",2025-09-29,,,,2578747,,3127246,250.0,Assigned,Urgent,Repair,Plumbing,Sarah Williams,USPS,205.0,90+,Not Started,Open,"Florence, MO|2025-09-29"
"Greenville, SD",2025-09-29,2007-09-29,2025-09-29,2025-09-30,2579445,2025-09-30,3127956,0.0,Closed,Emergency,Repair,Glass,Jessica Martin,USPS,1.0,0-30,Closed,Closed,"Greenville, SD|2025-09-29"
"Anderson, PA",2025-09-30,2025-09-30,2025-10-05,2025-10-06,2579012,,3127488,0.0,Closed,Urgent,Repair,Siding,Ashley Thompson,USPS,204.0,90+,Closed,Closed,"Anderson, PA|2025-09-30"
"Arlington, MN",2025-09-30,,,,2578821,,3127360,500.0,Assigned,Urgent,Repair,Concrete,Brandon Davis,USPS,204.0,90+,Not Started,Open,"Arlington, MN|2025-09-30"
"Arlington, MN",2025-09-30,,,,2578872,,3127379,350.0,Assigned,Urgent,Repair,Flooring,Brandon Davis,USPS,204.0,90+,Not Started,Open,"Arlington, MN|2025-09-30"
"Arlington, MN",2025-09-30,,,,2578883,,3127362,200.0,Assigned,Urgent,Repair,Doors,Brandon Davis,USPS,204.0,90+,Not Started,Open,"Arlington, MN|2025-09-30"
"Arlington, MN",2025-09-30,,2025-09-30,2025-10-21,2578864,2025-10-21,3127331,500.0,Closed,Urgent,Repair,Paving (Repair),Brandon Davis,USPS,21.0,0-30,Closed,Closed,"Arlington, MN|2025-09-30"
"Ashland, PA",2025-09-30,2025-10-05,2025-10-09,,2579530,,3128071,100.0,Completed,Urgent,Repair,Flooring,Brandon Davis,USPS,204.0,90+,Completed Not Paid,Open,"Ashland, PA|2025-09-30"
"Clinton, CA",2025-09-30,2025-09-30,,,na,,na,220.0,Contracted,Normal,Repair,HVAC PM,Mike Johnson,USPS,204.0,90+,In Progress,Open,"Clinton, CA|2025-09-30"
"Clinton, OR",2025-09-30,2025-10-05,2025-10-06,2025-10-07,2579032,2025-10-19,3127509,250.0,Closed,Urgent,Repair,Electrical Repairs,Brandon Davis,USPS,19.0,0-30,Closed,Closed,"Clinton, OR|2025-09-30"
"Columbia, MO",2025-09-30,2025-10-05,2025-10-06,2025-10-06,2579049,2025-10-19,3127559,250.0,Closed,Urgent,Repair,Plumbing,Brandon Davis,USPS,19.0,0-30,Closed,Closed,"Columbia, MO|2025-09-30"
"Dayton, CT",2025-09-30,,,,2579549,,3128037,500.0,Assigned,Urgent,Repair,Masonry,Ashley Thompson,USPS,204.0,90+,Not Started,Open,"Dayton, CT|2025-09-30"
"Dayton, CT",2025-09-30,,,,2579548,,3128036,500.0,Assigned,Urgent,Repair,Masonry,Ashley Thompson,USPS,204.0,90+,Not Started,Open,"Dayton, CT|2025-09-30"
"Dayton, CT",2025-09-30,,,,2579550,,3128118,1000.0,Assigned,Urgent,Repair,Masonry,Ashley Thompson,USPS,204.0,90+,Not Started,Open,"Dayton, CT|2025-09-30"
"Dayton, CT",2025-09-30,2025-10-08,2025-10-22,2025-10-22,2579458,,3127977,110.0,Completed,Urgent,Repair,Electrical Repairs,Brandon Davis,USPS,204.0,90+,Completed Not Paid,Open,"Dayton, CT|2025-09-30"
"Edison, WA",2025-09-30,,,,2579575,,3128105,550.0,Assigned,Normal,Repair,Doors,Jessica Martin,USPS,204.0,90+,Not Started,Open,"Edison, WA|2025-09-30"
"Gainesville, MI",2025-09-30,2025-10-01,2025-10-07,2025-10-07,2579487,,3128012,250.0,Payment,Urgent,Repair,Electrical Repairs,Brandon Davis,USPS,204.0,90+,Financial Processing,Open,"Gainesville, MI|2025-09-30"
"Georgetown, NC",2025-09-30,,,,2579439-3127994,,3127994,0.0,Assigned,Normal,Repair,Roof Repair,Sarah Williams,USPS,204.0,90+,Not Started,Open,"Georgetown, NC|2025-09-30"
"Greenville, SD",2025-09-30,,2025-09-30,2025-10-21,2579445,2025-10-21,3127961,0.0,Closed,Urgent,Repair,Vandalism,Mike Johnson,USPS,21.0,0-30,Closed,Closed,"Greenville, SD|2025-09-30"
"Jackson, LA",2025-09-30,,,,2579318,,3127904,250.0,Assigned,Urgent,Repair,Roof Repair,Sarah Williams,USPS,204.0,90+,Not Started,Open,"Jackson, LA|2025-09-30"
"Lancaster, ID",2025-09-30,,,,2579037,,3127515,,Assigned,Urgent,Repair,Roof Repair,Kevin Miller,USPS,204.0,90+,Not Started,Open,"Lancaster, ID|2025-09-30"
"Mount Vernon, MA",2025-09-30,,,,2579471,,3128019,300.0,Assigned,Urgent,Repair,Doors,Kevin Miller,USPS,204.0,90+,Not Started,Open,"Mount Vernon, MA|2025-09-30"
"Mount Vernon, WI",2025-09-30,,,,2578601,,3127259,1000.0,Assigned,Urgent,Repair,Roof Repair,Ashley Thompson,USPS,204.0,90+,Not Started,Open,"Mount Vernon, WI|2025-09-30"
"Newport, VA",2025-09-30,,,,2579326,,3127807,14000.0,Assigned,Urgent,Repair,HVAC Replacement,Mike Johnson,USPS,204.0,90+,Not Started,Open,"Newport, VA|2025-09-30"
"Oakland, MI",2025-09-30,2025-09-30,2025-09-30,2025-10-21,2579269,,3127753,90.0,Payment,Urgent,Repair,Plumbing,Kevin Miller,USPS,204.0,90+,Financial Processing,Open,"Oakland, MI|2025-09-30"
"Plymouth, CO",2025-09-30,,,,,,,20000.0,Assigned,Urgent,Repair,Roof Replacement - Shingle,Brandon Davis,Internal,204.0,90+,Not Started,Open,"Plymouth, CO|2025-09-30"
"Plymouth, CO",2025-09-30,,,,2579134,,3127611,1000.0,Assigned,Urgent,Repair,Roof Repair,Brandon Davis,USPS,204.0,90+,Not Started,Open,"Plymouth, CO|2025-09-30"
"Springfield, AR",2025-09-30,,,,2579531,,3128072,3500.0,Assigned,Urgent,Repair,Paving (Repair),Ashley Thompson,USPS,204.0,90+,Not Started,Open,"Springfield, AR|2025-09-30"
"Springfield, AR",2025-09-30,2025-10-06,2025-10-07,,2578761,,3127266,405.94,Payment,Urgent,Repair,Glass,Ashley Thompson,USPS,204.0,90+,Financial Processing,Open,"Springfield, AR|2025-09-30"
"Florence, OK",2025-10-02,2025-10-21,,,2580399,,3129064,180.0,Contracted,Normal,Repair,Plumbing,Jessica Martin,USPS,202.0,90+,In Progress,Open,"Florence, OK|2025-10-02"
"Georgetown, ME",2025-10-02,,,,2579862,,3128402,500.0,Assigned,Urgent,Repair,Siding,Ashley Thompson,USPS,202.0,90+,Not Started,Open,"Georgetown, ME|2025-10-02"
"Hamilton, NJ",2025-10-02,,,,2580436,,3129016,500.0,Assigned,Normal,Repair,Paving (Repair),Sarah Williams,USPS,202.0,90+,Not Started,Open,"Hamilton, NJ|2025-10-02"
"Hamilton, OH",2025-10-02,2025-10-05,2025-10-07,2025-10-14,2579854,2025-10-20,3128446,129.5,Closed,Urgent,Repair,Electrical Repairs,Ashley Thompson,USPS,18.0,0-30,Closed,Closed,"Hamilton, OH|2025-10-02"
"Lancaster, ID",2025-10-02,2025-09-21,2025-10-02,2025-10-20,,,,515.5,Payment,Urgent,Repair,HVAC Repairs,Ashley Thompson,Internal,202.0,90+,Financial Processing,Open,"Lancaster, ID|2025-10-02"
"Norwood, PA",2025-10-02,2025-10-16,,,2580453,,3129056,500.0,Contracted,Urgent,Repair,Roof Repair,Kevin Miller,USPS,202.0,90+,In Progress,Open,"Norwood, PA|2025-10-02"
"Oakland, IA",2025-10-02,,,,2580360-3128980,,3128980,250.0,Assigned,Urgent,Repair,HVAC Repairs,Sarah Williams,USPS,202.0,90+,Not Started,Open,"Oakland, IA|2025-10-02"
"Oakland, IA",2025-10-02,,,,2580260-3128984,,3128984,500.0,Assigned,Normal,Repair,Paving (Repair),Sarah Williams,USPS,202.0,90+,Not Started,Open,"Oakland, IA|2025-10-02"
"Oakland, MI",2025-10-02,,,,2580707,,3129326,400.0,Assigned,Urgent,Repair,Plumbing,Kevin Miller,USPS,202.0,90+,Not Started,Open,"Oakland, MI|2025-10-02"
"Springfield, NJ",2025-10-02,,,,2579825,,3128395,1000.0,Assigned,Normal,Repair,Roof Repair,Jessica Martin,USPS,202.0,90+,Not Started,Open,"Springfield, NJ|2025-10-02"
"Ashland, PA",2025-10-05,2025-10-05,2025-10-09,,,,,150.0,Completed,Urgent,Repair,Board Up,Brandon Davis,Internal,199.0,90+,Completed Not Paid,Open,"Ashland, PA|2025-10-05"
"Clinton, OR",2025-10-05,,,,,,,787.5,Assigned,Normal,Repair,HVAC Repairs,Sarah Williams,Internal,199.0,90+,Not Started,Open,"Clinton, OR|2025-10-05"
"Oxford, MN",2025-10-05,,2025-10-06,,na,,na,0.0,Completed,Normal,Repair,Other,Mike Johnson,USPS,199.0,90+,Completed Not Paid,Open,"Oxford, MN|2025-10-05"
"Lexington, TX",2025-10-06,2025-09-04,2025-09-04,,,2025-10-14,,243.32,Closed,Urgent,Repair,HVAC Repairs,Ashley Thompson,Internal,8.0,0-30,Closed,Closed,"Lexington, TX|2025-10-06"
"Lexington, TX",2025-10-06,2025-10-06,2025-10-06,,2581122,,3129759,226.26,Completed,Urgent,Repair,HVAC Repairs,Ashley Thompson,USPS,198.0,90+,Completed Not Paid,Open,"Lexington, TX|2025-10-06"
"Oakland, LA",2025-10-06,2025-10-14,,,2580659,,3129318,200.0,Contracted,Normal,Repair,Electrical Repairs,Jessica Martin,USPS,198.0,90+,In Progress,Open,"Oakland, LA|2025-10-06"
"Winchester, MS",2025-10-06,2025-10-06,2025-10-06,2025-10-06,2581154,2025-10-16,3129795,0.0,Closed,Normal,Repair,Plumbing,Jessica Martin,USPS,10.0,0-30,Closed,Closed,"Winchester, MS|2025-10-06"
"Columbia, FL",2025-10-07,,,,2581653,,3130335,0.0,Assigned,Urgent,Repair,Environmental Repairs,Ashley Thompson,USPS,197.0,90+,Not Started,Open,"Columbia, FL|2025-10-07"
"Danville, MA",2025-10-07,2025-10-07,2025-10-08,2025-10-08,2582008,2025-10-20,3130727,750.0,Closed,Urgent,Repair,Drive Thru,Brandon Davis,USPS,13.0,0-30,Closed,Closed,"Danville, MA|2025-10-07"
"Dayton, CO",2025-10-07,2025-10-15,2025-10-16,2025-10-16,2579270,,3127754,176.0,Payment,Normal,Repair,Plumbing,Jessica Martin,USPS,197.0,90+,Financial Processing,Open,"Dayton, CO|2025-10-07"
"Hamilton, KS",2025-10-07,2025-01-23,2025-01-23,,,,,88.0,Payment,Normal,Repair,HVAC Repairs,Kevin Miller,Internal,197.0,90+,Financial Processing,Open,"Hamilton, KS|2025-10-07"
"Jackson, TX",2025-10-07,,,,2581196,,3129816,300.0,Assigned,Urgent,Repair,Doors,Kevin Miller,USPS,197.0,90+,Not Started,Open,"Jackson, TX|2025-10-07"
"Salem, OR",2025-10-07,,,,2579472,,3128020,400.0,Assigned,Normal,Repair,Doors,Jessica Martin,USPS,197.0,90+,Not Started,Open,"Salem, OR|2025-10-07"
"Danville, NM",2025-10-08,2025-10-16,,,na,,na,2288.0,Contracted,Normal,Repair,Fencing,Mike Johnson,USPS,196.0,90+,In Progress,Open,"Danville, NM|2025-10-08"
"Mount Vernon, AZ",2025-10-08,,,,2581269,,3129911,0.0,Assigned,Normal,Repair,Roof Repair,Sarah Williams,USPS,196.0,90+,Not Started,Open,"Mount Vernon, AZ|2025-10-08"
"Ashland, NY",2025-10-09,2025-10-13,2025-10-14,2025-10-15,2582140,,3130876,228.98,Payment,Urgent,Repair,HVAC Repairs,Sarah Williams,USPS,195.0,90+,Financial Processing,Open,"Ashland, NY|2025-10-09"
"Farmington, MT",2025-10-09,,,,,,,500.0,Assigned,Normal,Repair,Paving (Repair),Jessica Martin,Internal,195.0,90+,Not Started,Open,"Farmington, MT|2025-10-09"
"Georgetown, SD",2025-10-09,,,,2581660,,3130342,500.0,Assigned,Normal,Repair,Glass,Kevin Miller,USPS,195.0,90+,Not Started,Open,"Georgetown, SD|2025-10-09"
"Lancaster, NY",2025-10-09,2025-10-21,,,2581649,,3130331,350.0,Contracted,Normal,Repair,Electrical Repairs,Jessica Martin,USPS,195.0,90+,In Progress,Open,"Lancaster, NY|2025-10-09"
"Danville, MA",2025-10-12,,,,2582008,,3130728,2000.0,Assigned,Urgent,Repair,Drive Thru,Brandon Davis,USPS,192.0,90+,Not Started,Open,"Danville, MA|2025-10-12"
"Fremont, MD",2025-10-12,,,,2582907,,3131683,500.0,Assigned,Emergency,Repair,Roof Repair,Sarah Williams,USPS,192.0,90+,Not Started,Open,"Fremont, MD|2025-10-12"
"Fremont, MD",2025-10-12,,,,2582907,,3131683,250.0,Assigned,Emergency,Repair,Ceiling Tiles,Sarah Williams,USPS,192.0,90+,Not Started,Open,"Fremont, MD|2025-10-12"
"Plymouth, WV",2025-10-12,2025-10-13,2025-10-13,2025-10-13,2582648,2025-10-19,3131494,290.0,Closed,Normal,Repair,Glass,Jessica Martin,USPS,7.0,0-30,Closed,Closed,"Plymouth, WV|2025-10-12"
"Rockville, NV",2025-10-12,,,,2582805,,3131565,250.0,Assigned,Emergency,Repair,Electrical Repairs,Sarah Williams,USPS,192.0,90+,Not Started,Open,"Rockville, NV|2025-10-12"
"Rockville, NV",2025-10-12,,,,2582805,,3131605,250.0,Assigned,Emergency,Repair,HVAC Repairs,Sarah Williams,USPS,192.0,90+,Not Started,Open,"Rockville, NV|2025-10-12"
"Rockville, NV",2025-10-12,,,,2582805,,3131602,1000.0,Assigned,Emergency,Repair,Roof Repair,Sarah Williams,USPS,192.0,90+,Not Started,Open,"Rockville, NV|2025-10-12"
"Rockville, NV",2025-10-12,,,,2582805,,3131607,500.0,Assigned,Emergency,Repair,Ceiling Tiles,Sarah Williams,USPS,192.0,90+,Not Started,Open,"Rockville, NV|2025-10-12"
"Florence, MT",2025-10-13,,,,2582702,,3131492,,Assigned,Urgent,Repair,Doors,Ashley Thompson,USPS,191.0,90+,Not Started,Open,"Florence, MT|2025-10-13"
"Franklin, UT",2025-10-13,2025-10-13,2025-10-16,2025-10-16,2583066,,3131842,2000.0,Payment,Emergency,Repair,Electrical Repairs,Brandon Davis,USPS,191.0,90+,Financial Processing,Open,"Franklin, UT|2025-10-13"
"Ashland, WA",2025-10-14,2025-10-15,2025-10-15,2025-10-15,,,,200.0,Completed,Urgent,Repair,Electrical Repairs,Brandon Davis,Internal,190.0,90+,Completed Not Paid,Open,"Ashland, WA|2025-10-14"
"Bloomington, AL",2025-10-14,,,,2582953,,3131731,500.0,Assigned,Urgent,Repair,Building Repairs,Brandon Davis,USPS,190.0,90+,Not Started,Open,"Bloomington, AL|2025-10-14"
"Carrollton, NJ",2025-10-14,,,,2581262,,3129903,450.0,Assigned,Normal,Repair,Pest Control,Jessica Martin,USPS,190.0,90+,Not Started,Open,"Carrollton, NJ|2025-10-14"
"Danville, OR",2025-10-14,,,,,,,13000.0,Assigned,Normal,Repair,Roof Replacement - Flat,Kevin Miller,Internal,190.0,90+,Not Started,Open,"Danville, OR|2025-10-14"
"Lancaster, CA",2025-10-14,,,,2583365,,3132096,1000.0,Assigned,Normal,Repair,Paving (Repair),Jessica Martin,USPS,190.0,90+,Not Started,Open,"Lancaster, CA|2025-10-14"
"Madison, OH",2025-10-14,,,,2582886,,3131669,800.0,Assigned,Normal,Repair,Hot Water Heater (Replacement),Jessica Martin,USPS,190.0,90+,Not Started,Open,"Madison, OH|2025-10-14"
"Madison, SD",2025-10-14,2025-10-14,2025-10-15,2025-10-15,2583227,,3132030,350.0,Payment,Urgent,Repair,HVAC Repairs,Brandon Davis,USPS,190.0,90+,Financial Processing,Open,"Madison, SD|2025-10-14"
"Manchester, AR",2025-10-14,2025-10-14,,,2583071,,3131847,152.9,Contracted,Urgent,Repair,HVAC Repairs,Ashley Thompson,USPS,190.0,90+,In Progress,Open,"Manchester, AR|2025-10-14"
"Norwood, MS",2025-10-14,,,,2583369,,3132180,250.0,Assigned,Urgent,Repair,Other,Sarah Williams,USPS,190.0,90+,Not Started,Open,"Norwood, MS|2025-10-14"
"Rockville, NV",2025-10-14,,,,2583346,,3132163,1000.0,Assigned,Emergency,Repair,Roof Repair,Sarah Williams,USPS,190.0,90+,Not Started,Open,"Rockville, NV|2025-10-14"
"Gainesville, UT",2025-10-15,,,,na,,na,175.0,Contracted,Urgent,Repair,Locksmith,Kevin Miller,USPS,189.0,90+,In Progress,Open,"Gainesville, UT|2025-10-15"
"Lexington, TX",2025-10-15,2025-10-21,,,2583453,,3132287,300.0,Contracted,Urgent,Repair,Plumbing,Ashley Thompson,USPS,189.0,90+,In Progress,Open,"Lexington, TX|2025-10-15"
"Ashland, GA",2025-10-16,,,,2583449,,3132282,200.0,Assigned,Normal,Repair,Electrical Repairs,Jessica Martin,USPS,188.0,90+,Not Started,Open,"Ashland, GA|2025-10-16"
"Ashland, GA",2025-10-16,,,,2583449,,3132281,2500.0,Assigned,Normal,Repair,Masonry,Jessica Martin,USPS,188.0,90+,Not Started,Open,"Ashland, GA|2025-10-16"
"Ashland, GA",2025-10-16,,,,2583449,,3132283,500.0,Assigned,Normal,Repair,Doors,Jessica Martin,USPS,188.0,90+,Not Started,Open,"Ashland, GA|2025-10-16"
"Ashland, GA",2025-10-16,,,,2583449,,1312257,350.0,Assigned,Normal,Repair,Electrical Repairs,Jessica Martin,USPS,188.0,90+,Not Started,Open,"Ashland, GA|2025-10-16"
"Canton, IA",2025-10-16,2025-10-16,2025-10-16,2025-10-19,2584142,,3133022,400.0,Payment,Urgent,Repair,Board Up,Brandon Davis,USPS,188.0,90+,Financial Processing,Open,"Canton, IA|2025-10-16"
"Oxford, HI",2025-10-16,2025-10-15,2025-10-15,2025-10-16,,,3132811,450.0,Completed,Urgent,Repair,Drive Thru,Brandon Davis,USPS,188.0,90+,Completed Not Paid,Open,"Oxford, HI|2025-10-16"
"Oxford, HI",2025-10-16,2025-10-16,2025-10-20,,,,,100.0,Payment,Urgent,Repair,Structural,Brandon Davis,Internal,188.0,90+,Financial Processing,Open,"Oxford, HI|2025-10-16"
"Canton, IA",2025-10-19,2025-10-19,2025-10-20,2025-10-20,,,,200.0,Payment,Urgent,Repair,Glass,Brandon Davis,Internal,185.0,90+,Financial Processing,Open,"Canton, IA|2025-10-19"
"Carrollton, NJ",2025-10-19,,,,2583958,,3132881,,Assigned,Urgent,Repair,Siding,Ashley Thompson,USPS,185.0,90+,Not Started,Open,"Carrollton, NJ|2025-10-19"
"Florence, MA",2025-10-19,2025-10-19,2025-10-19,2025-10-19,,,,200.0,Completed,Urgent,Repair,HVAC Repairs,Jessica Martin,Internal,185.0,90+,Completed Not Paid,Open,"Florence, MA|2025-10-19"
"Mount Vernon, MA",2025-10-19,2025-10-19,2025-10-19,2025-10-21,2580962,,3129598,250.0,Completed,Normal,Repair,HVAC Repairs,Sarah Williams,USPS,185.0,90+,Completed Not Paid,Open,"Mount Vernon, MA|2025-10-19"
"Oxford, HI",2025-10-19,,,,2583910,,3132810,2000.0,Assigned,Urgent,Repair,Doors,Brandon Davis,USPS,185.0,90+,Not Started,Open,"Oxford, HI|2025-10-19"
"Plymouth, AR",2025-10-19,2025-10-19,,,,,,250.0,Contracted,Normal,Repair,HVAC Repairs,Sarah Williams,Internal,185.0,90+,In Progress,Open,"Plymouth, AR|2025-10-19"
"Anderson, MA",2025-10-20,2025-10-22,2025-10-23,,2584840,,3133801,173.0,Completed,Urgent,Repair,HVAC Repairs,Ashley Thompson,USPS,184.0,90+,Completed Not Paid,Open,"Anderson, MA|2025-10-20"
"Columbia, MO",2025-10-20,2025-10-22,2025-10-22,2025-10-22,2584632,,3133568,500.0,Completed,Urgent,Repair,HVAC Repairs,Brandon Davis,USPS,184.0,90+,Completed Not Paid,Open,"Columbia, MO|2025-10-20"
"Danville, NM",2025-10-20,,2025-05-26,,,,,2200.0,Payment,Urgent,Repair,HVAC PM,Brandon Davis,Internal,184.0,90+,Financial Processing,Open,"Danville, NM|2025-10-20"
"Danville, NM",2025-10-20,2025-10-06,2025-10-07,,,,,200.0,Payment,Urgent,Repair,Landscaping,Brandon Davis,Internal,184.0,90+,Financial Processing,Open,"Danville, NM|2025-10-20"
"Edison, KY",2025-10-20,,,,2584645,,3133581,100.0,Assigned,Urgent,Repair,Roof Repair,Brandon Davis,USPS,184.0,90+,Not Started,Open,"Edison, KY|2025-10-20"
"Edison, PA",2025-10-20,,,,2584375,,3133297,700.0,Assigned,Normal,Repair,Concrete,Jessica Martin,USPS,184.0,90+,Not Started,Open,"Edison, PA|2025-10-20"
"Hudson, WI",2025-10-20,,,,na,,na,0.0,Assigned,Urgent,Repair,Utilities,Mike Johnson,USPS,184.0,90+,Not Started,Open,"Hudson, WI|2025-10-20"
"Springfield, NV",2025-10-20,,,,2584274,,3133173,500.0,Assigned,Normal,Repair,Roof Repair,Sarah Williams,USPS,184.0,90+,Not Started,Open,"Springfield, NV|2025-10-20"
"Winchester, OR",2025-10-20,,,,2581709,,3130424,500.0,Assigned,Normal,Repair,Electrical Repairs,Jessica Martin,USPS,184.0,90+,Not Started,Open,"Winchester, OR|2025-10-20"
"Cleveland, ID",2025-10-21,2025-10-21,2025-10-21,,,,,85.0,Payment,Normal,Repair,Plumbing,Jessica Martin,Internal,183.0,90+,Financial Processing,Open,"Cleveland, ID|2025-10-21"
"Columbia, FL",2025-10-21,,,,2585188,,3134134,2500.0,Assigned,Urgent,Repair,Drive Thru,Sarah Williams,USPS,183.0,90+,Not Started,Open,"Columbia, FL|2025-10-21"
"Columbia, MS",2025-10-21,,,,2584930,,3133878,500.0,Assigned,Urgent,Repair,Painting,Brandon Davis,USPS,183.0,90+,Not Started,Open,"Columbia, MS|2025-10-21"
"Columbia, MS",2025-10-21,,,,2584930,,3133879,350.0,Assigned,Urgent,Repair,Ceiling Tiles,Brandon Davis,USPS,183.0,90+,Not Started,Open,"Columbia, MS|2025-10-21"
"Columbia, MS",2025-10-21,,,,2584930,,3133854,250.0,Assigned,Urgent,Repair,Gutters,Brandon Davis,USPS,183.0,90+,Not Started,Open,"Columbia, MS|2025-10-21"
"Danville, IN",2025-10-21,2025-10-26,,,2584917,,3133857,400.0,Contracted,Urgent,Repair,HVAC Repairs,Brandon Davis,USPS,183.0,90+,In Progress,Open,"Danville, IN|2025-10-21"
"Florence, IL",2025-10-21,,,,2585094,,3134120,50000.0,Assigned,Urgent,Repair,HVAC Replacement,Ashley Thompson,USPS,183.0,90+,Not Started,Open,"Florence, IL|2025-10-21"
"Greenville, SD",2025-10-21,2025-10-21,,,,2025-10-23,,0.0,Closed,Normal,Repair,Plumbing,Jessica Martin,Internal,2.0,0-30,Closed,Closed,"Greenville, SD|2025-10-21"
"Milton, MO",2025-10-21,,,,2584873,,3133860,0.0,Contracted,Urgent,Repair,HVAC Repairs,Mike Johnson,USPS,183.0,90+,In Progress,Open,"Milton, MO|2025-10-21"
"Winchester, SC",2025-10-21,2025-08-25,2025-09-10,,,,,150.0,Payment,Normal,Repair,Property Inspection,Kevin Miller,Internal,183.0,90+,Financial Processing,Open,"Winchester, SC|2025-10-21"
"Clinton, VT",2025-10-22,,,,2585554,,3134577,1000.0,Assigned,Normal,Repair,Building Repairs,Sarah Williams,USPS,182.0,90+,Not Started,Open,"Clinton, VT|2025-10-22"
"Clinton, VT",2025-10-22,,,,2585554,,3134576,1250.0,Assigned,Normal,Repair,Ceiling Tiles,Sarah Williams,USPS,182.0,90+,Not Started,Open,"Clinton, VT|2025-10-22"
"Lancaster, UT",2025-10-22,,,,,,,500.0,Assigned,Normal,Repair,Gutters,Jessica Martin,Internal,182.0,90+,Not Started,Open,"Lancaster, UT|2025-10-22"
"Lexington, TX",2025-10-22,,,,2585699,,3134773,1500.0,Assigned,Normal,Repair,Paving (Repair),Sarah Williams,USPS,182.0,90+,Not Started,Open,"Lexington, TX|2025-10-22"
"Madison, RI",2025-10-22,2025-10-22,,,na,,na,500.0,Contracted,Normal,Repair,HVAC PM,Mike Johnson,USPS,182.0,90+,In Progress,Open,"Madison, RI|2025-10-22"
"Oxford, NJ",2025-10-22,,,,na,,na,100.0,Contracted,Normal,Repair,HVAC PM,Mike Johnson,USPS,182.0,90+,In Progress,Open,"Oxford, NJ|2025-10-22"
"Plymouth, SD",2025-10-22,2025-10-22,,,,,,170.0,Contracted,Urgent,Repair,HVAC PM,Ashley Thompson,Internal,182.0,90+,In Progress,Open,"Plymouth, SD|2025-10-22"
"Bloomington, WY",2025-10-23,,,,2586350,,3135476,250.0,Assigned,Urgent,Repair,HVAC Repairs,Sarah Williams,USPS,181.0,90+,Not Started,Open,"Bloomington, WY|2025-10-23"
"Clinton, VT",2025-10-23,,,,,,,2500.0,Assigned,Normal,Repair,Roof Repair,Sarah Williams,Internal,181.0,90+,Not Started,Open,"Clinton, VT|2025-10-23"
"Franklin, DE",2025-10-23,2025-10-23,,,2585928,,3135012,250.0,Contracted,Urgent,Repair,HVAC Repairs,Brandon Davis,USPS,181.0,90+,In Progress,Open,"Franklin, DE|2025-10-23"
"Jackson, VT",2025-10-23,,,,,,,350.0,Assigned,Normal,Repair,Glass,Jessica Martin,Internal,181.0,90+,Not Started,Open,"Jackson, VT|2025-10-23"
"Lexington, TX",2025-10-23,,,,2585698,,3134772,,Assigned,Urgent,Repair,Building Repairs,Ashley Thompson,USPS,181.0,90+,Not Started,Open,"Lexington, TX|2025-10-23"
"Oakland, MI",2025-10-23,,,,,,,500.0,Assigned,Emergency,Repair,HVAC Repairs,Kevin Miller,Internal,181.0,90+,Not Started,Open,"Oakland, MI|2025-10-23"
"Springfield, AK",2025-10-23,,,,2585628,,3134616,300.0,Assigned,Normal,Repair,Electrical Repairs,Jessica Martin,USPS,181.0,90+,Not Started,Open,"Springfield, AK|2025-10-23"
"Albany, WI",2025-10-26,,,,2585654,,3134726,500.0,Assigned,Urgent,Repair,Roof Repair,Kevin Miller,USPS,178.0,90+,Not Started,Open,"Albany, WI|2025-10-26"
"Clinton, CA",2025-10-26,,,,2586228,,3135311,900.0,Assigned,Normal,Repair,Plumbing,Jessica Martin,USPS,178.0,90+,Not Started,Open,"Clinton, CA|2025-10-26"
"Clinton, CA",2025-10-26,,,,2586228,,3135312,500.0,Assigned,Normal,Repair,HVAC Filters,Jessica Martin,USPS,178.0,90+,Not Started,Open,"Clinton, CA|2025-10-26"
"Edison, NH",2025-10-26,,,,2583491,,3132345,500.0,Assigned,Normal,Repair,Electrical Repairs,Jessica Martin,USPS,178.0,90+,Not Started,Open,"Edison, NH|2025-10-26"
"Fremont, OK",2025-10-26,2025-10-26,,,,,,300.0,Contracted,Urgent,Repair,HVAC Repairs,Brandon Davis,Internal,178.0,90+,In Progress,Open,"Fremont, OK|2025-10-26"
"Greenville, IN",2025-10-26,,,,2583597,,3132455,200.0,Assigned,Urgent,Repair,Electrical Repairs,Brandon Davis,USPS,178.0,90+,Not Started,Open,"Greenville, IN|2025-10-26"
"Riverside, NH",2025-10-26,,,,2586249,,3135388,500.0,Assigned,Urgent,Repair,Roof Repair,Kevin Miller,USPS,178.0,90+,Not Started,Open,"Riverside, NH|2025-10-26"
"Springfield, AR",2025-10-26,2025-10-26,,,2578761,,3127302,200.0,Contracted,Urgent,Repair,HVAC Repairs,Ashley Thompson,USPS,178.0,90+,In Progress,Open,"Springfield, AR|2025-10-26"
